path,bytes,sha256,extension,classification,isDocument
.github/workflows/ci.yml,1716,b4f44b947ac858321cad315bcf5945914f52050db858979b5dd79fd1f0ff9e0e,.yml,ACTIVE_REFERENCE,true
.github/workflows/windows-rc2-validation.yml,1393,8933cb4e76e6322ae9f1601facbb1bdc6e7ec1be6c4db9d3e1e9aed64512beb2,.yml,HISTORICAL,true
AGENTS.md,2497,a1815173750f44df9bb1214d2bb8a51d8b93d79ab1f7229e3ca629a47c6597da,.md,ACTIVE_REFERENCE,true
apps/core-service/package.json,670,d4fa2c4327c5713af2d794fee78f07f86b42ef06fc600f303e3b0fddd886f658,.json,ACTIVE_REFERENCE,true
apps/core-service/tsconfig.json,230,de0428bc1bfd4dcc00c2a2f23553012bb3db1f305bdeda9b1716a981ebba2339,.json,ACTIVE_REFERENCE,true
apps/desktop/build/LICENSE_en.rtf,640,16521d68d0adb3aa7c1f020dc9c05f797dcec83c2ea31ea5ebd1a10e52ac0318,.rtf,ACTIVE_REFERENCE,true
apps/desktop/build/LICENSE_TR.rtf,902,a61a8f7b65e3961876ddf916738effc6b803cb0e82e3943229143ded3f2ff24b,.rtf,ACTIVE_REFERENCE,true
apps/desktop/docs/LISANS_TR_KAYNAK.txt,551,f3fa8e2788ae636a3b99e4e919c4c7bf638bcd12f8a9dc0b67d7fc526059ac51,.txt,ACTIVE_REFERENCE,true
apps/desktop/index.html,577,d4f38dee193d5f3136c79987faedb5fa4295e5096075a67ad914192db678a1b1,.html,ACTIVE_REFERENCE,true
apps/desktop/package.json,3879,a6bc8090acb9ccbc06f66fc40a6f145c913797bd4973d7d7d6482eb454ccad94,.json,ACTIVE_REFERENCE,true
apps/desktop/scripts/surum-palet-yakalayici/package.json,140,34a7f1701c2bf8316408b270db8833a26411bcd3c4490b6d2b2c6d288f1a552c,.json,ACTIVE_REFERENCE,true
apps/desktop/tests/fixtures/surum-paletleri/PALET_EKRAN_GORUNTUSU_MANIFESTI.json,22318,eae8eb038f92331ff11591c952a5c800ada0db4cc72c21966188cc337c2cd2ed,.json,TEST_OR_GATE,true
apps/desktop/tsconfig.electron.json,211,ea4781abdb59766e241d1b7aeb6d10732e0f63e7dd99d53fdbdd27821302552c,.json,ACTIVE_REFERENCE,true
apps/desktop/tsconfig.renderer.json,314,133a79ee3768df3c8163157b10f5aa09a02548c523e19a8c0d5716a8c492dd52,.json,ACTIVE_REFERENCE,true
artifacts/checkpoints/33-L_COMPLETION_RECORD.json,2779,d435cacdee739a744644625ef996c0e1c19b1748638ec34f703b811febd194ed,.json,GENERATED,true
artifacts/checkpoints/33-L_LIBRARY_RECEIPT.json,3194,a687e67af8291eb292f5b62fa18380ed113164d9b9848603c43851710fb7ce55,.json,GENERATED,true
artifacts/checkpoints/33-M_COMPLETION_RECORD.json,2586,0c093bf8cc89a32423583c7b3f1f5a89f2805be3d7a4c85a48b6b650a9ebd398,.json,GENERATED,true
artifacts/checkpoints/33-M_LIBRARY_RECEIPT.json,2774,c2205f59dd9e22ce1e83daebc2e7597d7ae3f2caa5f9ff87ffd934414edcfa25,.json,GENERATED,true
artifacts/checkpoints/33-N_COMPLETION_RECORD.json,2539,a60064022b72fd62a9f8bfed874dd95d3f27e01db761b6eaf68c8710e991a31f,.json,GENERATED,true
artifacts/checkpoints/33-N_LIBRARY_RECEIPT.json,2727,5d7d24750b738e4f9812bb168999ce0d94f9ada549af92b1e12964b74c85ed39,.json,GENERATED,true
artifacts/checkpoints/33-O_COMPLETION_RECORD.json,3021,9b84712e2563964a4857e2122b9a1c1d11cb9240baa3527f7110c721bfab4a51,.json,GENERATED,true
artifacts/checkpoints/33-O_LIBRARY_RECEIPT.json,3209,b092325280a98c8c68d8f8831e842e3c52249e1481decf0836abe8626d34e94d,.json,GENERATED,true
artifacts/inventory/BRONZE_CURRENT_COMPLETION_AUDIT.json,190705,2ac25ba18f7eafbb13e8413598f29e9cff390d924042cdcf8cb4824e6db55eb0,.json,GENERATED,true
artifacts/inventory/TESLIMAT_CALISMA_AGACI_ENVANTERI.json,,SELF_GENERATED_AFTER_INVENTORY,.json,GENERATED,true
artifacts/manifests/30-Z_FINAL_VALIDATED_STABLE_SOURCE_MANIFEST.json,263193,b9f553b1f6f0050f3c84e310a18862860ab5293c0eafa8eb17b85ed5a4aec53a,.json,GENERATED,true
artifacts/manifests/32-U-ppk-025-cyclonedx-sbom.json,622644,69de8b685b909d892ddccad0586a3afaa7c61beeade66bed1375271940636d1b,.json,GENERATED,true
artifacts/manifests/32-U-ppk-025-third-party-notices.json,185983,eacffeaa5f0a8f68e74f8c21a1e72af0cf59a498fc80eaa10f3ae7551b411a7a,.json,GENERATED,true
artifacts/manifests/32-U-ppk-025-third-party-notices.txt,92161,45e5cc0c8b1941e738fbfc92c84a5330742b3dc63b1bf4a7629f772e5b9ff4f6,.txt,GENERATED,true
artifacts/manifests/32-V-ppk-026-generated-policy-client.json,604,ede81b54ba501972ddde459c6d5715ed4b7fae2b6c622b183444e41214cd2119,.json,GENERATED,true
artifacts/manifests/AI_CONSENT_VERIFICATION_BUILD73.json,698,a6c4ccb3a974326a093a2d6708452ccc180656840d10d1d83dfb19eecfd35894,.json,HISTORICAL,true
artifacts/manifests/ALL_DOCUMENTS_INDEX.csv,,SELF_GENERATED_AFTER_INVENTORY,.csv,GENERATED,true
artifacts/manifests/ALL_DOCUMENTS_INDEX.json,,SELF_GENERATED_AFTER_INVENTORY,.json,GENERATED,true
artifacts/manifests/ALL_DOCUMENTS_INDEX.md,,SELF_GENERATED_AFTER_INVENTORY,.md,GENERATED,true
artifacts/manifests/ALL_PROJECT_DOCUMENT_FORMAT_AUDIT.json,15706047,3d6243eba2f179674827aed25dc6c04da916dd90b0bce6b3862a13602429056b,.json,GENERATED,true
artifacts/manifests/ARCHIVE_CLASSIFICATION_VERIFICATION_BUILD72.json,746,bc6fafa77a8d63f95702c7303ae810d740fdbab489240de706bb266d85b251ad,.json,HISTORICAL,true
artifacts/manifests/ARCHIVE_OPEN_VERIFICATION_BUILD77.json,322,f89c2d2d82832198b53ff669f86c8411de9b477f2e87ef68645b5bbca435fd22,.json,HISTORICAL,true
artifacts/manifests/ARCHIVE_SEARCH_VERIFICATION_BUILD78.txt,555,db35b9f26dbbfaefe359f4baa66c672bbc86483d9c4d2057305e944d4cf19471,.txt,HISTORICAL,true
artifacts/manifests/ARCHIVE_USE_CASE_VERIFICATION_MVP56.json,1031,383b2467bb76f7de171774fc0aeafe6221874e874968e518fd802cb4afebac49,.json,HISTORICAL,true
artifacts/manifests/AUTH_SESSION_VERIFICATION_MVP50.json,1182,ffe2b356a9f45b6028fba0c880de81a95cd97849ef4967f93b710cf857e812c6,.json,HISTORICAL,true
artifacts/manifests/AUTH_SESSION_VERIFICATION_MVP51.json,1174,b3109f862909a275cbe893511c63102ac9309b745ea6838d174f7919d208a5f9,.json,HISTORICAL,true
artifacts/manifests/AUTH_SESSION_VERIFICATION_MVP52.json,1164,617c6c176c2a642de9b862fd2ce1dad390ab1eb831e011c20a598ef4c6e3d8a8,.json,HISTORICAL,true
artifacts/manifests/AUTH_SESSION_VERIFICATION_MVP53.json,1176,ae9d3046dc8ffe7e1710942d4372e98aec4be64ce00d494a7cfbc0ef5d1ee483,.json,HISTORICAL,true
artifacts/manifests/AUTH_SESSION_VERIFICATION_MVP54.json,1185,016016903d346e392b6551d192b61aabbb94fbee0a6b1fc2d7363459895e228e,.json,HISTORICAL,true
artifacts/manifests/AUTH_SESSION_VERIFICATION_MVP55.json,1185,138284a8c017918856ed41f2bc0a464559a71832e0bb566cb6c6b49e909a7ddc,.json,HISTORICAL,true
artifacts/manifests/AUTH_SESSION_VERIFICATION_MVP56.json,1147,f8c0dd6ffe51ea60868455606a32d7f41c618ef76b909b0f3e641a886446c0a6,.json,HISTORICAL,true
artifacts/manifests/AUTHORIZATION_AUDIT_VERIFICATION_MVP52.json,836,27e7598867035b9b4ed703e9042bef0b77c4a3fab8aa01b4bf5e4e9d5d2bd292,.json,HISTORICAL,true
artifacts/manifests/AUTHORIZATION_AUDIT_VERIFICATION_MVP53.json,836,2d8a35723569cc7de30952f604dbb47545d09894ce6d8415726cd78fef6413da,.json,HISTORICAL,true
artifacts/manifests/AUTHORIZATION_AUDIT_VERIFICATION_MVP54.json,836,2bb44d2e892d452c9b4fa7506c239cc1ca04f489396dabe724a8f129500383c3,.json,HISTORICAL,true
artifacts/manifests/AUTHORIZATION_AUDIT_VERIFICATION_MVP55.json,836,f24e7a5fd385c3e3ad47eaaed37c2afb983a9e252cf08db6f8bc9e8b017521bf,.json,HISTORICAL,true
artifacts/manifests/AUTHORIZATION_AUDIT_VERIFICATION_MVP56.json,1122,b665620f19429f98e843144251ff45ffd0f9b3db1541039e96592b4690c0b290,.json,HISTORICAL,true
artifacts/manifests/BASELINE_MVP40_21.07.2026.40.json,39554,8ad575aa9ee56d6d6541b8075cf709d18a9473159a9edf4bd6280294e94899bc,.json,HISTORICAL,true
artifacts/manifests/BASELINE_MVP43_23.07.2026.43.json,54754,cbc093baf76177547ca175707d7f380d217dc04b242afb33215a14716c368c89,.json,HISTORICAL,true
artifacts/manifests/BASELINE_MVP44_23.07.2026.44.json,58624,80b95f90fb71345332472a8b2fb562234dc2652b51bf254ee310a53f71fbde9f,.json,HISTORICAL,true
artifacts/manifests/BASELINE_MVP46_23.07.2026.46.json,65948,f17c509b01e8945a383fffec1446db7efb8aaca724b5259ed7f8ded25e5e81d8,.json,HISTORICAL,true
artifacts/manifests/BASELINE_MVP47_23.07.2026.47.json,69825,65abd47cbcea3b8aa3ec734e810056d9880e45fcba618023b602e991d9421d45,.json,HISTORICAL,true
artifacts/manifests/BRONZE_DATABASE_GATE_MVP43.txt,297,4d7861f23507d61774d5d687df630428fb5aff035d0a007fb9f76330fe52df29,.txt,HISTORICAL,true
artifacts/manifests/BRONZE_DATABASE_GATE_MVP44.txt,127,78a3de66677a6031a5390475de99475a670b85a384f9cbb1a2c0038795899118,.txt,HISTORICAL,true
artifacts/manifests/BRONZE_DATABASE_GATE_MVP46.txt,153,d317dd48d749b7e07cac4767f56a9585778137fd44f3d500deb5308ba69feff3,.txt,HISTORICAL,true
artifacts/manifests/BRONZE_DATABASE_GATE_MVP47.txt,155,29985640814d882e6ea4d02b462577c88e0cc242aea4771373421627393875ac,.txt,HISTORICAL,true
artifacts/manifests/BRONZE_DATABASE_GATE_MVP48.txt,143,b416e3fecfbcf81c363def7ec58c0aae240bf8e64fef86addeb1bf0804d166a4,.txt,HISTORICAL,true
artifacts/manifests/BRONZE_DATABASE_GATE_MVP49.txt,145,1dece369e0e00bb8702d9a1566ffba2a3c4677183b343343af24c0e3f7250d54,.txt,HISTORICAL,true
artifacts/manifests/BRONZE_RUNTIME_GATE_MVP42.txt,85,11b7556324266c5cba514c806283de3f666715e84adc9fd631a2ae7c23ed22b6,.txt,HISTORICAL,true
artifacts/manifests/build199-sha256s.txt,197107,5bb2abaafbadfa621cc35edbb5d10af4b7ebe6e1e31479f478383be7c135ef3f,.txt,HISTORICAL,true
artifacts/manifests/build199-source-manifest.json,256376,e45125ce8828e88826e6c2523846a7cf51635aa984428abe60e3cb88a4cf76b1,.json,HISTORICAL,true
artifacts/manifests/CHANGESET_MVP41_23.07.2026.41.json,2127,3d4f7c727448006370ea8327a8ecb9fe09fb1edab3d49dc1c3edf7d6556c518e,.json,HISTORICAL,true
artifacts/manifests/CHANGESET_MVP42_23.07.2026.42.json,957,ff8029d9ffb33b839d8a31644424de47ecc195e9193d7ffe685c8de73526b115,.json,HISTORICAL,true
artifacts/manifests/CHANGESET_MVP43_23.07.2026.43.json,2126,cf9a50c153cfd142d4e4f3f5ac3b4bcc4480cc2bbe42e308980a0fd48492ea62,.json,HISTORICAL,true
artifacts/manifests/CHANGESET_MVP44_23.07.2026.44.json,1796,95248dd64de14b60b6ecb3c8fc099f252a0874adaca81ac2201c03303fc0a81c,.json,HISTORICAL,true
artifacts/manifests/CHANGESET_MVP45_23.07.2026.45.json,1057,0ae80fa589feb549e3dc37e6cfd9965549c982ea8ae35a755271d2b6d5fcf7bf,.json,HISTORICAL,true
artifacts/manifests/CHANGESET_MVP46_23.07.2026.46.json,1548,e39a186f20f63002d8686dba2964417bfd6e68e8b18aa830b44e9cbc68b550ff,.json,HISTORICAL,true
artifacts/manifests/CHANGESET_MVP47_23.07.2026.47.json,1118,9826b3bbb62329b1414218d720b76394fb3e0591a674eefaeadfc072cab1c697,.json,HISTORICAL,true
artifacts/manifests/CHANGESET_MVP48_23.07.2026.48.json,1338,e6631e45ef0edd42990428ce949b21f7be3e0d81f906e4c1f44a626f3f905d71,.json,HISTORICAL,true
artifacts/manifests/CHANGESET_MVP49_23.07.2026.49.json,1785,fcc3bae117861f7b024cf60ddeedb54cf0ebd024a084988a52805aaf366126d0,.json,HISTORICAL,true
artifacts/manifests/CHANGESET_MVP50_23.07.2026.50.json,994,35f848240098c66d2ceec56d83f0caeae86961858c429220af2ea7e6bf3f182c,.json,HISTORICAL,true
artifacts/manifests/CHANGESET_MVP51_23.07.2026.51.json,1471,d7e20fba002ddbb90711aebde5bc280ba06d8ca6db0340c675ff3c9970d65e70,.json,HISTORICAL,true
artifacts/manifests/CHANGESET_MVP52_23.07.2026.52.json,1259,a4bc58912e53b5d7a12072ab2d271b535aa5837c022ba8d81591cdba07b9798c,.json,HISTORICAL,true
artifacts/manifests/CHANGESET_MVP53_23.07.2026.53.json,1510,a461b45fa3f7fd3aa6efb25e71536e08ec60d734da285efd2ca1007303c52846,.json,HISTORICAL,true
artifacts/manifests/CHANGESET_MVP54_23.07.2026.54.json,1197,14de920c696e078e14578c9395e35dfc4e711b5d79ef9a7bd819c8f14d49d84d,.json,HISTORICAL,true
artifacts/manifests/CHANGESET_MVP55_24.07.2026.55.json,751,102213a06d062ac03406afcada3b4be2205e0c5195000b9b647b17952cb897ba,.json,HISTORICAL,true
artifacts/manifests/CHANGESET_MVP56_24.07.2026.56.json,730,3c9287024d3e5131a2cd0028059fadfd2893809d5472b24ac5e5a8c98d715906,.json,HISTORICAL,true
artifacts/manifests/DASHBOARD_OVERVIEW_VERIFICATION_MVP49.json,1340,56787ccee9800e8c6e518f01871d85c12640e8196be05b047052a0c4667b5586,.json,HISTORICAL,true
artifacts/manifests/DASHBOARD_OVERVIEW_VERIFICATION_MVP50.json,1353,e2668aa8c0b6c259593f9fa4f033b57acf990ab7a721b57221880ac98925221a,.json,HISTORICAL,true
artifacts/manifests/DASHBOARD_OVERVIEW_VERIFICATION_MVP51.json,1345,9c3f3e67ee18cf3650b4f8f5940c732a18d6ff250a0c4919cf648517ed7d3eb0,.json,HISTORICAL,true
artifacts/manifests/DASHBOARD_OVERVIEW_VERIFICATION_MVP52.json,1335,afff9210e93ddf155d2c35b5352e5dc5b1b6b0fa360bcc775b3156950b03de73,.json,HISTORICAL,true
artifacts/manifests/DASHBOARD_OVERVIEW_VERIFICATION_MVP53.json,1347,1ce6e6e8614d6e0df497be4c116397bdf7f6a736f049055bb5f0ff11629534a2,.json,HISTORICAL,true
artifacts/manifests/DASHBOARD_OVERVIEW_VERIFICATION_MVP54.json,1356,a24fb190642debd76f0d0a2998e9ae898e4588a90564b9908c902222cd14da1b,.json,HISTORICAL,true
artifacts/manifests/DASHBOARD_OVERVIEW_VERIFICATION_MVP55.json,1356,de9ad5fa355748e34b580c569a51c13733e10d94763daa7364fc39e98df16579,.json,HISTORICAL,true
artifacts/manifests/DASHBOARD_OVERVIEW_VERIFICATION_MVP56.json,1335,cb1c8ace215105666dc5aae52ef28cefe8349725286a3ea2ea6f9f34889983d7,.json,HISTORICAL,true
artifacts/manifests/DATA_STORE_SMOKE_MVP41.json,106,23c57898f4abbae26157d789a4fcd686039b6c0ea7a59834bae1f5cf4db04281,.json,HISTORICAL,true
artifacts/manifests/DATA_STORE_SMOKE_MVP42.json,106,23c57898f4abbae26157d789a4fcd686039b6c0ea7a59834bae1f5cf4db04281,.json,HISTORICAL,true
artifacts/manifests/DATA_STORE_SMOKE_MVP43.json,366,cc638906b35928dee0cff91a70157d7beb25ab70238a1e6a29a48a4d8b953c9c,.json,HISTORICAL,true
artifacts/manifests/DATA_STORE_SMOKE_MVP44.json,374,1e8e9c4557a36659650a296542ee99a130840ac003d77073df982787094448b1,.json,HISTORICAL,true
artifacts/manifests/DATA_STORE_SMOKE_MVP45.json,381,0f15920aad48457315f5bcdd7761ad86d5f7890f264dc246331c1e29ed46dfee,.json,HISTORICAL,true
artifacts/manifests/DATA_STORE_SMOKE_MVP46.json,410,7bb12d5bb4b8fa34d46a81a264aff697409943062991bf05db8a9756b9ce6bc5,.json,HISTORICAL,true
artifacts/manifests/DATA_STORE_SMOKE_MVP47.json,402,4c15617a92cb185fc8b6d2ded1c38fab0d2300915f35b02d6d89182ecdfb2994,.json,HISTORICAL,true
artifacts/manifests/DATA_STORE_SMOKE_MVP48.json,386,8f6d655ebd9d1b66e4e526ce3ae7394df143d547f3cab2fe54cba3d8aaa86b6c,.json,HISTORICAL,true
artifacts/manifests/DATA_STORE_SMOKE_MVP49.json,373,48db49a41da00b4912a91be39186084b0ddc4302fbd05a98618382c5cb3acda3,.json,HISTORICAL,true
artifacts/manifests/DATA_STORE_SMOKE_MVP50.json,385,b2e12bac5f5c6afa3650c97ca561393d8d74fc2547ca3bcaf9873d161b722427,.json,HISTORICAL,true
artifacts/manifests/DATA_STORE_SMOKE_MVP51.json,428,04944855fcc058bc768f5057b4be15799bcd8eb7c8c11f3e48fe268227840c78,.json,HISTORICAL,true
artifacts/manifests/DATA_STORE_SMOKE_MVP52.json,425,acb94c6ad88b0d5db05f9304bdb46f76348e2a0feac36dd4130a71d66bb2cef1,.json,HISTORICAL,true
artifacts/manifests/DATA_STORE_SMOKE_MVP53.json,444,7ca57016144fc48ceae03018159db82670df0e50b05069617175a6816cde0711,.json,HISTORICAL,true
artifacts/manifests/DATA_STORE_SMOKE_MVP54.json,460,e5791f0160747897cc15421bae0b76de0e0975ca26af62110b3383c592f430ed,.json,HISTORICAL,true
artifacts/manifests/DATA_STORE_SMOKE_MVP55.json,468,46f4d21874a67cd00f99dbdfd64dc024fc20df3f7aa9fc10cf1a88b57e7446ea,.json,HISTORICAL,true
artifacts/manifests/DATA_STORE_SMOKE_MVP56.json,478,a05b7e462e8eb6714b9c527bf5109647e1569f447969b66eb46b3218cb0bcc2e,.json,HISTORICAL,true
artifacts/manifests/DATA_STORE_SMOKE_MVP59.json,475,71e50cac6a73553f018ca06e89d58f6ede6f116445a5b372d1746e1bf2443b82,.json,HISTORICAL,true
artifacts/manifests/DATA_STORE_SMOKE_MVP60.json,1357,41f83242324b6973babdd3a1aef51c43c9974fb601c738719903d3b67cd56f8c,.json,HISTORICAL,true
artifacts/manifests/DATABASE_MIGRATION_VERIFICATION_MVP43.json,1297,8320f6e87d1707309f8d43480129be585e41500bdc2f36b29f6d55c3bf248294,.json,HISTORICAL,true
artifacts/manifests/DATABASE_MIGRATION_VERIFICATION_MVP44.json,1611,e0cb0893f71140bac97a4d160ea40d31832a1557c6665f823c1264753685e77f,.json,HISTORICAL,true
artifacts/manifests/DATABASE_MIGRATION_VERIFICATION_MVP45.json,1611,e0cb0893f71140bac97a4d160ea40d31832a1557c6665f823c1264753685e77f,.json,HISTORICAL,true
artifacts/manifests/DATABASE_MIGRATION_VERIFICATION_MVP46.json,1640,2cda8d2acd11b394408d8eb0b655cfac1a231fb388408f11ade9a53731ec6934,.json,HISTORICAL,true
artifacts/manifests/DATABASE_MIGRATION_VERIFICATION_MVP47.json,1632,6e308d5ff36626029d6550797379457c8a24d547fb3df811220db5143180132d,.json,HISTORICAL,true
artifacts/manifests/DATABASE_MIGRATION_VERIFICATION_MVP48.json,1659,c4c4af89eb332bc28ca1d9df763ea64749f846d9a15ee6c178cc51c18475a0bc,.json,HISTORICAL,true
artifacts/manifests/DATABASE_MIGRATION_VERIFICATION_MVP49.json,1646,ce4b98b6f56e3e92592fd5b73a2e95e6499945f389faf468fcfa0a621eea7268,.json,HISTORICAL,true
artifacts/manifests/DATABASE_MIGRATION_VERIFICATION_MVP50.json,1659,1482efc93b23bd07fd795d13bec2051eef8419de200cfc4415102ba2cc25527c,.json,HISTORICAL,true
artifacts/manifests/DATABASE_MIGRATION_VERIFICATION_MVP51.json,1802,12751fae69a442557288d045f765047d99ad0fafb7ff455a262da8e4b6f923e1,.json,HISTORICAL,true
artifacts/manifests/DATABASE_MIGRATION_VERIFICATION_MVP52.json,1957,e81757a38a10f09de00c3b0c25589f632e3bfbde8a2ef5c8e5065f9c6273c342,.json,HISTORICAL,true
artifacts/manifests/DATABASE_MIGRATION_VERIFICATION_MVP53.json,2143,00643bf5b2660c1f0ab1e2ccfeca45c5828d067e4691335878675ad8f9ab986d,.json,HISTORICAL,true
artifacts/manifests/DATABASE_MIGRATION_VERIFICATION_MVP54.json,2314,fd0594769952f42eef2670514ddc51649875b566b4359975b110e5a93453a6d5,.json,HISTORICAL,true
artifacts/manifests/DATABASE_MIGRATION_VERIFICATION_MVP55.json,2478,7ae9270fb23c4b529044430ef376ca1ce95b12983a2ca792e1a6f80e442b12d6,.json,HISTORICAL,true
artifacts/manifests/DATABASE_MIGRATION_VERIFICATION_MVP56.json,21659,b3e9609adf86777e980f7249653922af3cda3a1c479403f9bd98f01e397b94b8,.json,HISTORICAL,true
artifacts/manifests/EVENT_DISPATCHER_VERIFICATION_MVP45.json,329,0e33b35273cb4d5ad8239868c7696b363c9c81ae0bdfd9c782ffc6d2f656ba93,.json,HISTORICAL,true
artifacts/manifests/EVENT_DISPATCHER_VERIFICATION_MVP46.json,327,465e3dd94afb738834ace1aa1f79203aa893804eb6f0709dfb2a0efde6e53346,.json,HISTORICAL,true
artifacts/manifests/EVENT_DISPATCHER_VERIFICATION_MVP47.json,319,80a00f0d161a42ed2aaf1eae8227da8a27d283d41c2cdbccb088cb71399c0f1a,.json,HISTORICAL,true
artifacts/manifests/EVENT_DISPATCHER_VERIFICATION_MVP48.json,457,fa22836daa2e08f4a1cb57bc7d38787c5fba9119b8225dd785f92e98a9de0d7c,.json,HISTORICAL,true
artifacts/manifests/EVENT_DISPATCHER_VERIFICATION_MVP49.json,444,64c4374b227b797310ac85c46b1cd317cf7b1962c901a7b8d9d56094804a032e,.json,HISTORICAL,true
artifacts/manifests/EVENT_DISPATCHER_VERIFICATION_MVP50.json,306,0cec96862667cfc10d0a4b80b331cd9ee0bdfa1b714cc476d97e0b0c01fa7c6c,.json,HISTORICAL,true
artifacts/manifests/EVENT_DISPATCHER_VERIFICATION_MVP51.json,338,1e3ac4ebc8ac754754f7f2c17fd25e82a355b5557c49369f12b6d56508f76fe8,.json,HISTORICAL,true
artifacts/manifests/EVENT_DISPATCHER_VERIFICATION_MVP52.json,328,34209e2da7382aee583e3dae35d3f17c9059bbb30d32ac1108595b855ab74913,.json,HISTORICAL,true
artifacts/manifests/EVENT_DISPATCHER_VERIFICATION_MVP53.json,340,8b48e1ca83ca59161b5aa52c6effc19c4acb87d4e1878ee68d757c49554572a7,.json,HISTORICAL,true
artifacts/manifests/EVENT_DISPATCHER_VERIFICATION_MVP54.json,349,0feaad4c96d944380ddd47be81812331e813ae2e808f91904aefd9b537c29783,.json,HISTORICAL,true
artifacts/manifests/EVENT_DISPATCHER_VERIFICATION_MVP55.json,349,f5c1021e04df8856779163c531ba0dc72dccbdcf53bf6b423891b9edb30228af,.json,HISTORICAL,true
artifacts/manifests/EVENT_DISPATCHER_VERIFICATION_MVP56.json,311,2d084d4e1a9c246bea96e0e705397cd8aa9ced6dfcf8e4603033d5e8dfe6d160,.json,HISTORICAL,true
artifacts/manifests/FAMILY_USE_CASE_VERIFICATION_MVP46.json,877,4afd05884d16cb4c1e6ea846bcc5015ac9a6da571ab398c45bbad5ce526ecd24,.json,HISTORICAL,true
artifacts/manifests/FAMILY_USE_CASE_VERIFICATION_MVP47.json,869,3f49a902f3943b58f94e90d6ca0aacb056ecd85bc93e38f97bc2ba184e9637b1,.json,HISTORICAL,true
artifacts/manifests/FAMILY_USE_CASE_VERIFICATION_MVP48.json,292,9720d711471645e9a0a61a8b246f3733ec53d8a880f7ac835fb53d8f625a8d08,.json,HISTORICAL,true
artifacts/manifests/FAMILY_USE_CASE_VERIFICATION_MVP49.json,243,d3e107dd797cdc3d6f81527b5a895e1327fe1455b2da2452798cc178f5f1c5d8,.json,HISTORICAL,true
artifacts/manifests/FAMILY_USE_CASE_VERIFICATION_MVP50.json,287,4b1df7b9cad8ac7274e0fc00479699f17ed33805a64fde91197b29adae127dc0,.json,HISTORICAL,true
artifacts/manifests/FAMILY_USE_CASE_VERIFICATION_MVP51.json,888,fdac03ab33d5faaf248f424326ed669b30c904c022e402a74a8fcdd5438e0be2,.json,HISTORICAL,true
artifacts/manifests/FAMILY_USE_CASE_VERIFICATION_MVP52.json,878,ece4fd91effb1864972f2ab695066e63ce0994a994ae43ff72c0ef81191fdf10,.json,HISTORICAL,true
artifacts/manifests/FAMILY_USE_CASE_VERIFICATION_MVP53.json,890,e711e0d8c05ea7876043b3593a1e958984ae0187d5282fb7e629dcc45f3f93b7,.json,HISTORICAL,true
artifacts/manifests/FAMILY_USE_CASE_VERIFICATION_MVP54.json,899,73aee1ee69add27bb08075589e42f10769b286eb7627825e481bbf1c20ef249b,.json,HISTORICAL,true
artifacts/manifests/FAMILY_USE_CASE_VERIFICATION_MVP55.json,899,d22d593a4535d11e30453e31bd914f767ace1e1141042188ca3dcadf40c47b1f,.json,HISTORICAL,true
artifacts/manifests/FAMILY_USE_CASE_VERIFICATION_MVP56.json,861,0cb5c03fa4dd617390e4ba6ccddee35e4bf0a237945302b26934598d2ddb70dd,.json,HISTORICAL,true
artifacts/manifests/FINANCE_USE_CASE_VERIFICATION_MVP55.json,824,9ee0cbde5ffc38f1f7dabe587716ecc47b2e18e8c288c89b04b36c034147526f,.json,HISTORICAL,true
artifacts/manifests/FINANCE_USE_CASE_VERIFICATION_MVP56.json,894,eb6d7d13b52c26a9d4f4084b512ff3b61fc89ce649dc216eaae6846da9cd358e,.json,HISTORICAL,true
artifacts/manifests/FOUNDATION_VERIFICATION_MVP41.json,476,05a92e471d2fe3e2a9d0abc15de2a545a91a3105b288851c63907cf612453830,.json,HISTORICAL,true
artifacts/manifests/FOUNDATION_VERIFICATION_MVP42.json,476,05a92e471d2fe3e2a9d0abc15de2a545a91a3105b288851c63907cf612453830,.json,HISTORICAL,true
artifacts/manifests/FOUNDATION_VERIFICATION_MVP43.json,476,05a92e471d2fe3e2a9d0abc15de2a545a91a3105b288851c63907cf612453830,.json,HISTORICAL,true
artifacts/manifests/FOUNDATION_VERIFICATION_MVP44.json,476,05a92e471d2fe3e2a9d0abc15de2a545a91a3105b288851c63907cf612453830,.json,HISTORICAL,true
artifacts/manifests/FOUNDATION_VERIFICATION_MVP45.json,476,05a92e471d2fe3e2a9d0abc15de2a545a91a3105b288851c63907cf612453830,.json,HISTORICAL,true
artifacts/manifests/FOUNDATION_VERIFICATION_MVP46.json,476,05a92e471d2fe3e2a9d0abc15de2a545a91a3105b288851c63907cf612453830,.json,HISTORICAL,true
artifacts/manifests/FOUNDATION_VERIFICATION_MVP47.json,476,05a92e471d2fe3e2a9d0abc15de2a545a91a3105b288851c63907cf612453830,.json,HISTORICAL,true
artifacts/manifests/FOUNDATION_VERIFICATION_MVP48.json,617,a7966119a3dfb6bf6557865675f84393665a78c2791fbea0b33961b623d08f87,.json,HISTORICAL,true
artifacts/manifests/FOUNDATION_VERIFICATION_MVP49.json,678,c809e5c26d1fd832b156b0fe4c9af07400986ecc0fe4aeb40fcb5bd1ff8e1fe1,.json,HISTORICAL,true
artifacts/manifests/FOUNDATION_VERIFICATION_MVP50.json,255,8e73760d090ff949c4e5ec30622e47f25d2e0c91fcc62bb7dce5e20468e66b3f,.json,HISTORICAL,true
artifacts/manifests/GENEALOGY_READ_MODEL_VERIFICATION_MVP47.json,608,f258f897cbdf7fe488834c4d69f2bb57c05ed543e0ae8d2684b8d14a5bcef010,.json,HISTORICAL,true
artifacts/manifests/GENEALOGY_READ_MODEL_VERIFICATION_MVP48.json,635,34e2a99576b550ef2eb597161f68e9712b584e3225cf218fe4619246f7a85ef9,.json,HISTORICAL,true
artifacts/manifests/GENEALOGY_READ_MODEL_VERIFICATION_MVP49.json,622,88c8c5e2f8b30e2d13b86bb2ebc886dfe9a5c7ee12f29ac7a451a4053a146036,.json,HISTORICAL,true
artifacts/manifests/GENEALOGY_READ_MODEL_VERIFICATION_MVP50.json,635,b82b75c2c646bd4a4127d494d06853c07fe0ef5af34598e1958fae954cdbd442,.json,HISTORICAL,true
artifacts/manifests/GENEALOGY_READ_MODEL_VERIFICATION_MVP51.json,627,50c3a382f82c04ba9cdb6c1d417983e5044886c05aa82a2983ed5830bde00598,.json,HISTORICAL,true
artifacts/manifests/GENEALOGY_READ_MODEL_VERIFICATION_MVP52.json,617,e5bba2db0c555ec92e5bb5de76489b05d46eb5c84eba7ae3f1fa5698ce0f4c8c,.json,HISTORICAL,true
artifacts/manifests/GENEALOGY_READ_MODEL_VERIFICATION_MVP53.json,629,b133fb690283be43192037bf89957f375bf029fb8a9dd4fdf9357d6b0621044b,.json,HISTORICAL,true
artifacts/manifests/GENEALOGY_READ_MODEL_VERIFICATION_MVP54.json,638,c99665eba8bc810c28e1e469e6e6940fe0e0ac5b61252bb02d936a35d191fa76,.json,HISTORICAL,true
artifacts/manifests/GENEALOGY_READ_MODEL_VERIFICATION_MVP55.json,638,9ddb687e72bb9ea62e0f287171c575c84ab70d545d95f1054ea3c75318ffaffa,.json,HISTORICAL,true
artifacts/manifests/GENEALOGY_READ_MODEL_VERIFICATION_MVP56.json,613,968ef9557ffdab6d1bc88d72a5f8c1a84185102d69c7fa6d7bd4f301cd9c9192,.json,HISTORICAL,true
artifacts/manifests/HEALTH_USE_CASE_VERIFICATION_MVP54.json,1239,352e00d0aa2f91893834f691906421348433495698acc984da4ee25865237e6d,.json,HISTORICAL,true
artifacts/manifests/HEALTH_USE_CASE_VERIFICATION_MVP55.json,1239,a0de071b61d6116dc42f450b79bfde43db2734b568a0a42301b594da14f1110f,.json,HISTORICAL,true
artifacts/manifests/HEALTH_USE_CASE_VERIFICATION_MVP56.json,1201,8a98b4d0a64aac4212a0969694995c6d54af5c509b79e2b3caf691933c610437,.json,HISTORICAL,true
artifacts/manifests/LEGACY_USE_CASE_VERIFICATION_MVP57.json,807,98083096f86c4e9bf3f809c504d7baffd7e62b18e4bc18690e205de2d0ea29a9,.json,HISTORICAL,true
artifacts/manifests/LIFE_USE_CASE_VERIFICATION_MVP56.json,1777,1fc99a9634fa0efcfb32674e968e1df107d2573cf9a20d83516f1d543d90b800,.json,HISTORICAL,true
artifacts/manifests/MEMBERSHIP_COLLABORATION_VERIFICATION_MVP53.json,1517,e3d7a31a1a57ff48ed75b08b16cd97e04b48977918adb18966940570ef994e6f,.json,HISTORICAL,true
artifacts/manifests/MEMBERSHIP_COLLABORATION_VERIFICATION_MVP54.json,1526,9e8acf0c37a29d8fc8ccbed4c8fb563e3b00741ce0b9b31ff98daaf7f22ec4fd,.json,HISTORICAL,true
artifacts/manifests/MEMBERSHIP_COLLABORATION_VERIFICATION_MVP55.json,1526,eb0afd7d2f5f856977cec90e749429788f96f250693cf59cf405f69c4f1fc46d,.json,HISTORICAL,true
artifacts/manifests/MEMBERSHIP_COLLABORATION_VERIFICATION_MVP56.json,1578,98c9b2c8dad27617200cc09270a11dcf7c7c8314887adae284a1b3fb95a62091,.json,HISTORICAL,true
artifacts/manifests/MFA_TRUSTED_DEVICE_VERIFICATION_MVP51.json,1268,2eb899636a71b65d110c75bc76ceb76838d9ac099e77c2e4f14393a5bcc1c4a9,.json,HISTORICAL,true
artifacts/manifests/MFA_TRUSTED_DEVICE_VERIFICATION_MVP52.json,1258,de9364f54611ef60687d828d1e606f7b92aa6fdecc14a963be4818090de624ae,.json,HISTORICAL,true
artifacts/manifests/MFA_TRUSTED_DEVICE_VERIFICATION_MVP53.json,1270,44d7c46be02baa154a768da2785d9ab3124057ed9b87ad65c90029a65b7185fc,.json,HISTORICAL,true
artifacts/manifests/MFA_TRUSTED_DEVICE_VERIFICATION_MVP54.json,1279,bd47bfe8ed5b2209896bbc48de891497cdc08281c36542bd0ac1540543c71ac9,.json,HISTORICAL,true
artifacts/manifests/MFA_TRUSTED_DEVICE_VERIFICATION_MVP55.json,1279,aa185ba4f239f614e3445cc89e6c6e73ca6039fa49af452e18b241e9b0a9f9e8,.json,HISTORICAL,true
artifacts/manifests/MFA_TRUSTED_DEVICE_VERIFICATION_MVP56.json,1241,053900478bf9417689377afe8f2d82cb5460dd052dad0c01fcefcdfaaabd0f46,.json,HISTORICAL,true
artifacts/manifests/MONTHLY_SOURCE_INVENTORY.json,403177,96735f7df30ccd7345147b77fddedaaa6721d4d737ffb03e6920075148c4f2fb,.json,GENERATED,true
artifacts/manifests/PACKAGE_MANIFEST_MVP52.json,82034,d2992f84d1e4af88ab82cf4e8de63175a1f0bfd6c891dff920fcf3e2c274aa33,.json,HISTORICAL,true
artifacts/manifests/PACKAGE_MANIFEST_MVP56.json,103978,210113228d712bfe1b4b77ff0cddc3cfd3e35272732183077abf9ab66e3fb299,.json,HISTORICAL,true
artifacts/manifests/PACKAGE_SHA256_MVP55.txt,59400,347548f7f2ea74eda16c398c573848aed373a4eb75d68f2e591678687c97b9c5,.txt,HISTORICAL,true
artifacts/manifests/PACKAGE_VERIFICATION_MVP53.json,736,6ff5e85f5bed55f84b377a83406251d434b9f23d4eb467d282671eb6d1f10c17,.json,HISTORICAL,true
artifacts/manifests/PACKAGE_VERIFICATION_MVP54.json,745,7489a1451af162a6b034d9e43eb7f2d9ebe29806d1d88b11f69f4b38de39815f,.json,HISTORICAL,true
artifacts/manifests/PACKAGE_VERIFICATION_MVP56.json,371,325ca71f2fa7ea54622dfd3f9ea494caae717336190c4bca4580faaa84507e80,.json,HISTORICAL,true
artifacts/manifests/PROJECT_ARTIFACT_INDEX.csv,,SELF_GENERATED_AFTER_INVENTORY,.csv,GENERATED,true
artifacts/manifests/PROJECT_ARTIFACT_INDEX.json,,SELF_GENERATED_AFTER_INVENTORY,.json,GENERATED,true
artifacts/manifests/PROJECT_ARTIFACT_INDEX.md,,SELF_GENERATED_AFTER_INVENTORY,.md,GENERATED,true
artifacts/manifests/REPORT_SUMMARY_VERIFICATION_BUILD74.txt,601,8357b8c442eaa3df71a46b7f5e9bb8fb6a9f64921436bfa187cba627548c4db9,.txt,HISTORICAL,true
artifacts/manifests/REPOSITORY_OUTBOX_VERIFICATION_MVP44.json,97,7e8ce9b00e818e311b44ad9c87bc745928ababa31f73c8da4685bf3f6598626d,.json,HISTORICAL,true
artifacts/manifests/REPOSITORY_OUTBOX_VERIFICATION_MVP45.json,97,87dab968fdf9c0865bad2d4e5525924e477b8aebfc4c6e4e4d774fbb1c862ae5,.json,HISTORICAL,true
artifacts/manifests/REPOSITORY_OUTBOX_VERIFICATION_MVP46.json,126,43a085641050a8d70150bc213cc68f1d1e9a46e2cf6d6171474f11b71431a3a0,.json,HISTORICAL,true
artifacts/manifests/REPOSITORY_OUTBOX_VERIFICATION_MVP47.json,118,60aba1cdb41b3afcbb1052a7c2673c131d3dd4c8327cb32686bc9be8899f66fe,.json,HISTORICAL,true
artifacts/manifests/REPOSITORY_OUTBOX_VERIFICATION_MVP48.json,325,81f69f1312197eb2c8ba046a5e484e6219f7d8c4f151c899b2d25200b402fbd3,.json,HISTORICAL,true
artifacts/manifests/REPOSITORY_OUTBOX_VERIFICATION_MVP49.json,243,af49ed0d27c398528da8214bb029cdd4a203fcebc425da09d3e18f716109fb9f,.json,HISTORICAL,true
artifacts/manifests/REPOSITORY_OUTBOX_VERIFICATION_MVP50.json,289,5428cac3014ccb8a4806a1141f3561d656fc2be731577c1d8fbcfbe6e7304a02,.json,HISTORICAL,true
artifacts/manifests/REPOSITORY_OUTBOX_VERIFICATION_MVP51.json,137,7ebe1b591c65eb79cd90d8d4a3f09cfe93d8e0c3649b50f991aecd9e5571666d,.json,HISTORICAL,true
artifacts/manifests/REPOSITORY_OUTBOX_VERIFICATION_MVP52.json,127,4e3b33208ba091d12fccbd2f56c19c7b4fb747bdd0c7e1e7f85a2d282a762f9f,.json,HISTORICAL,true
artifacts/manifests/REPOSITORY_OUTBOX_VERIFICATION_MVP53.json,139,ee8e47bc2aa88c8d63461c4e570bcc6ada4ba0b6962cfedc95feb1d97a2b2517,.json,HISTORICAL,true
artifacts/manifests/REPOSITORY_OUTBOX_VERIFICATION_MVP54.json,148,1036241a4fb4ac52326bdb44d0eb685489907102c6c63792560e38ef2aa3cb98,.json,HISTORICAL,true
artifacts/manifests/REPOSITORY_OUTBOX_VERIFICATION_MVP55.json,148,6146ce52802312f69a9106900c2bc87ae1ff57e60fc2dd057923d0aeb9618b57,.json,HISTORICAL,true
artifacts/manifests/REPOSITORY_OUTBOX_VERIFICATION_MVP56.json,116,54213210fb0d91095c072067d3c2a24d4b7091c8f7d89e070612005bde2a0e89,.json,HISTORICAL,true
artifacts/manifests/RUNTIME_FOUNDATION_VERIFICATION_MVP42.json,368,88848493bc7db60f99329e2a2eff5046fb470acb5fb0dac53278923ac90514cf,.json,HISTORICAL,true
artifacts/manifests/RUNTIME_FOUNDATION_VERIFICATION_MVP43.json,368,88848493bc7db60f99329e2a2eff5046fb470acb5fb0dac53278923ac90514cf,.json,HISTORICAL,true
artifacts/manifests/RUNTIME_FOUNDATION_VERIFICATION_MVP44.json,368,88848493bc7db60f99329e2a2eff5046fb470acb5fb0dac53278923ac90514cf,.json,HISTORICAL,true
artifacts/manifests/RUNTIME_FOUNDATION_VERIFICATION_MVP45.json,368,88848493bc7db60f99329e2a2eff5046fb470acb5fb0dac53278923ac90514cf,.json,HISTORICAL,true
artifacts/manifests/RUNTIME_FOUNDATION_VERIFICATION_MVP46.json,368,88848493bc7db60f99329e2a2eff5046fb470acb5fb0dac53278923ac90514cf,.json,HISTORICAL,true
artifacts/manifests/RUNTIME_FOUNDATION_VERIFICATION_MVP47.json,368,88848493bc7db60f99329e2a2eff5046fb470acb5fb0dac53278923ac90514cf,.json,HISTORICAL,true
artifacts/manifests/RUNTIME_FOUNDATION_VERIFICATION_MVP48.json,509,7d08b0bfffea036c62e083f190a2c8ba6f47249196ead8051a3610f03fadd977,.json,HISTORICAL,true
artifacts/manifests/RUNTIME_FOUNDATION_VERIFICATION_MVP49.json,570,e92d419ebcea42ae0c33cefd7eb811da76faed17b7a55088c5f5015f5642d07d,.json,HISTORICAL,true
artifacts/manifests/RUNTIME_FOUNDATION_VERIFICATION_MVP50.json,254,bdadf7a85a31f225d075b4847edfdc55ad038d72d3fac2b893c211dd9ce67034,.json,HISTORICAL,true
artifacts/manifests/SOURCE_INVENTORY_MVP41_23.07.2026.41.json,45928,cc6fe2fc97353d0815f49df25c0150f66ebd724e13e9ddb2323b3b75b69ad896,.json,HISTORICAL,true
artifacts/manifests/SOURCE_INVENTORY_MVP42_23.07.2026.42.json,48408,9257116b313f968325a1393b36e5fbd4ad438e414636d5e0f3a6246609087f75,.json,HISTORICAL,true
artifacts/manifests/SOURCE_INVENTORY_MVP43_23.07.2026.43.json,54746,dae6ee4d986242e452f7ba2d094175b9baf7bccdd27603ed4e5427aa51cf53db,.json,HISTORICAL,true
artifacts/manifests/SOURCE_INVENTORY_MVP44_23.07.2026.44.json,58624,80b95f90fb71345332472a8b2fb562234dc2652b51bf254ee310a53f71fbde9f,.json,HISTORICAL,true
artifacts/manifests/SOURCE_INVENTORY_MVP48_23.07.2026.48.json,74080,9d8a3a48d4b5e598b20e14676e6a0cf0ad28d1d6ee37bc34c60ad68d923976b4,.json,HISTORICAL,true
artifacts/manifests/SOURCE_INVENTORY_MVP49.json,78593,625dd03b04caad6211f39f2011924cfb6893160727a3073373a4dac98c74874a,.json,HISTORICAL,true
artifacts/manifests/SOURCE_INVENTORY_MVP50.json,25113,33d7f3d65940b3ac3ac2ec901fa4caadc8331f71524a0d7eb6ad68f75cb76b3e,.json,HISTORICAL,true
artifacts/manifests/SOURCE_INVENTORY_MVP51.json,27520,aacc85e038fd7c73bfeb593248863265b40c80879a702fe63cec000b908a5f16,.json,HISTORICAL,true
artifacts/manifests/SOURCE_INVENTORY_MVP52.json,28797,7b1e42e076426c11b0a6c130c30e5b9358cc737df7e196dcf95807c59d73c31c,.json,HISTORICAL,true
artifacts/manifests/SOURCE_INVENTORY_MVP53.json,97402,6ab708921a739f10cf9787886b617832240c29b7f084c1a3528079d9f36a43b1,.json,HISTORICAL,true
artifacts/manifests/SOURCE_INVENTORY_MVP54.json,102269,841790f9b0eedc1d77e57aef82625c77b1e4b96d02d69fc8a0630b31006a5aa0,.json,HISTORICAL,true
artifacts/manifests/SOURCE_INVENTORY_MVP55.json,98780,b66c7c4575cd05b1a5673bf81847d787994c081efe0be6bd7393161f18bb31bc,.json,HISTORICAL,true
artifacts/manifests/SOURCE_INVENTORY_MVP56.txt,24481,75758190cfa0e2697f763109f2427106b78decc0177779f7f3e50a5aad2de884,.txt,HISTORICAL,true
artifacts/manifests/SOURCE_INVENTORY_MVP57.json,29206,733dad1127702fc37709a54572e43b6de5cbbad5cfd5264555e87d6d14ca2fbd,.json,HISTORICAL,true
artifacts/manifests/TIMELINE_USE_CASE_VERIFICATION_MVP48.json,1491,4c3aa1bae31f9bf54983442a2f7b869dc06dbfd16363ae6805e4fac732b42332,.json,HISTORICAL,true
artifacts/manifests/TIMELINE_USE_CASE_VERIFICATION_MVP49.json,1478,3cddb2198a31b556a7b92960efd844af1e4074eb357d77d795a3dd761f9db91f,.json,HISTORICAL,true
artifacts/manifests/TIMELINE_USE_CASE_VERIFICATION_MVP50.json,1491,e478157671b1ce41525abd7deb9cdf313bfe64248c3aff9b74897be730be55aa,.json,HISTORICAL,true
artifacts/manifests/TIMELINE_USE_CASE_VERIFICATION_MVP51.json,1483,2483d533e5e70a8e9a4a6a0f34d7e15d4bf704ca0c336ce57e7ce9cabdb98415,.json,HISTORICAL,true
artifacts/manifests/TIMELINE_USE_CASE_VERIFICATION_MVP52.json,1473,8e8b8ef2cb37f55fa29f1726ff991f3a77dea2536f9ae7dadf7278c8f0952317,.json,HISTORICAL,true
artifacts/manifests/TIMELINE_USE_CASE_VERIFICATION_MVP53.json,1485,8abe9af6e72fc6c04f0b6aff8102daa57c2237b6674c1584d6f6d8cafbc889f4,.json,HISTORICAL,true
artifacts/manifests/TIMELINE_USE_CASE_VERIFICATION_MVP54.json,1494,f2c39ae343d3208c0468136397a9c389e04a735ffcfd8f05d0bbc2f5502377af,.json,HISTORICAL,true
artifacts/manifests/TIMELINE_USE_CASE_VERIFICATION_MVP55.json,1494,105791a7415221dc3abe4eddd59ea8c72488457512fc34ca68cd7a16ad679d25,.json,HISTORICAL,true
artifacts/manifests/TIMELINE_USE_CASE_VERIFICATION_MVP56.json,1641,d5f8a5122b3391a02c25c85f6619bb366d0bc32bb868be0bc0d20360d515b601,.json,HISTORICAL,true
artifacts/manifests/TRANSACTIONAL_ATOMICITY_VERIFICATION_MVP44.json,146,3ad5621229618f956dd21f65524d5b8c85c3fe3d09ad23226bb4868257490150,.json,HISTORICAL,true
artifacts/manifests/TRANSACTIONAL_ATOMICITY_VERIFICATION_MVP45.json,146,dd43c2d5791071a3f82738b1c0b1c6a482bfe8e04c5e6c167336b3488801fd6b,.json,HISTORICAL,true
artifacts/manifests/TRANSACTIONAL_ATOMICITY_VERIFICATION_MVP46.json,175,a26d356986244d3c2de4f63d5b33a2785e5251334f6bef2a6cf67bc315cffcd6,.json,HISTORICAL,true
artifacts/manifests/TRANSACTIONAL_ATOMICITY_VERIFICATION_MVP47.json,167,0f1910b070b416804a1c6af29b53d25d749f782a15073904f95159db4de049df,.json,HISTORICAL,true
artifacts/manifests/TRANSACTIONAL_ATOMICITY_VERIFICATION_MVP48.json,305,c8ded001fc2231c66358a0183d76b84e7a219760b3de5062b33b7009e6f18b05,.json,HISTORICAL,true
artifacts/manifests/TRANSACTIONAL_ATOMICITY_VERIFICATION_MVP49.json,292,463defd7af24442e11d16798fba67f3f357b3fc4485a5ae4e1b30c82cb86b9a6,.json,HISTORICAL,true
artifacts/manifests/TRANSACTIONAL_ATOMICITY_VERIFICATION_MVP50.json,304,52129bd28095e6ca2a6e5b911519cacfa9bbda74fd2bd8869a9ddaf03af32e58,.json,HISTORICAL,true
artifacts/manifests/TRANSACTIONAL_ATOMICITY_VERIFICATION_MVP51.json,186,9c95ebcc39df094d9d208e6fb69ee094e61b6b71ac04a6bb433de0daa911dd77,.json,HISTORICAL,true
artifacts/manifests/TRANSACTIONAL_ATOMICITY_VERIFICATION_MVP52.json,176,6b37abe7c48d41afa445511d0e2a41a8d4cc19abe1f22234810665370e6ab3d3,.json,HISTORICAL,true
artifacts/manifests/TRANSACTIONAL_ATOMICITY_VERIFICATION_MVP53.json,188,cd29342b09ce42a78264c9db43ab261202bdc85296f5c1422dec2249dc2bf476,.json,HISTORICAL,true
artifacts/manifests/TRANSACTIONAL_ATOMICITY_VERIFICATION_MVP54.json,197,8e02d51f0150247229d5a09f0cdeae2556c7514b9e77e4f9496678549c62fc15,.json,HISTORICAL,true
artifacts/manifests/TRANSACTIONAL_ATOMICITY_VERIFICATION_MVP55.json,197,9c6796adac9f7084125818a47fa69351a755e77b7888c3cacec7210b26ec175d,.json,HISTORICAL,true
artifacts/manifests/TRANSACTIONAL_ATOMICITY_VERIFICATION_MVP56.json,199,a672d1279a1dbfaa7ede17c6ba6042617307550b2ae3c53f5312c85529bcfdf3,.json,HISTORICAL,true
artifacts/manifests/VALIDATION_REPORT_MVP41.json,2445,a84fa84d454cf027b4e1a502d93c2564649766a9ef35d3fcb7a025f2289a35bc,.json,HISTORICAL,true
artifacts/manifests/VALIDATION_REPORT_MVP42.json,1286,79d8b50a0bcac0d4e990088052f0dc64a0c3323099c01089682fc253e7fa377c,.json,HISTORICAL,true
artifacts/manifests/VALIDATION_REPORT_MVP43.json,2007,7ae88404a1ea33f126b68d478ceb914fc2de5914ed4c9e93c4ded255ceb98a0c,.json,HISTORICAL,true
artifacts/manifests/VALIDATION_REPORT_MVP44.json,2367,78dc525e119d8f8078945e1f39213b15a6e30ed10f5e7051430a386b9e36610d,.json,HISTORICAL,true
artifacts/manifests/VALIDATION_REPORT_MVP45.json,1099,a0ae9fd81972f47501db775c75659c17643bb0331093c8a7289106215cdc9189,.json,HISTORICAL,true
artifacts/manifests/VALIDATION_REPORT_MVP46.json,2015,e0e1a5b37d48e7707b02dfff559850fa75829cac3337dc27f2bbb1bef4cce278,.json,HISTORICAL,true
artifacts/manifests/VALIDATION_REPORT_MVP47.json,2152,d234bd343f22b4ac6eb71f82311c161da045d45140d7072211abf2e7b9ed93b8,.json,HISTORICAL,true
artifacts/manifests/VALIDATION_REPORT_MVP48.json,2604,8880952c656261c184b48525d7e076f2782f064bfb50dcfdec2de714ccd1d944,.json,HISTORICAL,true
artifacts/manifests/VALIDATION_REPORT_MVP49.json,3265,86542966ec52306ee0afd74a24d9b1c0bb292174fe81b4c29db75bfa785eb798,.json,HISTORICAL,true
artifacts/manifests/VALIDATION_REPORT_MVP50.json,1075,e95a381ebb8bc90985ea1cb4bb95b860900bd402f9e032547f4694ed75baebf6,.json,HISTORICAL,true
artifacts/manifests/VALIDATION_REPORT_MVP51.json,1543,4af17f2548193c69b4b50861e9ed07140ab70218dfee22fda453cb616df9d8bf,.json,HISTORICAL,true
artifacts/manifests/VALIDATION_REPORT_MVP52.json,1644,85fc1084f48a97d7472d2f02b5abd72a4852dbf2c681c43adac4a90c3474a4a5,.json,HISTORICAL,true
artifacts/manifests/VALIDATION_REPORT_MVP53.json,2606,43ac6e98223c3220d8a3b9aec3b4bef823e5a88eed6a9350938bb8a28c1d170a,.json,HISTORICAL,true
artifacts/manifests/VALIDATION_REPORT_MVP54.json,2415,f134c455b02c2bded8f2b8fce0ec8611df32f24419d0ca0103da7e9c1e9e02bf,.json,HISTORICAL,true
artifacts/manifests/VALIDATION_REPORT_MVP55.json,630,a2561205a23ae42af42b6e95a8c4591176a4359932df9b36d7f39213727ff01f,.json,HISTORICAL,true
artifacts/manifests/VALIDATION_REPORT_MVP56.json,1392,4976e9ac2add45caadceb7268ae611543ca5060927fbde538700fb91ea0f99fa,.json,HISTORICAL,true
artifacts/manifests/VALIDATION_REPORT_MVP57.json,428,1f53f856e1a65d966fdb2d89757d4bd96f9682458b24ce1b97054d9b9a3facb4,.json,HISTORICAL,true
artifacts/manifests/VERSION_GATE_MVP46.txt,68,5e270c16586410521f6db0713a20f7d84329c6bfcae1a481934231933ffabd3d,.txt,HISTORICAL,true
artifacts/manifests/VERSION_GATE_MVP47.txt,68,1c6cfcbefa2403ed6534fc17693bf05fd4521501e02c7443b221123fed20c1f3,.txt,HISTORICAL,true
artifacts/manifests/VERSION_GATE_MVP48.txt,68,37237d22c3ec5af26af0aa684bc94d01469ff5c491290681b44b9aa8d66ec940,.txt,HISTORICAL,true
artifacts/manifests/VERSION_GATE_MVP49.txt,68,b028b979dbf706287fab806ff3a95cbfe990274c4950b06421a4a3246fbf6695,.txt,HISTORICAL,true
artifacts/manifests/VERSION_LEDGER.json,80695,05bc98c6037d80efd785338d2464e4cc8bcb7437e6ca1227dea6931a111c5a4f,.json,GENERATED,true
artifacts/manifests/VERSION_SEQUENCE_MVP43.txt,220,2a4797c747b6a8ee9f9bae31431a3b1c15c5a18fe126c405c4b57955be3a608d,.txt,HISTORICAL,true
artifacts/manifests/VERSION_SEQUENCE_MVP44.txt,68,e005c92a7ebbbc42d9c8fae5212e8fc4453bcc8040778e85972728e3a198de3e,.txt,HISTORICAL,true
artifacts/validation/31-U-W-ppk-002-remaining-boundaries-contract.json,3321,9b63390dde3226539fd042f234b62cc20bd4d2b7aa4e1d2cfd29ae3ce4c85af1,.json,EVIDENCE,true
artifacts/validation/31-U-W-ppk-002-remaining-boundaries-runtime.json,6565,64f67d83c60488f6a2513cfb0df6e93ac7441f6bb4e8cea07288c21f1380d1eb,.json,EVIDENCE,true
artifacts/validation/31-X-ppk-002-top-closure-contract.json,3652,226bbb6d3c6e2780daff1c194e4bd310089538062a0fe97639377cc0e604ef51,.json,EVIDENCE,true
artifacts/validation/31-X-ppk-002-top-closure-runtime.json,1934,2b209ca12e0497306672990fdb5091ec6ee000bf2f8ef516f5b04fe3559540a5,.json,EVIDENCE,true
artifacts/validation/31-Y-ppk-003-default-deny-availability-contract.json,2770,e524fd21f922c2fa5e49abcf72ac9a2a05b5edb425ecec2b9ec3c099ca4764e8,.json,EVIDENCE,true
artifacts/validation/31-Y-ppk-003-default-deny-availability-runtime.json,4104,5b64f51a5f5cf64f14e7579ab1c5bbd528dd74be7053d2bc01e92fb9e39b45dd,.json,EVIDENCE,true
artifacts/validation/31-Z-ppk-004-complete-policy-context-binding-contract.json,3695,28d1e44f1e9d38b6cb1bfd6bf05e0acb7b9fbdcfc4a41efec571452169b498d9,.json,EVIDENCE,true
artifacts/validation/31-Z-ppk-004-complete-policy-context-binding-runtime.json,6927,44e9f6037bdc98bcdb72ec3565f960441773443053853536008c60ad943eddb5,.json,EVIDENCE,true
artifacts/validation/32-A-ppk-005-complete-data-classification-contract.json,3847,934bb2272fa1ad6926dab99e5939d4a02396a0cdc138444ed246c1cbb37d24bf,.json,EVIDENCE,true
artifacts/validation/32-A-ppk-005-complete-data-classification-runtime.json,7287,8ef0091b3b6a46defef783d18d316bf7dddc16aa779f7053b47cb57c6a759809,.json,EVIDENCE,true
artifacts/validation/32-B-ppk-006-complete-policy-obligation-suite-contract.json,3918,109e2592d93ee8dfae982c766131e9ed4f0da1a993500e36701ed20b91dafb6b,.json,EVIDENCE,true
artifacts/validation/32-B-ppk-006-complete-policy-obligation-suite-runtime.json,7206,dc3379ebb2fffe5fd43c5ac18a7ff46ec1fc7830058b0423b3b237deeef8c35b,.json,EVIDENCE,true
artifacts/validation/32-C-ppk-007-signed-versioned-policy-package-contract.json,3837,779d9397c566828132fe13a97b38a6931398cfbf2418b86cbb41a005a8cb7fd1,.json,EVIDENCE,true
artifacts/validation/32-C-ppk-007-signed-versioned-policy-package-runtime.json,7564,f59d1558a2cbfacd44e0ed2cae6ae8baba7caf5c2087003e1ece84e502c2b441,.json,EVIDENCE,true
artifacts/validation/32-D-ppk-008-application-identity-device-certificate-manifest-contract.json,4139,7fe8d45a8af03bb6da603816a128d6024cceffb6c8c5283ead09e0ecb36e5cbe,.json,EVIDENCE,true
artifacts/validation/32-D-ppk-008-application-identity-device-certificate-manifest-runtime.json,8041,2eb8e3ff301fc74952406f899a6b9762723028bff04ecec2f36edc3725c491fe,.json,EVIDENCE,true
artifacts/validation/32-E-ppk-009-core-service-policy-reevaluation-contract.json,3749,d3e23f50e924feef93658c388c16e1b50eca60476d2e56d3cd3e796f56b74cfe,.json,EVIDENCE,true
artifacts/validation/32-E-ppk-009-core-service-policy-reevaluation-runtime.json,7925,e697665acc5408e8c58f53a6db665a60ed4bc6ae0643f458e57d6ee0731e484c,.json,EVIDENCE,true
artifacts/validation/32-F-ppk-010-central-policy-zero-exception-contract.json,4058,8de7e7580582c5cd8dcd4907916af3d2fab80f0c5a9b889486a540178ad0d879,.json,EVIDENCE,true
artifacts/validation/32-F-ppk-010-central-policy-zero-exception-runtime.json,8357,53f8ee40c1d6779f21c721166a3161fbfc1adccdc42a078c110491e9cfd23796,.json,EVIDENCE,true
artifacts/validation/32-G-ppk-011-contextual-ownership-policy-contract.json,3942,424bd48d28e291f355f07042aa44f787040231601e0b268c3b4e989f43ba0a7e,.json,EVIDENCE,true
artifacts/validation/32-G-ppk-011-contextual-ownership-policy-runtime.json,7664,0fbd8b4901546c2b8874b606a078493c50bd86a8cfbd720d17f3a75d4d9531f0,.json,EVIDENCE,true
artifacts/validation/32-H-ppk-012-offline-capability-lease-contract.json,3940,c155574b85cc3ffc243832f73afbe7f3e8e95a4c1910ca65f3679e72dcd62c8a,.json,EVIDENCE,true
artifacts/validation/32-H-ppk-012-offline-capability-lease-runtime.json,7369,47dfdb8d8b5f3e35da8e89acf2ed1479c0744962ddc2d57233f4df70b64220f9,.json,EVIDENCE,true
artifacts/validation/32-I-ppk-013-client-data-access-contract.json,4884,2573165ac7619cd258606ee65c999b4a0e33936c336f0a32b00e025006c765d5,.json,EVIDENCE,true
artifacts/validation/32-I-ppk-013-client-data-access-runtime.json,8696,bc89ff55ac54c448c1e7bf956ac8287aedae716f5a84532f686a5d0248466e33,.json,EVIDENCE,true
artifacts/validation/32-J-ppk-014-versioned-core-service-api-contract.json,6088,5ffe61c3224621a6cb6d15ee13f2439e3c93e228fb7012531da79321a9c11493,.json,EVIDENCE,true
artifacts/validation/32-J-ppk-014-versioned-core-service-api-runtime.json,10284,fcbbe501b17f47168a21d792e38355addfc7212e7527ce109dd73022cbd16667,.json,EVIDENCE,true
artifacts/validation/32-K-ppk-015-network-egress-contract.json,6450,5017eb53fac9357b6ebdb01eedeee299ea3ee5e2b4cf656c17b0e52de126afaa,.json,EVIDENCE,true
artifacts/validation/32-K-ppk-015-network-egress-runtime.json,13664,6fee873b4d3ab5bcb8b98d5982ee623022f81146ddedfa13268f9b2982f63052,.json,EVIDENCE,true
artifacts/validation/32-L-ppk-016-derived-data-policy-inheritance-contract.json,16637,f45cc7d61839bb05a9fbdb2224d584ff0410f6ee54bca65760563e31bcf4bd17,.json,EVIDENCE,true
artifacts/validation/32-L-ppk-016-derived-data-policy-inheritance-runtime.json,14683,6c0181c6fb31dbd39073b693a00d174ddfc20ecf8c8012b78a5af5b700e8f9ad,.json,EVIDENCE,true
artifacts/validation/32-M-ppk-017-sensitive-log-policy-contract.json,9221,da581904f6d27cc523ecbeaf0fae711573e1e8739e3a326ddbacd3e6346c4891,.json,EVIDENCE,true
artifacts/validation/32-M-ppk-017-sensitive-log-policy-runtime.json,13754,c41a7b822a8f81bc99f48f376455c30e5d5adfd5fb77694d20ba7b0592b85fd7,.json,EVIDENCE,true
artifacts/validation/32-N-ppk-018-immutable-policy-decision-audit-contract.json,12451,8dc2cff1ee7102814d2a56f0b270e621acec80163fef1c8a3775ee9475ed3561,.json,EVIDENCE,true
artifacts/validation/32-N-ppk-018-immutable-policy-decision-audit-runtime.json,13404,3bcc1260f140cf8401a1def4151f0085770daaec1753c771a2b7c050f702c080,.json,EVIDENCE,true
artifacts/validation/32-O-ppk-019-source-deletion-propagation-contract.json,16437,30e61e01e63d5128a2bf6c8babe7ab6ef88c058ee5797aa9482d8125dd79d65a,.json,EVIDENCE,true
artifacts/validation/32-O-ppk-019-source-deletion-propagation-runtime.json,15194,bb3c54572ce4dc13fa06555717503f16d572d049ca6ef82b080eb9d39ea9a377,.json,EVIDENCE,true
artifacts/validation/32-P-ppk-020-policy-conformance-suite-contract.json,8637,ba2bd0b379243fa97c5b76e4b3cbd5452d9b0c8537831a7674fc4535f4b2f58e,.json,EVIDENCE,true
artifacts/validation/32-P-ppk-020-policy-conformance-suite-runtime.json,14397,56af67688ebe6689280b9a45cf05ca390dd45d2fcab605d150ea484dfe95c284,.json,EVIDENCE,true
artifacts/validation/32-Q-ppk-021-platform-policy-ast-gate-contract.json,9709,6cfffb3891353830ac932a73b0a4261693650e6b10abf59cec803fc61a7d9d18,.json,EVIDENCE,true
artifacts/validation/32-Q-ppk-021-platform-policy-ast-gate-runtime.json,15917,90a8edfb9634d97c2e7cfd998dce335790700eaab1ea42bf24fa4705c25b5827,.json,EVIDENCE,true
artifacts/validation/32-R-ppk-022-capability-manifest-gate-contract.json,12662,4b786dc1f7bf6a44d7cb46552177d73d9256bad786c7ae2742bd5c0e711c4628,.json,EVIDENCE,true
artifacts/validation/32-R-ppk-022-capability-manifest-gate-runtime.json,18536,59a59be0c7d9c23294f70141ced4e92497c88ce628aee582b473cd237b9e5bbf,.json,EVIDENCE,true
artifacts/validation/32-S-ppk-023-application-security-profile-contract.json,8082,78e5d4b6cf713decc1b358c6c61176ceced8da4db0259911f6defd6ce6c1fae2,.json,EVIDENCE,true
artifacts/validation/32-S-ppk-023-application-security-profile-runtime.json,18616,c4c7847de00c7285ef2e278cd6160bb19f6f16357302a03e09da1eeaf99695f4,.json,EVIDENCE,true
artifacts/validation/32-T-ppk-024-policy-service-availability-contract.json,8606,bfa7fddc31e7cb2e906ddef55eb38e094ff23b25a0f7e6a961c3e3503a473af4,.json,EVIDENCE,true
artifacts/validation/32-T-ppk-024-policy-service-availability-runtime.json,37469,d4b4e10cb9f0b027b9e095c663e71375f7c7ad8b8b55324962cb83093534d0b4,.json,EVIDENCE,true
artifacts/validation/32-U-ppk-025-software-supply-chain-contract.json,13203,492c732199c3157c0ca1ced2d1750907c79c3141550eaa475a7ba8b2b1c1bd9b,.json,EVIDENCE,true
artifacts/validation/32-U-ppk-025-software-supply-chain-runtime.json,16451,ce93784ef2bb305766b81fee2f4c8a7af1d4f0ed231eaf697faa9b1ef848a996,.json,EVIDENCE,true
artifacts/validation/32-V-ppk-026-typed-policy-sdk-boundary.json,246,de1ca715d77f21783e3276ac67cad0a82786b2f68489291207c7eeaa7d1d974d,.json,EVIDENCE,true
artifacts/validation/32-V-ppk-026-typed-policy-sdk-contract.json,6576,7b6f069b3a752604b09fca251d8da1962bd12b054182033c68a886270ecacf9e,.json,EVIDENCE,true
artifacts/validation/32-V-ppk-026-typed-policy-sdk-runtime.json,2329,18ecc71b2428b1f4e409a9947719f99d72cf62bbadd2a26cd858592cbc422086,.json,EVIDENCE,true
artifacts/validation/32-W-b0-03-b0-04-product-surface-boundary.json,2106,f8139d0f3ca66ad6d681c44a50f401b44b27e8aee31ac27f171babc01e0943f4,.json,EVIDENCE,true
artifacts/validation/32-W-b0-03-b0-04-product-surface-governance-contract.json,6674,a6c53474ad7ac4270881c4b5f36de2ce0090c9c9b1c0d01d59db9d6a69beac80,.json,EVIDENCE,true
artifacts/validation/32-W-b0-03-b0-04-product-surface-governance-runtime.json,1691,e636fa785e50048e3431131077dfb06d9c7ee190f4867b24ed67e9ac6fef412c,.json,EVIDENCE,true
artifacts/validation/32-X-b2-03-b2-04-desktop-security-boundary.json,3192,2afaa01a46a817a2303f6b5a58a1b99b8b7c17141ce336d0b16d581b2c9f5bd4,.json,EVIDENCE,true
artifacts/validation/32-X-b2-03-b2-04-desktop-security-contract.json,4502,c494153b9f70b30f268464a010f4ed43b59778bb13dbab594b8a3c4064f454a2,.json,EVIDENCE,true
artifacts/validation/32-X-b2-03-b2-04-desktop-security-runtime.json,3987,664428e441c19a591556212aa561ad511cc604e38b9d140ba0d4de15a3c9e106,.json,EVIDENCE,true
artifacts/validation/32-X-electron-fuse-binary-proof.json,954,f6a113835e564880e04d8f73e39a0346877bde0a9f09e6d16869f5d5a67e9e28,.json,EVIDENCE,true
artifacts/validation/32-Y-b2-05-b6-03-sensitive-data-consent-boundary.json,3234,f7b25758a35e9395ad49463e6afc085e41001cf8d66dd29833ed70941f071f95,.json,EVIDENCE,true
artifacts/validation/32-Y-b2-05-b6-03-sensitive-data-consent-contract.json,4422,5ee07b72fcd44aa9681b0b475c1acf156e6805000031008b37226e3e932cfc63,.json,EVIDENCE,true
artifacts/validation/32-Y-b2-05-b6-03-sensitive-data-consent-runtime.json,8102,6e2fdb2a370d90ec5f769446819227abc6494434fae7f233b116d158c952decc,.json,EVIDENCE,true
artifacts/validation/32-Z-b4-banking-foundation-boundary.json,4183,01904d093276dee7e3a1ec5ea22ef3b94a72dfdba291d585112fa7e3d0fc6d5c,.json,EVIDENCE,true
artifacts/validation/32-Z-b4-banking-foundation-contract.json,1896,19e98b89c2b308c4ec9bd37cd33af96286bf389d719a65bd0f7d14400370a75c,.json,EVIDENCE,true
artifacts/validation/32-Z-b4-banking-foundation-runtime.json,8112,12993b9159122c80e81d75a69e17f91d1e9c035bc1c8cd6a9cdead0afffe9928,.json,EVIDENCE,true
artifacts/validation/33-A-b4-payment-card-management-boundary.json,4672,4bea28fe7961740883d8064e13a9b5ec50d9a289db1b08a9db8c6be92ef696e0,.json,EVIDENCE,true
artifacts/validation/33-A-b4-payment-card-management-contract.json,1858,2b199637c97a38533f4aac0731974199101a9bf38b6490e9b0af459463a28beb,.json,EVIDENCE,true
artifacts/validation/33-A-b4-payment-card-management-runtime.json,8091,fa509b4162a46224fd5d780ab204297ee41622b759a472c7354ba70148d45d2b,.json,EVIDENCE,true
artifacts/validation/33-B-b4-loan-management-boundary.json,4916,e733aad9c5cc1b5d3b2e69f2fb76f5a608bce60871b58db9a2172e77251409dc,.json,EVIDENCE,true
artifacts/validation/33-B-b4-loan-management-contract.json,1937,dcfe4589a8d75e29b81840e2ba0f994c42bf9d5e37ea6b17558e193b99c62eb5,.json,EVIDENCE,true
artifacts/validation/33-B-b4-loan-management-runtime.json,8160,e54c6c1502e12acd27a37703283b2524b0d47b0a08a992da632966081ded63f8,.json,EVIDENCE,true
artifacts/validation/33-C-b4-finance-planning-portfolio-analytics-boundary.json,5449,9f02fb97150b955c0f80e645f1e9f183d93096934bfba6768b1e93bce2a587ae,.json,EVIDENCE,true
artifacts/validation/33-C-b4-finance-planning-portfolio-analytics-contract.json,2037,2056ab30f730b6e5c1a1708611f839724a9697c611b3f972e9572fba87f6e428,.json,EVIDENCE,true
artifacts/validation/33-C-b4-finance-planning-portfolio-analytics-runtime.json,8370,0fcb556782d707312a94ef63763e8f2ebcd7ed8f43a796971309024e23efdb61,.json,EVIDENCE,true
artifacts/validation/33-D-b4-controlled-import-open-banking-boundary.json,5681,ec219396b5b740f80ffdd02ea98f26baec7ab563430b4f57b51d65a23272b361,.json,EVIDENCE,true
artifacts/validation/33-D-b4-controlled-import-open-banking-contract.json,2088,9e0481d9782fef25930570249dd3d6ad4bef6fa7c0d24491c32e763eda27f676,.json,EVIDENCE,true
artifacts/validation/33-D-b4-controlled-import-open-banking-runtime.json,8589,82fe720ba555d9b1a3da3ee3998fac6b0722e9762195cfd9ffe80cf75b1b5e40,.json,EVIDENCE,true
artifacts/validation/33-L_COMPLETION_TRANSITION_VALIDATION.json,3026,c23aab12ba1e2014f958f297976c7e655e9abe6412d0627cc8ff868158bcebc8,.json,EVIDENCE,true
artifacts/validation/33-L_LIBRARY_CLOSURE_INVENTORY_VERIFICATION.json,672968,e4c072bc6987963260bf546fdc867af0047b1f8d7fb8f12c2bd304fb0a8f7521,.json,EVIDENCE,true
artifacts/validation/33-L_LIBRARY_FINAL_INVENTORY_VERIFICATION.json,671614,33ed2487f151dba23edb0a783a5f8ab9c5b25f3cd3a8873b6e4b69b785b4e02d,.json,EVIDENCE,true
artifacts/validation/33-L_LIBRARY_READBACK_VERIFICATION.json,1206189,11fe785565bcaaadbf04ef6756f897f423d82e4d6352ac1b010702bac3b998a3,.json,EVIDENCE,true
artifacts/validation/33-L_RECEIPT_READBACK_PERSISTENCE_VERIFICATION.json,2964,c4a56bead2bf441c0f274034e530c5f36fc2180ff5fb203f791d9b37aa10d0ad,.json,EVIDENCE,true
artifacts/validation/33-L_RECEIPT_READBACK_VERIFICATION.json,3663,c3c2151e915c6135e409f468f6b5b4acde34f2120dd1c0ba4e71a21901b4ff81,.json,EVIDENCE,true
artifacts/validation/33-M_COMPLETION_TRANSITION_VALIDATION.json,2634,bbdf62986f5a340917c173497d517fd8c00a5b69f8e0e8b8e8a96eb3dc87e699,.json,EVIDENCE,true
artifacts/validation/33-M_LIBRARY_CLOSURE_INVENTORY_VERIFICATION.json,2279,dae5b7055a1846fd6dc6b0afa545337436cbd04c6b2d78faa56776293db5ef74,.json,EVIDENCE,true
artifacts/validation/33-M_LIBRARY_FINAL_INVENTORY_VERIFICATION.json,2242,f16b49e9ca526e78d374d0e8ea772fb2fc6273521306e0139b63bef0df9531d1,.json,EVIDENCE,true
artifacts/validation/33-M_LIBRARY_READBACK_VERIFICATION.json,2625,04cfe0e8bd37ea51695a2fc11ab775844859ec837a367681d4369c17dba742a6,.json,EVIDENCE,true
artifacts/validation/33-M_RECEIPT_READBACK_PERSISTENCE_VERIFICATION.json,2269,d4511790c91cf07c76d41cba08bb89ea39d0c24a45adca42b142801d099d8fa3,.json,EVIDENCE,true
artifacts/validation/33-M_RECEIPT_READBACK_VERIFICATION.json,2269,f2e6f9d993daab09c8dc199bc224a13fc61f4c7be52ee795774f195af7a895e3,.json,EVIDENCE,true
artifacts/validation/33-M-accessibility-boundary.json,5254,137735c5c1c63f54b452a9d9eb35205d84f97b15d1af452dbe0e40597f29f38b,.json,EVIDENCE,true
artifacts/validation/33-M-accessibility-contract.json,1931,d819c539c180f46c1bbfacc41c86821f53db7f605207a3764a5a87a7e078ffd0,.json,EVIDENCE,true
artifacts/validation/33-M-accessibility-runtime.json,1591,7ca488224f915aafa825deab4879f8407230f63ce3c726c392b4f9de5b459ef2,.json,EVIDENCE,true
artifacts/validation/33-N_COMPLETION_TRANSITION_VALIDATION.json,2609,57fdca49614adafc85c3b120a25388c033701c41046743e6eb3a7e8f28633fe1,.json,EVIDENCE,true
artifacts/validation/33-N_LIBRARY_CLOSURE_INVENTORY_VERIFICATION.json,2254,baf0c06084734e036fbc361bdacf862e93ffead589607ae9bd5b5380e3b4ba28,.json,EVIDENCE,true
artifacts/validation/33-N_LIBRARY_FINAL_INVENTORY_VERIFICATION.json,2217,e0a2cc47b1d3a58a503749deb419e9d91bcc4d36cae71c75c21b795c0b2218bb,.json,EVIDENCE,true
artifacts/validation/33-N_LIBRARY_READBACK_VERIFICATION.json,2578,d71688484839116977191e58e5f1e3141a8da08e534001f1f3cdd1f687cc1d4a,.json,EVIDENCE,true
artifacts/validation/33-N_RECEIPT_READBACK_PERSISTENCE_VERIFICATION.json,2244,1972c5c383fbf5dfcd621d2e1ed54b3707aecf460ae7ecc6541b9ebe33c56e98,.json,EVIDENCE,true
artifacts/validation/33-N_RECEIPT_READBACK_VERIFICATION.json,2244,cdc2c792dc1b139af0206e42e147cf6b05997b1007a0274150d4ee34507a1f2b,.json,EVIDENCE,true
artifacts/validation/33-N-b7-15-route-async-state-governance.json,1050,9c1615e85a4c324f2983ec01fb3ae57d0f37f8346a99d37c594860fd05f81384,.json,EVIDENCE,true
artifacts/validation/33-N-draft-async-state-ux-boundary.json,5651,35257cc525289139e489dc01472f4df000e7f31adc90096d991bfbea5b50cd1e,.json,EVIDENCE,true
artifacts/validation/33-N-draft-async-state-ux-contract.json,2361,07f02da6b0b8e26d4645145709f0bae4e6fcb1ef4f0f6e3f3728dc9b4965be95,.json,EVIDENCE,true
artifacts/validation/33-N-draft-async-state-ux-runtime.json,1586,e5f86b77971e61efb25516e56c30f0e8daa612eedd8109e5d13002f218e7c38e,.json,EVIDENCE,true
artifacts/validation/33-O_COMPLETION_TRANSITION_VALIDATION.json,3039,f0e3793b00e736d8182d6e7aa023ea112ea26f8b6d32992ed0781a62e27e52ba,.json,EVIDENCE,true
artifacts/validation/33-O_LIBRARY_CLOSURE_INVENTORY_VERIFICATION.json,2684,a3a4604de4486f266b332aec106f1aee26f2d7479e84cc259f5e7267e7e042be,.json,EVIDENCE,true
artifacts/validation/33-O_LIBRARY_FINAL_INVENTORY_VERIFICATION.json,2647,0fec731d26f06000b808c834c138057ed811a3c134142613a5903d218bd03b3d,.json,EVIDENCE,true
artifacts/validation/33-O_LIBRARY_READBACK_VERIFICATION.json,3060,99c68b7e6eaef90270ba73975d6bf3ae2249d3428a3cb663464e6e7f1cb1ac2e,.json,EVIDENCE,true
artifacts/validation/33-O_RECEIPT_READBACK_PERSISTENCE_VERIFICATION.json,2674,0c33149daecd7a0def9ba84e9b98286a85817421487e323a0bac448c33a0d1ce,.json,EVIDENCE,true
artifacts/validation/33-O_RECEIPT_READBACK_VERIFICATION.json,2674,bb21bf8088cb80506ee1d4bc817913a2eae8eadac80f3806179558ac426f6a80,.json,EVIDENCE,true
artifacts/validation/33-O-privacy-ownership-data-rights-incident-control-boundary.json,4388,e7d535c4717919c2c70b9fcb104a58a94a94796f0afb7de10a3962c51611f7d6,.json,EVIDENCE,true
artifacts/validation/33-O-privacy-ownership-data-rights-incident-control-contract.json,2184,5d58d64ca13a7d8562a5c780a71af049a889ca5cc7e2785e6abd92435a314ddb,.json,EVIDENCE,true
artifacts/validation/33-O-privacy-ownership-data-rights-incident-control-runtime.json,3377,1246ab15759ccc3de7012b1dd9b0069330e592c03e6a1b63de199f56aec8352c,.json,EVIDENCE,true
artifacts/validation/33-P-identity-access-external-evidence-intake-runtime.json,8469,a4577324c23c46450ecb93a4d39f9d44cab85d22141133c95fe119e892cba669,.json,EVIDENCE,true
artifacts/validation/33-P-identity-access-finalization-state-machine-runtime.json,1335,ef8af1bc0fbe7ad6b2a9a69a6da5d348c4377181c382d07a5deefddf244d5ea4,.json,EVIDENCE,true
artifacts/validation/33-P-identity-access-preparation-state-machine-runtime.json,1084,11d32d61ceabb1da764468be070e1f0d72820c676810734203ac7a3cb0cf62cb,.json,EVIDENCE,true
artifacts/validation/33-P-passkeys-federated-identity-verifiable-temporary-credentials-boundary.json,3232,675e1e668eddfdf04452c096df568e70c938312f7fc84b9f2b05cef8a6036ca1,.json,EVIDENCE,true
artifacts/validation/33-P-passkeys-federated-identity-verifiable-temporary-credentials-contract.json,2715,ecca2179ffbdd5f902fd0a9d51e13229587367326aa8f4970e128cab85bedfc3,.json,EVIDENCE,true
artifacts/validation/33-P-passkeys-federated-identity-verifiable-temporary-credentials-runtime.json,7494,f1a27286ce7077726523e84979f3bb41af05a5f78bf870b8dec7312ab230163f,.json,EVIDENCE,true
artifacts/validation/33-P-source-integrity.json,342,aae9ed61fe75853acbd5df30588e496eba3a251aef7c20dad8a02d5abcaeb826,.json,EVIDENCE,true
artifacts/validation/33-Q-local-governed-ocr-derived-data-pipeline-boundary.json,3573,b04e31b4039f89faacb690562e2e43896ee62f2d92c88cc3a2cecb6c80cee71d,.json,EVIDENCE,true
artifacts/validation/33-Q-local-governed-ocr-derived-data-pipeline-contract.json,4777,66f853b573865665c5295b5a978e50259958b285adcb78a414ab29e79c0ec15b,.json,EVIDENCE,true
artifacts/validation/33-Q-local-governed-ocr-derived-data-pipeline-runtime.json,6455,a903f3fa0ff52bf061704a98ca2794aebda65f989b8bbabaa75f7dbe81f9df50,.json,EVIDENCE,true
artifacts/validation/33-R-archive-evidence-relations-media-lifecycle-unified-authorized-search-boundary.json,1664,67607510c1b13e4305d62c610078cee3ee8231cbf31bcb6fc3c067d5b6840450,.json,EVIDENCE,true
artifacts/validation/33-R-archive-evidence-relations-media-lifecycle-unified-authorized-search-contract.json,2260,b06fbcd7bff17db17d8c6068f887beb003f3297a74915b4d4a43a3a325c73164,.json,EVIDENCE,true
artifacts/validation/33-R-archive-evidence-relations-media-lifecycle-unified-authorized-search-runtime.json,3077,7af430d84c3f1a91e7f915f2655a90f1f72f4a169d9cc99dab3edd4e4095f23f,.json,EVIDENCE,true
artifacts/validation/33-S-health-care-coordination-elderly-support-ledger-boundary.json,1639,c0ae5cb39065b721111498e0317c88fc7ceb0fa42f8793f20e57f298103af588,.json,EVIDENCE,true
artifacts/validation/33-S-health-care-coordination-elderly-support-ledger-contract.json,2177,bd809f80ee4d75f093a369667e1ff1f4fdad4255f3afb27e7580692f35e083fe,.json,EVIDENCE,true
artifacts/validation/33-S-health-care-coordination-elderly-support-ledger-runtime.json,3243,8ac66a44d50ec21e2938a6789d4f9e5400ec3b8b56147650d1ec228aad049969,.json,EVIDENCE,true
artifacts/validation/33-T-household-operations-center-boundary.json,1632,86beeec9739f6a16de271d3613afc203dd25cb619203072c475989aad67943f8,.json,EVIDENCE,true
artifacts/validation/33-T-household-operations-center-contract.json,2183,e9ede36b7be106768485b9988d115e25fc899bfa1c6b2709ea7c9d247cdb81a0,.json,EVIDENCE,true
artifacts/validation/33-T-household-operations-center-runtime.json,3237,57ed4cef611e5f274a2f2b9f5cca3701d1e9254b4f4fd1923b9e761e9c7a7e0b,.json,EVIDENCE,true
artifacts/validation/33-U-child-education-coordination-boundary.json,1689,5a4a854dee20ef711006946b139c83ea46ba51935cdb44f05b695a10b0186acf,.json,EVIDENCE,true
artifacts/validation/33-U-child-education-coordination-contract.json,2269,0a41ca5e7ad84f8f3e9d876fb8ef058c110a3a1dd915094e07b3f041a880cf7d,.json,EVIDENCE,true
artifacts/validation/33-U-child-education-coordination-runtime.json,3243,97d8054068cb3e1acbb6b45f82677a58e20898eb306fb7914f7c5a9030d87e78,.json,EVIDENCE,true
artifacts/validation/33-V-places-travel-asset-pet-boundary.json,1596,b49dec8789d71a0f95b95f3dd21267a6ab0320487369b767d6d62c6f654f7897,.json,EVIDENCE,true
artifacts/validation/33-V-places-travel-asset-pet-contract.json,1682,e0a382859cd4af53977ed9814dfecb4e4d8e1cd30a885b7c03ea525a86afa8c7,.json,EVIDENCE,true
artifacts/validation/33-V-places-travel-asset-pet-runtime.json,2842,864857fcc4a580b952dd3b36c766ac644c126ca98e39aa02fafc9156ff1f6998,.json,EVIDENCE,true
artifacts/validation/33-W-consent-bound-family-ai-assistant-boundary.json,1812,4c4d8f2222b608b6b5246d98e68c563750491c196e1f9143372a3c904f37f9b9,.json,EVIDENCE,true
artifacts/validation/33-W-consent-bound-family-ai-assistant-contract.json,1842,3dabdf9e9d4862d36a10307c17be89346a62c88ee7d800c390725b72d8907402,.json,EVIDENCE,true
artifacts/validation/33-W-consent-bound-family-ai-assistant-runtime.json,2901,65f2f8e7ad306195245dbb36505062fcbaf1a16b6dd6d2adeb8af4772c99e61e,.json,EVIDENCE,true
artifacts/validation/33-X-memory-studio-time-capsule-boundary.json,2096,e0256cc67d1bcfd490e29a0e058c134ec94409de44a52e3ecfedebdb4d4827e2,.json,EVIDENCE,true
artifacts/validation/33-X-memory-studio-time-capsule-contract.json,1891,9449e482c3c7cb44bf3d1a777243c903578e1ad5e17f52c4bc18ff96b5b4e13f,.json,EVIDENCE,true
artifacts/validation/33-X-memory-studio-time-capsule-runtime.json,3025,7f018e7ff00a7104ba3a0e99d481a8610202e9aab84366fd27dc7d8cc6137617,.json,EVIDENCE,true
artifacts/validation/33-Y-local-first-smart-home-energy-boundary.json,1811,92800ae7c974f458b65d4d3d762545ebcfaf7bf21960c55732870192f157c630,.json,EVIDENCE,true
artifacts/validation/33-Y-local-first-smart-home-energy-contract.json,1706,821045262540fec49fbc66640ec449f759c9402510a9e007cf0a8a43a200177d,.json,EVIDENCE,true
artifacts/validation/33-Y-local-first-smart-home-energy-runtime.json,3020,457c597cec9c99f40e1411a515f193a1f8eb6ee00977ef06d3ad790c664ddbf4,.json,EVIDENCE,true
artifacts/validation/33-Z-signed-plugin-external-provider-platform-boundary.json,1810,93386e753b61d4a5f52c62e07ef5198c492f2bea62de9509742160d8b79b1360,.json,EVIDENCE,true
artifacts/validation/33-Z-signed-plugin-external-provider-platform-contract.json,1988,1965c4ec148ef9f6b10daf6e132adffc3ebf602b595b2ac4e884bb312f88cab2,.json,EVIDENCE,true
artifacts/validation/33-Z-signed-plugin-external-provider-platform-runtime.json,3566,c75a3cbb19bb7fd26ed549dc9045c5ee156c807bcfffec741b61b749174c2bad,.json,EVIDENCE,true
artifacts/validation/34-A-communication-policy-mls-foundation-boundary.json,1880,5a79e327abfd392af86869c0e216e57f1357a0a6a208d0ffb5672df699f24009,.json,EVIDENCE,true
artifacts/validation/34-A-communication-policy-mls-foundation-contract.json,2215,e18161d5709bd20403358abfc5e063d54d1bb2fc0e7408cb57943ac5eb6f8e70,.json,EVIDENCE,true
artifacts/validation/34-A-communication-policy-mls-foundation-runtime.json,3558,30ad912b651a312155c647867bc24266352c2780bb7a33b1c44d0261d460a46f,.json,EVIDENCE,true
artifacts/validation/34-B-communication-messaging-lifecycle-privacy-presence-boundary.json,1795,7185b1e21c6b6332502e8bbb62c5819f4816fa3d627aa740a76b0cf15b90fb49,.json,EVIDENCE,true
artifacts/validation/34-B-communication-messaging-lifecycle-privacy-presence-contract.json,1894,4fee93e18d769458223e7f16e8074fee27cddb4aef760a97398461521fc5a2ef,.json,EVIDENCE,true
artifacts/validation/34-B-communication-messaging-lifecycle-privacy-presence-runtime.json,16761,8108f580f07e2c7a163e2833a23f548fc54b9201b93bd7afa3138a6ed3834c0f,.json,EVIDENCE,true
artifacts/validation/34-C-realtime-calling-media-accessible-ux-boundary.json,1674,3ad7c311758cdae1a66319fd2316aa566e0107ecc4d8277b6c98cb241ffd04e8,.json,EVIDENCE,true
artifacts/validation/34-C-realtime-calling-media-accessible-ux-contract.json,1841,b969ed01b5659acc7a1f1d92bcca1ed1e43873c772ec157ada4549eb50c49528,.json,EVIDENCE,true
artifacts/validation/34-C-realtime-calling-media-accessible-ux-runtime.json,18683,1b5a851005783378582b5c0f8ec6245f7704202ba3e1dc1d80013b6cbed930e2,.json,EVIDENCE,true
artifacts/validation/34-D-explicit-consent-recording-media-retention-boundary.json,1600,83aafe73affe6884b096d21427611e03bf42631e2eaa88767ec41fbefab39233,.json,EVIDENCE,true
artifacts/validation/34-D-explicit-consent-recording-media-retention-contract.json,1716,388c1ecc56509947b62bfb6b69aeba87c3a6d956a228b745e45cbc3b57f090f1,.json,EVIDENCE,true
artifacts/validation/34-D-explicit-consent-recording-media-retention-runtime.json,18634,b7befcb79ef73fe430dab17488ac05f047f31edaf0264ad004b410fb59fbaf40,.json,EVIDENCE,true
artifacts/validation/34-F-family-meetings-decisions-consent-minutes-boundary.json,1676,d66394f9f4c7bc8c1b4dd7ac6c0d0740d12dab5e015684a3a40977cdb802166a,.json,EVIDENCE,true
artifacts/validation/34-F-family-meetings-decisions-consent-minutes-contract.json,1867,67d2d067f60f14b29ba5855b6624593d56cb53481bfe6aa5bb9d2545300d295d,.json,EVIDENCE,true
artifacts/validation/34-F-family-meetings-decisions-consent-minutes-runtime.json,19438,243d46ecacc13eaf965a39d4d27ee2fd44a721ab09362605ef01f892ef7bb534,.json,EVIDENCE,true
artifacts/validation/34-G-e2ee-file-sharing-remaining-communication-ux-boundary.json,2607,a0db12298d42fb45d40a8191efd48060582fa882f7e0692732224d73d2f26cb1,.json,EVIDENCE,true
artifacts/validation/34-G-e2ee-file-sharing-remaining-communication-ux-contract.json,1222,09d5794767d2b8afdbaa81021ee6eea5e5eb79bbd40bf7e8d342dab7372593a9,.json,EVIDENCE,true
artifacts/validation/34-G-e2ee-file-sharing-remaining-communication-ux-runtime.json,25121,2c6f149d1ba2f8f7b7201e70607eb9e5d28d28656d9b3ef5dd3f527772adac5d,.json,EVIDENCE,true
artifacts/validation/34-H-communication-audit-archive-integrity-boundary.json,2466,c0b326fa3bd2be87738c822358e1eb35054eb05be736806927ad314e402d231c,.json,EVIDENCE,true
artifacts/validation/34-H-communication-audit-archive-integrity-contract.json,1222,37821e4ce7f4248897add4dc93a5daf94ceb2b3ffecff5086e5516daf8b920f7,.json,EVIDENCE,true
artifacts/validation/34-H-communication-audit-archive-integrity-runtime.json,24979,53aee3838d8a78b372b9d609bd8e5b89ee0c686efc8d20c8cdbd9530cf018136,.json,EVIDENCE,true
artifacts/validation/34-I-distributed-core-consensus-tenancy-boundary.json,2710,e0f450999120426f4ed3cac2605ed525ec563aa31502ad5cc28cebd6eb575579,.json,EVIDENCE,true
artifacts/validation/34-I-distributed-core-consensus-tenancy-contract.json,1231,c1dda7d5e5d6abf5116b1e84c2e349262a7c0dd9e52fbea0f8edd43392c1d906,.json,EVIDENCE,true
artifacts/validation/34-I-distributed-core-consensus-tenancy-runtime.json,26061,03c515a8967c9813d903f6ad140e6303a713986ef02a473c954201248f921134,.json,EVIDENCE,true
artifacts/validation/34-J-distributed-clients-operations-disaster-recovery-boundary.json,2081,b32aa4be5a9955462d0b7d3e537dccfd1e8ec5077b7e259d61226ec0593de79c,.json,EVIDENCE,true
artifacts/validation/34-J-distributed-clients-operations-disaster-recovery-contract.json,1231,7ed6602ddc4edab13578aa701f1987d8940180573853006b61de269fbbb1e037,.json,EVIDENCE,true
artifacts/validation/34-J-distributed-clients-operations-disaster-recovery-runtime.json,24594,eb01a8f4fac23203532a6190dd4c5fc0628958d1f33043fd02042d05e48e2abd,.json,EVIDENCE,true
artifacts/validation/34-K-windows-resilience-universal-ux-boundary.json,2382,2db09158511d610b611b06b1ba99a2e1aa1773371cfe06ff422748077fd3469b,.json,EVIDENCE,true
artifacts/validation/34-K-windows-resilience-universal-ux-contract.json,1231,08c919fdd9277d0504fb94235af6868cf8991ad9e6f12105d41e2d2612be0d45,.json,EVIDENCE,true
artifacts/validation/34-K-windows-resilience-universal-ux-runtime.json,24895,23c33627f14f6ff42be94429ac468b7878f0fa5c48440ccc4a2694d3e2116848,.json,EVIDENCE,true
artifacts/validation/34-L-bronze-final-local-closure-boundary.json,1662,be9b9d0ec238d60212401bccad55ae705b652c35f4a49264c078b21fe82f1f0b,.json,EVIDENCE,true
artifacts/validation/34-L-bronze-final-local-closure-contract.json,2450,146b1d9c2ff4fd74123046c27c5b1dc4f299647ad03a9e044dd17faf7e571e52,.json,EVIDENCE,true
artifacts/validation/34-L-bronze-final-local-closure-runtime.json,34576,afada77b8eab347c7c6c731ba9b3bb9bf5310133e2949863b5a61a162f9ccf44,.json,EVIDENCE,true
artifacts/validation/34-L-bronze-local-closure-receipt.json,6255,52b4bd3052f21dc8abe4474fa3816f0bd0b34bdd9bd9a3b1268d8431e90daf26,.json,EVIDENCE,true
artifacts/validation/34-L-bronze-local-closure-receipts/3cc913c826dedb829e757420cce50f35c3172c3d-ae7b7137e42c278e.json,1949,3a8b3ddaec576650c00b4610233d1db27bfd8d2a4c267da3ca86ab615b0ca128,.json,EVIDENCE,true
artifacts/validation/34-L-bronze-local-closure-receipts/5b2a6ea8c7f50d7795f4a6ac0f70ae3e822ac8b7-04485e9ec181d711.json,1949,93c99650f8fb30a2227a3a7d7eaf4901aea910bceba9c537734baf6ecfadbab7,.json,EVIDENCE,true
artifacts/validation/application-security-profile-gate.json,702,0903d7fd1395b8279c0ad77863b2991799fc72c932f08ca53756a2d85ac3853e,.json,EVIDENCE,true
artifacts/validation/bronze-22.08.2026.50-final-local-test-delivery.json,2415,f0f85f71c319e62353d47c9806bd8e26be5e89a3f270601f2212b0909dff6491,.json,EVIDENCE,true
artifacts/validation/bronze-governance-reality-matrix.json,2055,feb5c46c629c0684c5bda1c06d4fae2ea6be873bd587201ba116269db45948ca,.json,EVIDENCE,true
artifacts/validation/feature-reality-gate.json,673,b8e4db20dd9682d0851012340210b9b56a361987a667a8c2b98a0ef7c9a3431b,.json,EVIDENCE,true
artifacts/validation/full-vitest-pass-2026-08-23.json,639,1e4b454d2150f7a62b131e1ad648d0b2a2494799fc83340cd2b13d20557eab04,.json,EVIDENCE,true
artifacts/validation/full-vitest-regression-failure-2026-08-23.json,8744,245136ca0f0609ca58c2e21b4e11a9fa00df3485452b4d859fab1b68e4120f51,.json,EVIDENCE,true
artifacts/validation/governed-preflight.json,9781,9baaad0b5521885aa5909f95675d2563a62bbc234961c73a6c6bd8b4a4f563dd,.json,EVIDENCE,true
artifacts/validation/platform-capability-manifest-gate.json,624,5d32ba78871c317a01163ded79b49e833bc96ed2d9b20b57e1f329314718051b,.json,EVIDENCE,true
artifacts/validation/platform-policy-ast-gate.json,646,483bd03a82cd187b20cefe6696f318e38f447941e9a1916c58b1a16a25c200a1,.json,EVIDENCE,true
BRONZE_04.08.2026.27_BITIS_METNI.md,1243,639a5137d4154eb3051a44375a341e84480ffe4ec4d1e8b386e0a7a3141459b8,.md,ACTIVE_REFERENCE,true
BRONZE_04.08.2026.27_DURUM.md,1949,10bc58370e5b15cbc1591840d166614dcf72f95d0a17b55395adc2f512d04cc9,.md,ACTIVE_REFERENCE,true
BRONZE_04.08.2026.27_SURUM_NOTLARI.md,309,027a1415eb2e960241778c9ba85dc3933543ed9a3dc77edab6a115c8ac2acfbf,.md,ACTIVE_REFERENCE,true
BRONZE_04.08.2026.28_BITIS_METNI.md,789,2a2ef467a5cd3405aaef81da7792bfbc1c10e7dd74c89f52ec5920ba2d3539e1,.md,ACTIVE_REFERENCE,true
BRONZE_04.08.2026.28_DURUM.md,1496,661971407d8c4921c2785ec79ee4f1beced64066d31b65eb5405b65d20502466,.md,ACTIVE_REFERENCE,true
BRONZE_04.08.2026.28_SURUM_NOTLARI.md,1573,e6a7523c2ccf5e6d860f188113bf90f55e18ad3a76f6b97a00d50fcc52d6af9a,.md,ACTIVE_REFERENCE,true
BRONZE_04.08.2026.29_CHECKPOINT_29-A_DURUM.md,1083,eb9023b31271eac1e15321cea3e62e9e7ffebadbd0dffb1426cba5370d89568a,.md,ACTIVE_REFERENCE,true
BUILD_STATUS_BRONZE_RC2_BUILD100.md,1111,dda256fc578d8ea370f03d0850bcdc6c06d121980f1c9c80ddc006ea2b5c6188,.md,HISTORICAL,true
BUILD_STATUS_BRONZE_RC2_BUILD101.md,978,fb32faaa4fb5630136ab78b4f3aeb0a9eba5b1ff327f0499673c5473866fbd88,.md,HISTORICAL,true
BUILD_STATUS_BRONZE_RC2_BUILD102.md,1046,676b103da5eeccb414d77e35c16003d3fea37c4ce4b8b5a87f7d60b033ad0654,.md,HISTORICAL,true
BUILD_STATUS_BRONZE_RC2_BUILD103.md,1060,965a2337cafa32628e1846d8e810beb2308b3fec9faf9fc5347ebe33d5ad8908,.md,HISTORICAL,true
BUILD_STATUS_BRONZE_RC2_BUILD104.md,1230,1b5a89db88507e01a473a671a6aab6b20686625e31b02a1ba95eac0bc7e9e7cd,.md,HISTORICAL,true
BUILD_STATUS_BRONZE_RC2_BUILD105.md,1667,0a777094ae818529d5355cedd0fe70aa9e74b2a3baff881e6ac3cf6027314b60,.md,HISTORICAL,true
BUILD_STATUS_BRONZE_RC2_BUILD106.md,1020,d55c98cdf4e9238d66356f6c81f09aa7e7c7916c6495cf449c1685518fa903e8,.md,HISTORICAL,true
BUILD_STATUS_BRONZE_RC2_BUILD107.md,877,6ac58204c51ec77eacad2894c668c1eb0aff5860bb4d65f234dc437521490e9f,.md,HISTORICAL,true
BUILD_STATUS_BRONZE_RC2_BUILD108.md,2606,5f1ff3490950ecb59e91a712399d74b67353928986ff9b5b806c29a496fa42d3,.md,HISTORICAL,true
BUILD_STATUS_BRONZE_RC2_BUILD109.md,2854,741ed9b19c987e19e524c7a53977b0e8a523a3c16831c89296e9e81d7c190030,.md,HISTORICAL,true
BUILD_STATUS_BRONZE_RC2_BUILD110.md,2385,5ffef01629730dc58f51e6453cfe4ef0edd94223549bf0fa8070e245f6017ebc,.md,HISTORICAL,true
BUILD_STATUS_BRONZE_RC2_BUILD111.md,2471,a4a0a816618b04045b2ffa5fa5a9ca55e3dea37077f0a5cdb1cfd003e903081b,.md,HISTORICAL,true
BUILD_STATUS_BRONZE_RC2_BUILD112.md,0,e3b0c44298fc1c149afbf4c8996fb92427ae41e4649b934ca495991b7852b855,.md,HISTORICAL,true
BUILD_STATUS_BRONZE_RC2_BUILD113.md,1415,39592b934ed68e4a177122a2079c185d1d75c184e6d61ec5e2a5e3bdfb72af87,.md,HISTORICAL,true
BUILD_STATUS_BRONZE_RC2_BUILD114.md,2257,6f7f4dcbff7385e2083c47f578191b8092ad5f1dd4ae4cc6e7b2d52c5c0808c7,.md,HISTORICAL,true
BUILD_STATUS_BRONZE_RC2_BUILD115.md,2267,c7d596da7bcb82c97f7d768fada41a5f5ed3592a64e6b6213e141353bec247b6,.md,HISTORICAL,true
BUILD_STATUS_BRONZE_RC2_BUILD116.md,2345,85e5ae2a8ec1d52b95fba481b2e76f9ff27a7594e2e689e180e77174f5b3896b,.md,HISTORICAL,true
BUILD_STATUS_BRONZE_RC2_BUILD117.md,2140,50712ac4f5be4577d1dd5c891b4b12699a8ea7db8a24edc9525142dbd22a434b,.md,HISTORICAL,true
BUILD_STATUS_BRONZE_RC2_BUILD118.md,1962,7e14ff7b8d9004792915fdfe6742855bd5122373e517dd769730739bfe9ae2ae,.md,HISTORICAL,true
BUILD_STATUS_BRONZE_RC2_BUILD119.md,2079,b237d69dfc20f52082714d511d9aad03d7af1a2119531cdfaa155f0f53a84d95,.md,HISTORICAL,true
BUILD_STATUS_BRONZE_RC2_BUILD120.md,1418,7ae4d3e880ee9aea5aa87762f4e32b9f753ef21c876be22ea652febbaa398138,.md,HISTORICAL,true
BUILD_STATUS_BRONZE_RC2_BUILD121.md,1537,7e6dc2dda9ef9bba211b2710f71ce255a16c22705717d732e1ffcb375275063c,.md,HISTORICAL,true
BUILD_STATUS_BRONZE_RC2_BUILD122.md,3435,aff778593e1f81f87e13e7288afdd7dfba4f99c7e7c552b2cdf7ee5a0990d0a7,.md,HISTORICAL,true
BUILD_STATUS_BRONZE_RC2_BUILD123.md,1136,9eeeb96a1eb76680d4da8f1ffdf0fa41183a3e3b736c6e7beb46e3093481f422,.md,HISTORICAL,true
BUILD_STATUS_BRONZE_RC2_BUILD124.md,1333,202178de105c461bfcd984600ef6bba43ad4f53e4a6b5b4f53294362ab80f56e,.md,HISTORICAL,true
BUILD_STATUS_BRONZE_RC2_BUILD125.md,1453,ca03cea8c098ac89b5022ef4d75efc680ee7a02f302555efc776cbd2a699e4df,.md,HISTORICAL,true
BUILD_STATUS_BRONZE_RC2_BUILD126.md,1417,16285acf29d0884870102c953f59a09a502143d4295a562600f6cda9a28635fe,.md,HISTORICAL,true
BUILD_STATUS_BRONZE_RC2_BUILD127.md,1627,3a4f03e17f19c62c37083c0130a2e0630434b845756c868eeb830bebe091ef1a,.md,HISTORICAL,true
BUILD_STATUS_BRONZE_RC2_BUILD128.md,2026,7f5500749b8d7e7d474041afb183dd248076d3e1cdd618c88c9536985489a286,.md,HISTORICAL,true
BUILD_STATUS_BRONZE_RC2_BUILD129.md,2249,0307c65c78b88d3422401f2211fa9804149e0655915236c115f7fdebeae86d13,.md,HISTORICAL,true
BUILD_STATUS_BRONZE_RC2_BUILD130.md,881,18f25442ada5078cd535590951cd6cf7ec5f747e18425c1b15ac46abaa6f77c9,.md,HISTORICAL,true
BUILD_STATUS_BRONZE_RC2_BUILD131.md,0,e3b0c44298fc1c149afbf4c8996fb92427ae41e4649b934ca495991b7852b855,.md,HISTORICAL,true
BUILD_STATUS_BRONZE_RC2_BUILD132.md,1388,9f82bbcd049f20bc6489e40d17aaf821edafd9fe2fa13300ac2ed63ee8920bca,.md,HISTORICAL,true
BUILD_STATUS_BRONZE_RC2_BUILD133.md,1377,effd93fa927912cda23b505018d52efd46316c750bc41e5584958b1e76769b91,.md,HISTORICAL,true
BUILD_STATUS_BRONZE_RC2_BUILD134.md,1446,2f4a6d840e7cfa9a8ced60a77848ca6e655e8c1fc210c1772eb17604e553d176,.md,HISTORICAL,true
BUILD_STATUS_BRONZE_RC2_BUILD135.md,1458,2b710d3d5177db1d40f5659820a202ff7bb71efdac6eef360d661ba3f6c0a538,.md,HISTORICAL,true
BUILD_STATUS_BRONZE_RC2_BUILD136.md,1496,7bcdf7b303523084e8d8ffb549a1fb01f28c302ab690866cb9d8e71f1e08b31e,.md,HISTORICAL,true
BUILD_STATUS_BRONZE_RC2_BUILD137.md,1643,4ffb1cf14e5bac340d35f656aa40073592bcfab52d80647f01bcdfb1e45f63e6,.md,HISTORICAL,true
BUILD_STATUS_BRONZE_RC2_BUILD138.md,1448,cd969f72322685f487e07d0808b882b7c63d429fb158513d47b5f1a04bd206d1,.md,HISTORICAL,true
BUILD_STATUS_BRONZE_RC2_BUILD139.md,1431,1ec16f277c6fb387ede4b9469936283fd9401df547422596541db31d2641ca04,.md,HISTORICAL,true
BUILD_STATUS_BRONZE_RC2_BUILD140.md,1472,dfcbf0fabfdbd38d6047cc0b9c1c145f7b972c2ff70843986330c704a0f0f484,.md,HISTORICAL,true
BUILD_STATUS_BRONZE_RC2_BUILD141.md,1384,78814d8084f4843df9a6dc56e872baa80879c7d5b3c01377925b91f6d5e9e8a0,.md,HISTORICAL,true
BUILD_STATUS_BRONZE_RC2_BUILD142.md,1452,3bcac1ad608b9aa11139bd32ead2cbc917634c48c5d681d6abbc131fce1fccb8,.md,HISTORICAL,true
BUILD_STATUS_BRONZE_RC2_BUILD143.md,1077,a4c9a5e5147a11eca5b71c6903df4fda2f7d08d09f8a5bcf6c714666d9dd32e2,.md,HISTORICAL,true
BUILD_STATUS_BRONZE_RC2_BUILD144.md,1323,5584831f4d6e435cc2150a1040efe91ef6fd0a198c7b0af2f960d7bc437041ff,.md,HISTORICAL,true
BUILD_STATUS_BRONZE_RC2_BUILD145.md,1814,696f0d1a903217246c3846c993c5572f86f83dbc5c52763daefc1623cf462190,.md,HISTORICAL,true
BUILD_STATUS_BRONZE_RC2_BUILD146.md,2164,61b27d48d4f8d0848ed9839c12a306a8192d1b021555f782ab049a00cc0ac9ec,.md,HISTORICAL,true
BUILD_STATUS_BRONZE_RC2_BUILD147.md,2873,cbf08b7a25c7343dcb02289f0149d4207655759e838f6744fa7f0f12ed38278a,.md,HISTORICAL,true
BUILD_STATUS_BRONZE_RC2_BUILD148.md,3441,fa703f0af76e359efd85c3da1b79f1a1ec094019287dd4b105689d3965c214c6,.md,HISTORICAL,true
BUILD_STATUS_BRONZE_RC2_BUILD149.md,3459,9ddef0604c4a7978523c26f5060c00c23bfb201f202199252b54351be77c74b1,.md,HISTORICAL,true
BUILD_STATUS_BRONZE_RC2_BUILD150.md,3719,3ee04d57f76e67dc18d77a1d895b9d34f21f9afd8f934d67c9f8f28d501cd3e7,.md,HISTORICAL,true
BUILD_STATUS_BRONZE_RC2_BUILD151.md,2379,cf5dd396ab882dda348bb513f87a0d96eccfa4be9ac0baecb1dca88cb0c07fff,.md,HISTORICAL,true
BUILD_STATUS_BRONZE_RC2_BUILD152.md,1856,8c7762ab0a92b457a8af6ef1b438e269ad39ff31a63d740d22757a2205053812,.md,HISTORICAL,true
BUILD_STATUS_BRONZE_RC2_BUILD153.md,1193,2c6e60cdf4f81e9c5eddc28ca85cd1a3af22db4b8ba1b05da0042cc719055eaf,.md,HISTORICAL,true
BUILD_STATUS_BRONZE_RC2_BUILD154.md,1325,f20b3f8e7be31cc25cf6b79ce0e6d7d0de0f53606edc79929f1b15713fb3b285,.md,HISTORICAL,true
BUILD_STATUS_BRONZE_RC2_BUILD155.md,883,d112ef0afe42a31a5ba7af9f813802bc4ac8d8ae3f4c1603dcf066979778ed95,.md,HISTORICAL,true
BUILD_STATUS_BRONZE_RC2_BUILD156.md,994,5f0df05280acbe6f362dfb8a289d079801169ee7139b76f74a453f2cd3a235b6,.md,HISTORICAL,true
BUILD_STATUS_BRONZE_RC2_BUILD157.md,1109,01df9542f30a6bab815a20f0c9d8a22524810bf95c60879cb5e3ad6f20641958,.md,HISTORICAL,true
BUILD_STATUS_BRONZE_RC2_BUILD158.md,1057,41f431a9564c82cd45193fa41ac0210ea9993bd16f8870aaddc493aff8969d6d,.md,HISTORICAL,true
BUILD_STATUS_BRONZE_RC2_BUILD159.md,1074,15e55820d154da24ab4bcdfab019afaad229935ba0b8fe4b1945aa6da59547b0,.md,HISTORICAL,true
BUILD_STATUS_BRONZE_RC2_BUILD160.md,1065,643d58e6a99d20c1f3bee9b7e381cbb35bff3c93e0bee57b9599309ff908135f,.md,HISTORICAL,true
BUILD_STATUS_BRONZE_RC2_BUILD161.md,1013,28621c32a9158a8c2e7c96248e995a77bb711cd38be2b33f03303220bd7c2183,.md,HISTORICAL,true
BUILD_STATUS_BRONZE_RC2_BUILD162.md,880,77965a532126b5d6ceeb25a21f063bb5e0d14250b8e0daa9b7a8ad012dcf6b8c,.md,HISTORICAL,true
BUILD_STATUS_BRONZE_RC2_BUILD163.md,841,819ab55820f40f06231446dfbdb8df52934cd4e8d1d1f32ab1f625c2e1763390,.md,HISTORICAL,true
BUILD_STATUS_BRONZE_RC2_BUILD164.md,853,d6e9318cd37571c4b17378b86ea00b63c81489ddc297bc0a050313e71119ff55,.md,HISTORICAL,true
BUILD_STATUS_BRONZE_RC2_BUILD165.md,922,c92cc03c59f70100c9e7bfc09951f5daa30af5cfaf3cdcceba8dc6c8f97a336c,.md,HISTORICAL,true
BUILD_STATUS_BRONZE_RC2_BUILD166.md,806,7dc8978856fb5c1dd029117eb76bb29704d2b9b52f8e7cc5e07ba66c9f3958e0,.md,HISTORICAL,true
BUILD_STATUS_BRONZE_RC2_BUILD167.md,832,b687c817daa6c35c8ca02be93dae8025de835394e4c3216d67a838b1a056aa4c,.md,HISTORICAL,true
BUILD_STATUS_BRONZE_RC2_BUILD168.md,920,c6a4ab6a8f1ec987834f39df6b34b4db00dc706d051fb667d6794fb8a993046a,.md,HISTORICAL,true
BUILD_STATUS_BRONZE_RC2_BUILD169.md,1169,e7218e6591ca1d8ed79fab53163e492a8657b9d4be4f6a7c47eda555f08d5b9c,.md,HISTORICAL,true
BUILD_STATUS_BRONZE_RC2_BUILD170.md,1387,fb7ad56e75072f9d3802240cde204f73adcb0ba217a80f9f5f3d3530f22c7967,.md,HISTORICAL,true
BUILD_STATUS_BRONZE_RC2_BUILD171.md,1502,db71053b2ca0cd57dcde71cb332199b7e355e3a2764e4cbb256f43087a99f00d,.md,HISTORICAL,true
BUILD_STATUS_BRONZE_RC2_BUILD172.md,1615,bb9d82acc14ca5838e6e0b736f80675affc1500b13a8739a09e5931f81cfb8d3,.md,HISTORICAL,true
BUILD_STATUS_BRONZE_RC2_BUILD173.md,1144,7f60979bf7836b32b945b46b60061bc460c6b11a9bd8b60163bed29237184032,.md,HISTORICAL,true
BUILD_STATUS_BRONZE_RC2_BUILD174.md,452,9132b244e405bc7b3580b909d34369fb6e8fdd73648e423fa0c6019bc266552e,.md,HISTORICAL,true
BUILD_STATUS_BRONZE_RC2_BUILD175.md,1447,30243504bf841a96c92eb157c7788f6d2f29c599897b1d2be83163b0ed66cfe6,.md,HISTORICAL,true
BUILD_STATUS_BRONZE_RC2_BUILD176.md,1768,78db0ae6ade586bb41a124bd3ed6be72ea84ad1a39f7d81401bf93c5dba517cf,.md,HISTORICAL,true
BUILD_STATUS_BRONZE_RC2_BUILD177.md,1421,5f0a4a1ece4df190b12cb9d90822c777279fcb5cf889879e164b4858d63b19e8,.md,HISTORICAL,true
BUILD_STATUS_BRONZE_RC2_BUILD178.md,1193,205fd6c8597a91afd0cbf1b0c2de5b7282f16d6ec61fd47b1529f51165d2e24f,.md,HISTORICAL,true
BUILD_STATUS_BRONZE_RC2_BUILD179.md,690,e685582a0352ecdbfcb8cfdf5a03aa48c6697f1cc467c6d85291caccdc0fb21b,.md,HISTORICAL,true
BUILD_STATUS_BRONZE_RC2_BUILD180.md,1353,747fc64570e27e9052033b9df306e1e03815e016561d32109f118a33510dbb4e,.md,HISTORICAL,true
BUILD_STATUS_BRONZE_RC2_BUILD181.md,955,2a9569faf97f2246a082a1d9b551e9d19138de6ad0cef76be461deda65068774,.md,HISTORICAL,true
BUILD_STATUS_BRONZE_RC2_BUILD182.md,1325,6b0f296a00e2f1f9ed2a31b70a434bf216e981ac32aaa48d03f379f0575cc82d,.md,HISTORICAL,true
BUILD_STATUS_BRONZE_RC2_BUILD183.md,1304,e3974bc593e8fe0c0879f37c721a731c39c2cabe9229a87d756450f105ac4542,.md,HISTORICAL,true
BUILD_STATUS_BRONZE_RC2_BUILD184.md,853,095a8e6b927cf9300ca57b2df69018724e35cee96984ffd6d4b4a2d0869fb910,.md,HISTORICAL,true
BUILD_STATUS_BRONZE_RC2_BUILD185.md,747,805561ff21b63d17593c76acfbeeb0587ddd7ab1949a2c2288d0d194130402b4,.md,HISTORICAL,true
BUILD_STATUS_BRONZE_RC2_BUILD186.md,772,af01f873c732a27b85b72ef03028a796cb66e1dd9b5d148b706fb66ddb53cae7,.md,HISTORICAL,true
BUILD_STATUS_BRONZE_RC2_BUILD187.md,879,ede7670c61a32a702c6b889da6b7ec636d9ef72a21e98084f9ab7b1e691a06d8,.md,HISTORICAL,true
BUILD_STATUS_BRONZE_RC2_BUILD188.md,953,580ccfb04c620b426d97cfef06522b0b20f881f0e6b542ce78ced12c12c3d9f6,.md,HISTORICAL,true
BUILD_STATUS_BRONZE_RC2_BUILD189.md,891,39521bc7b356a565640d2e136f531c54b8603eeb1ede91bbd4a02019d15692e1,.md,HISTORICAL,true
BUILD_STATUS_BRONZE_RC2_BUILD190.md,689,9e1d20c66dbbf74c0eba5773f6be905c8b9def9a7dd29204d25fc3780d5bf43d,.md,HISTORICAL,true
BUILD_STATUS_BRONZE_RC2_BUILD191.md,840,b2e34b4db2f47dcc58401f279b4400a5d9ba4942577ad48c4e479a3698a817da,.md,HISTORICAL,true
BUILD_STATUS_BRONZE_RC2_BUILD192.md,816,1a5d0100e906f6e5d1ac29c2cc4230909619b5ce08f6f891b2f0e889e61f110f,.md,HISTORICAL,true
BUILD_STATUS_BRONZE_RC2_BUILD193.md,844,b6da718251d3ecd6e522dd740c769cea81069a8ac441341f6c9abcb06567e00b,.md,HISTORICAL,true
BUILD_STATUS_BRONZE_RC2_BUILD195.md,333,82152bf76360455b9f6ea4cb13e166ef064e0268448a639c5c8221a84747c00f,.md,HISTORICAL,true
BUILD_STATUS_BRONZE_RC2_BUILD196.md,360,44176d61d450e4fd652334ed256cacd0681505ee14b81eedc1c6e20457fe88c9,.md,HISTORICAL,true
BUILD_STATUS_BRONZE_RC2_BUILD197.md,574,430e7a096980f8b43d994699ac2405e1e4bf7a954965f594dc825931e1438aa7,.md,HISTORICAL,true
BUILD_STATUS_BRONZE_RC2_BUILD198.md,427,1fbbca4170288a9734180620d672f063cc1fb79ca5c82b0bcdec8ab099276c9d,.md,HISTORICAL,true
BUILD_STATUS_BRONZE_RC2_BUILD199.md,225,772b7e601b4496e2cf8af954ec6660bfa1d34013cba350075402df4c298fe333,.md,HISTORICAL,true
BUILD_STATUS_BRONZE_RC2_BUILD200.md,451,d803a589c9ffccf3575208fcec11f5de1a22b3ac26abeaf3fe74482674e7ca18,.md,HISTORICAL,true
BUILD_STATUS_BRONZE_RC2_BUILD201.md,147,c13367e64c78cdb1c61ef8825f4cb8a4bb62d6272ce6f9e729e2b8b6f8347837,.md,HISTORICAL,true
BUILD_STATUS_BRONZE_RC2_BUILD202.md,174,1ecdb421a1e44ec99ac9be005c58ef53cc6c2a44912de527e9eb9f29ef72c9af,.md,HISTORICAL,true
BUILD_STATUS_BRONZE_RC2_BUILD203.md,281,40cb275e0ff6c10975ddfe382cc7b0f66318f09e816425ea48ea8a857b62d6af,.md,HISTORICAL,true
BUILD_STATUS_BRONZE_RC2_BUILD204.md,314,998e8aae784463e794276632038376c0c5ee2d6ed7ec1e23b73d39316cac936f,.md,HISTORICAL,true
BUILD_STATUS_BRONZE_RC2_BUILD205.md,1551,7fee8e38a2bfad98d1826a81ef98688c0e7c6a119419d94536146a197987dda6,.md,HISTORICAL,true
BUILD_STATUS_BRONZE_RC2_BUILD206.md,2064,c1524c3dfab6c376b4245725ef89bc8adf97ce165fa73e8187a388b1c238fbb4,.md,HISTORICAL,true
BUILD_STATUS_BRONZE_RC2_BUILD207.md,930,51966a848644353884999971bd126d76f466ba88035cc3e6d026583eb8483e4f,.md,HISTORICAL,true
BUILD_STATUS_BRONZE_RC2_BUILD208.md,1352,f23879c41c6a8bc0670b45ea7cf2320e9fd8341f595bf05c28969f5bdef40002,.md,HISTORICAL,true
BUILD_STATUS_BRONZE_RC2_BUILD209.md,2460,266482c2ab74c7939546f345155bda350bfb4efe0657fa3385d661c98d64c82a,.md,HISTORICAL,true
BUILD_STATUS_BRONZE_RC2_BUILD210.md,2015,5c74d0bb353edfe072169a4e73f2d21f1f65cc3afbedcb6a9f527e1ba1941d52,.md,HISTORICAL,true
BUILD_STATUS_BRONZE_RC2_BUILD211.md,644,e62c168d316cb6cbbf4679198f1624ff00beae9d8897386e6013049c6c4753e9,.md,HISTORICAL,true
BUILD_STATUS_BRONZE_RC2_BUILD212.md,794,c64f1860027be16174c449e91b4aed01647fff36f4b89cc09261151790d484d7,.md,HISTORICAL,true
BUILD_STATUS_BRONZE_RC2_BUILD213.md,1500,72bb5684f979fb97871638297bf0e486fcbb582157d05370f605a3bc5f14fd0d,.md,HISTORICAL,true
BUILD_STATUS_BRONZE_RC2_BUILD214.md,3572,59239e247132cc09995ed4b9dd188951a094880a1c428cd1644010b83e08045e,.md,HISTORICAL,true
BUILD_STATUS_BRONZE_RC2_BUILD215.md,1554,270525df89f7fd30d86fc925ca64d39c24d8485b8bbb099e6bfbfabc6ca39ae6,.md,HISTORICAL,true
BUILD_STATUS_BRONZE_RC2_BUILD216.md,1658,0798a8181009730c396bb9ad9ca448acc86a64c5c9d5ce3d8a2751e76dff1e6d,.md,HISTORICAL,true
BUILD_STATUS_BRONZE_RC2_BUILD217.md,764,b6de7278689b4a3f8f81f731ee69ce905c21b2e5f1ad7cc50ae3e4485af539f0,.md,HISTORICAL,true
BUILD_STATUS_BRONZE_RC2_BUILD218.md,1116,ca5f583e7c9c6fdd234ed169fbfd86f2c0bf0c585fcad9ad35ddf459f450f50c,.md,HISTORICAL,true
BUILD_STATUS_BRONZE_RC2_BUILD219.md,1136,2d00a93495740a71da8c037d3e4fc7428f9ce9b8523367e1908c719b70ec0dd8,.md,HISTORICAL,true
BUILD_STATUS_BRONZE_RC2_BUILD220.md,1966,80f7502f39718f3d6b3e2afa475980fde5eacddfc73dc1386b2d394e030f1e86,.md,HISTORICAL,true
BUILD_STATUS_BRONZE_RC2_BUILD221.md,2481,f171d45bd08937cd58390a8015624e18d4bd319412646c7d24fcd61f6c046cb1,.md,HISTORICAL,true
BUILD_STATUS_BRONZE_RC2_BUILD222.md,1954,bbcad5aff71811e66c2d8bea67a552ae0c5f2cc55a492a853cea29b11b2f3da1,.md,HISTORICAL,true
BUILD_STATUS_BRONZE_RC2_BUILD223.md,2387,dda12264136bc3b20e39bcc60aeaff6ae51fee54ff97050b665ed108f00a08e7,.md,HISTORICAL,true
BUILD_STATUS_BRONZE_RC2_BUILD224.md,2641,ec78f458a237a71410230fb55deeceb4dc313a01f36579be841a59c2da644d48,.md,HISTORICAL,true
BUILD_STATUS_BRONZE_RC2_BUILD225.md,1991,d264f1493375e76abca4035f09bb5deb1ca9ee372ea2a62deb223f607e163de3,.md,HISTORICAL,true
BUILD_STATUS_BRONZE_RC2_BUILD226.md,1815,7a7f10ff56e5ef369d91eb604f21d5afa1c642f200be006d514698a6edd38e99,.md,HISTORICAL,true
BUILD_STATUS_BRONZE_RC2_BUILD227.md,1405,a6038665ee911e03fa97e9ca77ad0450f855d0751396ecd48ab823437cdfa374,.md,HISTORICAL,true
BUILD_STATUS_BRONZE_RC2_BUILD228.md,935,0da993cd021209f0514a8c17098197cd267718c314cc6587b9888c6e7ee9afbe,.md,HISTORICAL,true
BUILD_STATUS_BRONZE_RC2_BUILD71.md,704,95c39920bd80656df6925891eed63160839929cd2798a6838686ab1f819cf9e2,.md,HISTORICAL,true
BUILD_STATUS_BRONZE_RC2_BUILD72.md,703,8fa74c7fe88a2b38cf984fcd5361345b1c8bc4531736771358f2becfaaba70f0,.md,HISTORICAL,true
BUILD_STATUS_BRONZE_RC2_BUILD73.md,564,beb625fe9277823178589418b7956e4194f0959d7eea52aada29cba1b5b63ba4,.md,HISTORICAL,true
BUILD_STATUS_BRONZE_RC2_BUILD75.md,557,4c8623aa378e8c946304f8958754bfe5ec78bac1dd7dab995d5a38f6e071e884,.md,HISTORICAL,true
BUILD_STATUS_BRONZE_RC2_BUILD76.md,355,9ce607cbf304c6a3d77218b732fd5390de2b25aae1607bb3a737138fc463b087,.md,HISTORICAL,true
BUILD_STATUS_BRONZE_RC2_BUILD77.md,412,baf9c986d2d065dbb565648c26b3f188042632088664d369f43835778e0f4d52,.md,HISTORICAL,true
BUILD_STATUS_BRONZE_RC2_BUILD78.md,396,3f0ff85f0c3df8f4549934eb905b065bf3581dfaba09e3c11d524125a85a129f,.md,HISTORICAL,true
BUILD_STATUS_BRONZE_RC2_BUILD79.md,306,96f1380a523a8ea554ec102ba0a4034ab924eb93a39d0a4d729da322573e9f65,.md,HISTORICAL,true
BUILD_STATUS_BRONZE_RC2_BUILD80.md,306,8be35db4507098f709f884a195a71fedf5d0dfc09d0cee3c3792fe5775b5f6eb,.md,HISTORICAL,true
BUILD_STATUS_BRONZE_RC2_BUILD81.md,338,514e07c02575ae43ce863bca20ac7a43e19d5ed3a84d075a3c5c2f0d3757dfb3,.md,HISTORICAL,true
BUILD_STATUS_BRONZE_RC2_BUILD82.md,360,12bd4299e5ebc55ae3b20af21f098fe8a24c20f7b3f098a0422adab92a5979d9,.md,HISTORICAL,true
BUILD_STATUS_BRONZE_RC2_BUILD83.md,322,0dab136492efd2ee0cd5b6c8c1f2d8be25a0b1f98f60b4d666b4e72323e35854,.md,HISTORICAL,true
BUILD_STATUS_BRONZE_RC2_BUILD84.md,240,5ad4d071fab9d073d9bf73889ff9e1740896a5f78e2a7f25b9219c9aaf64cdff,.md,HISTORICAL,true
BUILD_STATUS_BRONZE_RC2_BUILD85.md,170,06ed373e56f10542986ff2a70547415f74773b2c664aa966ac4608903deed9ad,.md,HISTORICAL,true
BUILD_STATUS_BRONZE_RC2_BUILD86.md,175,371bfdbf2ffe319d6ae7393b5fed5e2a5eb2919575697917c898cef5965b2e98,.md,HISTORICAL,true
BUILD_STATUS_BRONZE_RC2_BUILD87.md,169,3047809c635419eac429cfd6b91342df2c47e257ac57dd11378909518cfa8081,.md,HISTORICAL,true
BUILD_STATUS_BRONZE_RC2_BUILD88.md,183,a5499243c3bf0c204808dcde9892e5efebb49a6233e0ea6f60ea53580b62ffbf,.md,HISTORICAL,true
BUILD_STATUS_BRONZE_RC2_BUILD89.md,187,8d3d88fafa4ee23927e9058e44117dc4fa570081e74f5de1ee0f4a88dd167d82,.md,HISTORICAL,true
BUILD_STATUS_BRONZE_RC2_BUILD90.md,183,861d0d24782665b7b0ee870e98c6866e5ca1baddbf533b71d4141b85b8d8963d,.md,HISTORICAL,true
BUILD_STATUS_BRONZE_RC2_BUILD91.md,0,e3b0c44298fc1c149afbf4c8996fb92427ae41e4649b934ca495991b7852b855,.md,HISTORICAL,true
BUILD_STATUS_BRONZE_RC2_BUILD92.md,194,72f328270c83824c2281a70714d56cc1a2f1ba5b00a0895edb2a162cc66c74eb,.md,HISTORICAL,true
BUILD_STATUS_BRONZE_RC2_BUILD93.md,198,8d254d41ee11e675a53dd260ee0f2f1bd02bd17624198027756f03a36f241eb6,.md,HISTORICAL,true
BUILD_STATUS_BRONZE_RC2_BUILD94.md,190,d9bd6b7ac735896a77f781846d2c40cdcffe4b0f5f73ba9807bee0cada2555bf,.md,HISTORICAL,true
BUILD_STATUS_BRONZE_RC2_BUILD95.md,184,f3f0faca810a99f50d8d889415a10583254b0bd1fdef787175f2a7c0eeb97c64,.md,HISTORICAL,true
BUILD_STATUS_BRONZE_RC2_BUILD96.md,167,00c1af5d713ff27a0ee2df4fef03718519187a345b5d9df9cb4a187ed1818c56,.md,HISTORICAL,true
BUILD_STATUS_BRONZE_RC2_BUILD97.md,178,b0cfcc0dee0291894070de6740d5970bda1f850308cb32f12de8f43474cba93a,.md,HISTORICAL,true
BUILD_STATUS_BRONZE_RC2_BUILD98.md,168,18d16f2e65662510de2c2f27e02771835e37f533e5a4d74ac64d45dfeae80360,.md,HISTORICAL,true
BUILD_STATUS_BRONZE_RC2_BUILD99.md,1850,2fb46762e877bbeaff070567d77b5f9e85ae4f2d8f93cc6ca75ef364a612fcad,.md,HISTORICAL,true
BUILD_STATUS_MVP10.md,291,013b06c9a0852dbb929f1391d922f113f227dde2344293df8c0ac284eaff8f3f,.md,HISTORICAL,true
BUILD_STATUS_MVP11.md,284,b28ad164ade30cd520566c04e9d3907303f8ff179b8f3819b1cb81c56a1a45be,.md,HISTORICAL,true
BUILD_STATUS_MVP12.md,268,773eb32927ea4d67000f28504199bd5870323205a03f3825259f882422b84ae5,.md,HISTORICAL,true
BUILD_STATUS_MVP13.md,351,37cc440405e6bb6924d5df05673838624f78198a5ac2e9f08fe5364e7a5e0b5f,.md,HISTORICAL,true
BUILD_STATUS_MVP14.md,311,88bc38f9e7641d533fb6939122f8da56fc9da60abb5915059654076d891f4c82,.md,HISTORICAL,true
BUILD_STATUS_MVP15.md,293,027ac95943cbb77f40b148d23e371e839ccb3d224a742346a443185264006dc3,.md,HISTORICAL,true
BUILD_STATUS_MVP16.md,232,ea43cfbda9df13e3234bc0b948e0fb6ad42ff34715a5c3e78c5c1165c5857249,.md,HISTORICAL,true
BUILD_STATUS_MVP17.md,337,4a031490eb66ed30fefa47c4a27c34f4686e02fb99506a76a30bf1624f318e2e,.md,HISTORICAL,true
BUILD_STATUS_MVP18.md,492,50dc9ef1dcb4eff831c5ad77acf0930f840f472962f7098daf64382c70c2eb97,.md,HISTORICAL,true
BUILD_STATUS_MVP19.md,277,281340e32cdbd5aef20b1edd5f72f40d5855edf31d19e3eebd8133062ce9db7a,.md,HISTORICAL,true
BUILD_STATUS_MVP20.md,202,519f07fe4de06905f8f631fbb5a61ddfc418bca90d92df7be5e0d93849f557b1,.md,HISTORICAL,true
BUILD_STATUS_MVP21.md,380,565ccd23284742e761344518a07d1385e80e616c61a8731e1d5594e885725037,.md,HISTORICAL,true
BUILD_STATUS_MVP22.md,540,0ef6952022f801c6e7384c856426c148aa2eeaac8a8d1df9e5f968c07efb53f5,.md,HISTORICAL,true
BUILD_STATUS_MVP23.md,388,cf6bb37a183b3c2d2da4c3bc7c7f6f343f927e3f56bf90b4af62f1dc1703bea9,.md,HISTORICAL,true
BUILD_STATUS_MVP24.md,482,b1bf429b9b0c7731526abc9479c730912b0d7c5431246cd646396b61d8137dbb,.md,HISTORICAL,true
BUILD_STATUS_MVP25.md,513,81e4683aa22590252443d5392a391038e10d3513a816a242ab02dcdbf72c3bea,.md,HISTORICAL,true
BUILD_STATUS_MVP26.md,440,3760085cf22c59bb5ff2f9b2ede138b87eb1ff156737ef2f8f64e09e2402ba25,.md,HISTORICAL,true
BUILD_STATUS_MVP27.md,438,19086f2f65a0b4df2714b44d00fce746e53df6494f056a4f5f4c3bc73e4ec101,.md,HISTORICAL,true
BUILD_STATUS_MVP28.md,359,fd5d3fa3841d35c521b06d2a8fb364731d16de4541cbdddccf84e2cc69299436,.md,HISTORICAL,true
BUILD_STATUS_MVP29.md,358,97ab121ab6626b00a9d5fa742f0bbb2b522ca9479289bc68b19777b8b77ed505,.md,HISTORICAL,true
BUILD_STATUS_MVP3.md,437,5e739a7709f33b6a3ea17cabb47e27c7f1d2f89261c92e4906254982469852eb,.md,HISTORICAL,true
BUILD_STATUS_MVP30.md,212,566798a80ca54d4ad1e21bffdbde281f992825ae38639c7d4f384e52ac15879b,.md,HISTORICAL,true
BUILD_STATUS_MVP31.md,345,65678413c7d2092bb1f2c6c34cd9484c4e5e2d6167db1c81b60d8354a86d69dd,.md,HISTORICAL,true
BUILD_STATUS_MVP32.md,782,3da348c065af08e63b6bc059f959e08dd2c5c583e2477c0660d46d32e8760292,.md,HISTORICAL,true
BUILD_STATUS_MVP33.md,374,369fa964d0167c3b51466c636ebda1d43edc6000d3bec7412eab81c16a4f2fdc,.md,HISTORICAL,true
BUILD_STATUS_MVP34.md,577,defb5742a9ab4fef32d4909dbfe08cc9ad1413f7f317fdf36605c391e0110eb8,.md,HISTORICAL,true
BUILD_STATUS_MVP35.md,741,50191e402bad4a42788f72e0aab95e5c0eb493de73991797c3e4fae1d7be535d,.md,HISTORICAL,true
BUILD_STATUS_MVP36.md,304,ca715b937707f1b537d7b460cf7d5f7f4b14e9652012fff0d13ebd5bc2b0b046,.md,HISTORICAL,true
BUILD_STATUS_MVP37.md,355,d3c8d4a19ecc3267ffd0dead2b3ad2d4d42ffb8b344de6b1fc3e6ef595963983,.md,HISTORICAL,true
BUILD_STATUS_MVP38.md,359,9dfe7461f9b275347aba7e43ef0ac1cd1888037fa84ce1cd8b9043e69dac007f,.md,HISTORICAL,true
BUILD_STATUS_MVP39.md,567,9ba2bde201952aeda8e7f2fbcfc90d3de69918a23e7d2d464edff78b5c0be778,.md,HISTORICAL,true
BUILD_STATUS_MVP4.md,338,a967355b4324933fc9e9627d0ac542c197cdcef4a172847c061ae34a7413a366,.md,HISTORICAL,true
BUILD_STATUS_MVP40.md,618,23d458fadcec7a80a1890df6e9ca8e57b10bebf833220fadd305717c5c810fbc,.md,HISTORICAL,true
BUILD_STATUS_MVP41.md,1508,3490776ba1190c8bdaa1fc50a6ee35591f0cbc8ce599e7e5643339feac25b3bc,.md,HISTORICAL,true
BUILD_STATUS_MVP42.md,959,8bbf43e7d1b5383395b393f9f6539f2aea490edeff85cf7c2481dc84c11c376d,.md,HISTORICAL,true
BUILD_STATUS_MVP43.md,1910,b212b4f1eef1edbe2398e0d3623d11e7f522f76d684e5f6c5469fc776a4a9a4c,.md,HISTORICAL,true
BUILD_STATUS_MVP44.md,2040,591988665c900659671d84650cd698da25554d6d2aee12613c77304bc3d1622b,.md,HISTORICAL,true
BUILD_STATUS_MVP45.md,1412,41d4af3ecaa94e4fa65ad61058e99202e9f634a2f20111ab8374f291157cc2a1,.md,HISTORICAL,true
BUILD_STATUS_MVP46.md,1739,4a6735292a45803e5e08da99a71720f665976257e4843bd95926b6eb2491b16d,.md,HISTORICAL,true
BUILD_STATUS_MVP47.md,1634,426029efd86c69dc40de17c44dd4d5420a77c7945399d15388774d85e9de12f8,.md,HISTORICAL,true
BUILD_STATUS_MVP48.md,1936,b04c169fb4af529b78f3a4f7741ece7924ef603c5156ab44c4dd85c88101b381,.md,HISTORICAL,true
BUILD_STATUS_MVP49.md,1959,5db59c162cfde885906d541087dfa2f412e1f0095f6087638e45c2f8e42c4e3e,.md,HISTORICAL,true
BUILD_STATUS_MVP5.md,310,b1bf69844a9d280e24651a83b6800878ec2d421284c453910f84a35e9bff3b70,.md,HISTORICAL,true
BUILD_STATUS_MVP50.md,1723,61ebff62ca6b91ae84ab7f75b4eeae5b7a35e0175eb960342eb1b4112cf1af15,.md,HISTORICAL,true
BUILD_STATUS_MVP51.md,2098,c2289abace4b3884b6d37ecc95504ab142e19e891d20b1e74756dfae02f06d5f,.md,HISTORICAL,true
BUILD_STATUS_MVP52.md,2052,367090a3265868f565c343861a5f17cef39895f35e81c5458b863c5201cf76c9,.md,HISTORICAL,true
BUILD_STATUS_MVP53.md,2554,e6481582321079ae8002a88293b80ca52979c3a104c042e191dcf449f7e3a8da,.md,HISTORICAL,true
BUILD_STATUS_MVP54.md,2244,b30b1da49cf6e88d8bc13ee13f008f297be78a713a420b7fa4717c2ef58b3fef,.md,HISTORICAL,true
BUILD_STATUS_MVP55.md,757,345ec52a3373cbac199506027b3b3aab46e6b1e83283e7c279023536ad32b98e,.md,HISTORICAL,true
BUILD_STATUS_MVP56.md,1526,5308ee1d335e239cdc5ff9593bec02d6f9ae93f8543080cc00c10ee8d7ae4c5d,.md,HISTORICAL,true
BUILD_STATUS_MVP57.md,866,179da7c02f653b959bd2a3052a66888960b802361feab8cdf925fbd4ebe1adbc,.md,HISTORICAL,true
BUILD_STATUS_MVP58.md,533,ecb9238638c652f0fcec83f1fddc3d1ed7aa20942516d53365f1bb7d25f806bf,.md,HISTORICAL,true
BUILD_STATUS_MVP59.md,719,bac0b5814402253360a5947f748e30b3696c4bc7dcc33c4d43df05b21ab1d3b3,.md,HISTORICAL,true
BUILD_STATUS_MVP6.md,399,992e5168e63187d471757c8d6b2f87486d8f2d42286f1a6b6052df2090bf1082,.md,HISTORICAL,true
BUILD_STATUS_MVP60.md,517,9d00c65da44ab55ca71263f828fdb6b07eb87013d9e62b237cbe4ff362f3681b,.md,HISTORICAL,true
BUILD_STATUS_MVP61.md,634,ef911b1e67f381f2c2d590aa69c0de67c08882c73a11c2decda698750dc0ad96,.md,HISTORICAL,true
BUILD_STATUS_MVP62.md,434,9c0d45e24570b6deb478e9b35f26914f88325e65c71d5ff5b39d617075135de7,.md,HISTORICAL,true
BUILD_STATUS_MVP63.md,741,b4ae804edc1ea2d94b624ffae68a5d38fd2d01943ce34c035f77b0f375622632,.md,HISTORICAL,true
BUILD_STATUS_MVP64.md,743,2991263fb6f7350211310018822d9f11dd224b3972ad3577fb4c82cc64983b35,.md,HISTORICAL,true
BUILD_STATUS_MVP65.md,309,69d2dd7a51c0c7f5f024840ba65b9f8d545ab568fda2c49e205719e1e54f034e,.md,HISTORICAL,true
BUILD_STATUS_MVP66.md,472,3644aa8aa4b2a2fe6420e81dd9cb6551cb624d1991c8cacc517c44e400407ddd,.md,HISTORICAL,true
BUILD_STATUS_MVP67.md,391,c7d1612aae2032d4e86f42351425290fae84b65c34a15a10db73aa8a4f37264e,.md,HISTORICAL,true
BUILD_STATUS_MVP68.md,534,1e66fe587e53cd846fff58c58467c6e86d5a0c46f183c1df2767cc2d0f32ea8d,.md,HISTORICAL,true
BUILD_STATUS_MVP69.md,333,d1d8e899f81eca46a1b48750f59fb9c64357bfe1d51da0c2f21ed3e13f39ffdd,.md,HISTORICAL,true
BUILD_STATUS_MVP7.md,308,d8c011238b0f4d75731d00b3340a67f747e01a775a2aaa5a1cd092d7212a0dee,.md,HISTORICAL,true
BUILD_STATUS_MVP70.md,628,053b702c570c12392927a479e880c3dfe1a7c4d89676a3be02b2844c015d57b7,.md,HISTORICAL,true
BUILD_STATUS_MVP8.md,345,18fd072047fadd00902d21e2b13b70e3712c428ada28b25538de40f94ceabef6,.md,HISTORICAL,true
BUILD_STATUS_MVP9.md,0,e3b0c44298fc1c149afbf4c8996fb92427ae41e4649b934ca495991b7852b855,.md,HISTORICAL,true
BUILD_STATUS.md,21546,1ae1c8d97debbcc98f89eb45c107075d0a9a6cfe459c532e44345609f1e1ce66,.md,ACTIVE_REFERENCE,true
BUILD100_ARCHITECTURE_VALIDATION_REPORT.md,2858,0840cc51ace8f9f7f2bfe5a7596999ba16d2bf644ee12354645991f003f7bf8f,.md,HISTORICAL,true
BUILD101_ARCHITECTURE_VALIDATION_REPORT.md,2801,b918e18d062885612b50a222b89e430cbb80229430b1fbb59821a39eb078556b,.md,HISTORICAL,true
BUILD102_ARCHITECTURE_VALIDATION_REPORT.md,3731,2dfb89ed56c679ce67735af12dae6cff9640a8e805b67ab0a811b4343542e57f,.md,HISTORICAL,true
BUILD103_ARCHITECTURE_VALIDATION_REPORT.md,3244,d76d894e04f3d3aee5e2cfcf8d564aed6032c5abbae659479e4ee07a003f1538,.md,HISTORICAL,true
BUILD104_ARCHITECTURE_VALIDATION_REPORT.md,3393,566a5a32d5f4f6d7a78ea7759a02cf191287759a1c83aec852b1a0f4bf819aa1,.md,HISTORICAL,true
BUILD105_ARCHITECTURE_VALIDATION_REPORT.md,3650,70a731149a8617a3d344b7b59518bb8e747605ad8d41103cdeb34c164cce0b95,.md,HISTORICAL,true
BUILD106_ARCHITECTURE_VALIDATION_REPORT.md,2851,f1c5dcfc48b89416190f819234338ab368d1fc7041c14f00f7df1e2e373502b8,.md,HISTORICAL,true
BUILD107_ARCHITECTURE_VALIDATION_REPORT.md,1404,8f61f455b15b3f3ab40b4d338a8431c09e3c9c3a16abb107c25abfddc781f84a,.md,HISTORICAL,true
BUILD107_DELIVERY_VALIDATION_REPORT.md,1201,54044d3329f23603695d0729f973be4e9ab020f96fd145bd58697282b7e2ca00,.md,HISTORICAL,true
BUILD108_ARCHITECTURE_VALIDATION_REPORT.md,2258,9cdc5992d3d244f38f9846cbd1fcbdb6088b142e4077c60f1b05a7c49e0a7896,.md,HISTORICAL,true
BUILD108_DELIVERY_VALIDATION_REPORT.md,1315,f88c6d040b530a6e4e98ccddc49d64ecedce1eeeb7127f63fba563b622dc70b7,.md,HISTORICAL,true
BUILD109_ARCHITECTURE_VALIDATION_REPORT.md,0,e3b0c44298fc1c149afbf4c8996fb92427ae41e4649b934ca495991b7852b855,.md,HISTORICAL,true
BUILD109_DELIVERY_VALIDATION_REPORT.md,1795,dcd18ac6de4ff293d9cecb9c81114e4e9b81826174ed013d56172798728a4df7,.md,HISTORICAL,true
BUILD110_ARCHITECTURE_VALIDATION_REPORT.md,3226,4e6d5702861fefcbfbe909504cb64d5e2d6c2eca3f33a325c65e5393860f3527,.md,HISTORICAL,true
BUILD110_DELIVERY_VALIDATION_REPORT.md,2381,5b003ae5ae4f7728787960bf135b2213f264d88553c5c888966e7ac4e2dab931,.md,HISTORICAL,true
BUILD111_ARCHITECTURE_VALIDATION_REPORT.md,2664,ce8122664fcb79e406e446b491c73e9b6f8b9919cf5d36b73c75a91d03a27f5a,.md,HISTORICAL,true
BUILD111_DELIVERY_VALIDATION_REPORT.md,2618,3e15f64d1f1d6d50a543dcc4437103f52f4089125c4c168d73cfc97817302af4,.md,HISTORICAL,true
BUILD112_ARCHITECTURE_VALIDATION_REPORT.md,4046,42d148ace4317ae8859b3d3692f710a7333f21235e37e77b20f0cfc43b843cab,.md,HISTORICAL,true
BUILD112_DELIVERY_VALIDATION_REPORT.md,2040,9e00a2aa244797458cbd62407b43907d0abb07bb96d270ebdd8c8044bcdd806c,.md,HISTORICAL,true
BUILD113_ARCHITECTURE_VALIDATION_REPORT.md,3029,5087d0c21626047594ebe699a246b37533e94b7f3794f75eabafcc645ca097e5,.md,HISTORICAL,true
BUILD113_DELIVERY_VALIDATION_REPORT.md,2428,055c3e94d535adadb5264afd625b8a5d199653d81b24e0254492d57b53e0e0ca,.md,HISTORICAL,true
BUILD114_ARCHITECTURE_VALIDATION_REPORT.md,3288,5b014c73b15058f894d4b50105b80bc032766eee6b5f41ef67438b83e18e560b,.md,HISTORICAL,true
BUILD114_DELIVERY_VALIDATION_REPORT.md,0,e3b0c44298fc1c149afbf4c8996fb92427ae41e4649b934ca495991b7852b855,.md,HISTORICAL,true
BUILD115_ARCHITECTURE_VALIDATION_REPORT.md,915,c4f43acd696b4c915dfabda4fa643317931f52e76946521d5bf43a5ebee3084c,.md,HISTORICAL,true
BUILD115_DELIVERY_VALIDATION_REPORT.md,1135,be382182adc1d32de162cbac801fd27c5a1f749cc4dba91c9ca428a36d72e425,.md,HISTORICAL,true
BUILD116_ARCHITECTURE_VALIDATION_REPORT.md,839,7e4d64f47ee1cad321b2b5e5d7adb9e695029ad497c472e5c7294f9bd3f7520c,.md,HISTORICAL,true
BUILD116_DELIVERY_VALIDATION_REPORT.md,1795,2d13fb052b5156217bce8bee02ddfc9b2f82fb24b2f8f67922695d82219b85f1,.md,HISTORICAL,true
BUILD117_ARCHITECTURE_VALIDATION_REPORT.md,864,512940e236f87f164b10abc4d14c5e87afa1310dafa1b76bf81bf90967735400,.md,HISTORICAL,true
BUILD117_DELIVERY_VALIDATION_REPORT.md,1579,33aee31163afc049caad898afaa2106c304985565106ee4e3e48510a391a7d3a,.md,HISTORICAL,true
BUILD118_ARCHITECTURE_VALIDATION_REPORT.md,1014,831f2ce899c7537e03a0b55ec89a511183dbdaa27d8acb71a2cc4e666be2e821,.md,HISTORICAL,true
BUILD118_DELIVERY_VALIDATION_REPORT.md,2008,10a9e875a55b09fe3b6bf39cc4f7996b92d31c5fd2fda0ac2e2de9581d567581,.md,HISTORICAL,true
BUILD119_ARCHITECTURE_VALIDATION_REPORT.md,904,f2a3a39a47b3470a150ff66703fc5edad17a0727ccb91af205698ba64c2062fc,.md,HISTORICAL,true
BUILD119_DELIVERY_VALIDATION_REPORT.md,2028,a9cbdfab3425310517661091c5e2df6cc613efef9f446c8412d328100eb33ed5,.md,HISTORICAL,true
BUILD120_ARCHITECTURE_VALIDATION_REPORT.md,1193,667c6093354f752dfa3eed804558cc65843e5c7067940c9391d39d4ce7379473,.md,HISTORICAL,true
BUILD120_DELIVERY_VALIDATION_REPORT.md,1236,320b5f45ee5f27608942915a2c72cb83214e6434b4bab51ebdf4eddf1b60787a,.md,HISTORICAL,true
BUILD121_ARCHITECTURE_VALIDATION_REPORT.md,1499,0286d197cdadde426787e00706fd68758ed5ca597527373840ae9361a32f53b2,.md,HISTORICAL,true
BUILD121_DELIVERY_VALIDATION_REPORT.md,1207,0ee86db424b7acb599f97a5185f62c6557f2b141de3e9c4132ecd3ca0c9b44c5,.md,HISTORICAL,true
BUILD122_ARCHITECTURE_VALIDATION_REPORT.md,2871,bb8196164f0b790892b0d45b7031f9d0fcc9624f605a79490ebbdac16a5ad86c,.md,HISTORICAL,true
BUILD122_DELIVERY_VALIDATION_REPORT.md,2192,39606bca20918c77ee829386cb54398c7dc5e7999782062646d8069d35ad0f83,.md,HISTORICAL,true
BUILD123_ARCHITECTURE_VALIDATION_REPORT.md,828,f5ede339475a1642017bbbf6e6a75e35465b6f525fc550576b8922d617a03265,.md,HISTORICAL,true
BUILD123_DELIVERY_VALIDATION_REPORT.md,886,b378002fd4bfc609bfaac83ab3a43e44ece5993621e1c6f981eecce3da52db12,.md,HISTORICAL,true
BUILD124_ARCHITECTURE_VALIDATION_REPORT.md,1045,494f7187778779a0ae21a2c911ab33ba4afe09f08929de4b633a5df5481cb5ae,.md,HISTORICAL,true
BUILD124_DELIVERY_VALIDATION_REPORT.md,915,cfcc95b23b7bf62d1017e44757db6cdb72cf93c24402c53003dabe963cd591b3,.md,HISTORICAL,true
BUILD125_ARCHITECTURE_VALIDATION_REPORT.md,875,374d776af4bd55fd931a22bfadc7c71b10555e41b44d50f954e8705516124910,.md,HISTORICAL,true
BUILD125_DELIVERY_VALIDATION_REPORT.md,1142,94a291300861a32866a57e8a1ad6c5f2761495d1fe72274f03a44c07ef3accf0,.md,HISTORICAL,true
BUILD126_ARCHITECTURE_VALIDATION_REPORT.md,885,66f74c5f3034108f5b81012a711abcfabf91771acfeae40be47ad8e9afb4f1e2,.md,HISTORICAL,true
BUILD126_DELIVERY_VALIDATION_REPORT.md,990,4cc206a59c13bae16abf13f88c4cd4cad2cc4f223ed143052e046c815307d30a,.md,HISTORICAL,true
BUILD127_ARCHITECTURE_VALIDATION_REPORT.md,1227,e9fa1e4d4e42b41b267788edeffb5d65d1919894b0a9eb6bccd6e6f0ce9faaf0,.md,HISTORICAL,true
BUILD127_DELIVERY_VALIDATION_REPORT.md,1062,9301ba4444edfa6a626d411cc01bfa30e3cd3cf4f7a3086630cbdb320a05d24a,.md,HISTORICAL,true
BUILD128_ARCHITECTURE_VALIDATION_REPORT.md,1669,473ab2dfda8ef2c37ff0b7071dc86ac877946b9164a186a5435cc61b2b858012,.md,HISTORICAL,true
BUILD128_DELIVERY_VALIDATION_REPORT.md,1260,6f191e28c2b886ed9690bc6ee6fef3c64c1f5e09680311a74e02e0360efb928d,.md,HISTORICAL,true
BUILD129_ARCHITECTURE_VALIDATION_REPORT.md,1581,9fb78212f9fda7b797187f956d1e866492fe5e9f8b03ae96659949d58661f405,.md,HISTORICAL,true
BUILD129_DELIVERY_VALIDATION_REPORT.md,1456,58eb5f76abf4d6b0afea4328ef81447ba373020ef6a44cc75b72eb733d6f2891,.md,HISTORICAL,true
BUILD130_ARCHITECTURE_VALIDATION_REPORT.md,674,eae4877f68df49991429e2d0f54ce911a95845ae4b55d41092ebb0645c75a5cd,.md,HISTORICAL,true
BUILD130_DELIVERY_VALIDATION_REPORT.md,1681,fdebc42ec505c512c254a8bcd48e5eaf9b01495965ead9dc26644c563369908f,.md,HISTORICAL,true
BUILD131_ARCHITECTURE_VALIDATION_REPORT.md,1292,b2de00484a7f747b86d24a68f44c135ce02ec92cea06655254efde0f4d7ae03e,.md,HISTORICAL,true
BUILD131_DELIVERY_VALIDATION_REPORT.md,1753,b87202c237b30855dc96dd8be2fdcc85124b817072d2e5389e9ab51bdb5c8039,.md,HISTORICAL,true
BUILD132_ARCHITECTURE_VALIDATION_REPORT.md,1385,b8f0fe32e294eba00eda13e81a5ddc693d5865656cf9c7a6e40ef3698d0405b5,.md,HISTORICAL,true
BUILD132_DELIVERY_VALIDATION_REPORT.md,1822,06b01606d55808592ac2852dbcfbd0fa4e5033d9685542a597b5c4e384d44e61,.md,HISTORICAL,true
BUILD133_ARCHITECTURE_VALIDATION_REPORT.md,1277,8bb103c453a68512a7a9997c02259c9ad00b7ff2b6445276a426dd18dfadea2b,.md,HISTORICAL,true
BUILD133_DELIVERY_VALIDATION_REPORT.md,1135,585c8be452f54601d64b61c697bf99eec39f1a1b6de431d311225065cc1b0fad,.md,HISTORICAL,true
BUILD134_ARCHITECTURE_VALIDATION_REPORT.md,1547,d403c361bccc5b5e03e49df4f59f4d7aa297d4945793f107f513b7e761fc0d65,.md,HISTORICAL,true
BUILD134_DELIVERY_VALIDATION_REPORT.md,1303,c0fa9118bfb5277efd8ad3cee7a7e3ecf53b540e055a3123758d0c535a06ff06,.md,HISTORICAL,true
BUILD135_ARCHITECTURE_VALIDATION_REPORT.md,1714,ca4252562b5d31ee5f1b499cc080ab9e39c4751631734d54004328138e810a96,.md,HISTORICAL,true
BUILD135_DELIVERY_VALIDATION_REPORT.md,1406,b4d649d953bb4068668d9d3bb2b97cbdcce90ee66f982a3196ce607740155646,.md,HISTORICAL,true
BUILD136_ARCHITECTURE_VALIDATION_REPORT.md,1795,1009066c0bf4896aeacf3c8c2b4c9dc4dbba653bea4a6a6af26243b12922a1db,.md,HISTORICAL,true
BUILD136_DELIVERY_VALIDATION_REPORT.md,1454,f497bd56c58057a245966db47427758100984eaec442218b8538353fa5145757,.md,HISTORICAL,true
BUILD137_ARCHITECTURE_VALIDATION_REPORT.md,2034,066861a49f7e61e3298970893d8d77f21b4b96838c508079b91ce7b30f4b6dc1,.md,HISTORICAL,true
BUILD137_DELIVERY_VALIDATION_REPORT.md,1444,c780428d0c3ed12f0f361fc246a3545bc841ded109ea87d8b5fdf180364ead9a,.md,HISTORICAL,true
BUILD138_ARCHITECTURE_VALIDATION_REPORT.md,2026,0da60a0e15d65c4ab930495a108de58cb58b71b8c5851d1456d6e6223a8344c0,.md,HISTORICAL,true
BUILD138_DELIVERY_VALIDATION_REPORT.md,1426,e1d8317669d925093de4a52399a699689d50886e1db49adeeac7f2e3c548eb21,.md,HISTORICAL,true
BUILD139_ARCHITECTURE_VALIDATION_REPORT.md,1459,b089cb1af5f9db2f7c00cd480b0f1899b69db27d27215d79507520fc57f5bbb1,.md,HISTORICAL,true
BUILD139_DELIVERY_VALIDATION_REPORT.md,1421,9e6994916c19e548be562fda81a964864641817298c80af32a1a14eb0186f877,.md,HISTORICAL,true
BUILD140_ARCHITECTURE_VALIDATION_REPORT.md,1286,3fdea751961e9ce79077b5c3f4adefc629150302290278635649b24e7dfab9e0,.md,HISTORICAL,true
BUILD140_DELIVERY_VALIDATION_REPORT.md,1418,04cd83147b7e2a426003a71cfa88c6881b3521a2ee90345c2669c4bd7c9b1cdb,.md,HISTORICAL,true
BUILD141_ARCHITECTURE_VALIDATION_REPORT.md,788,ce32f43f923da5a94a5a6abefbe319ad56bbeb166ba29d85842fb7e4059f7419,.md,HISTORICAL,true
BUILD141_DELIVERY_VALIDATION_REPORT.md,736,8c5e3c03e0c60198a0471c4a7603c8d1a37d9f708e1eac946d6f0f1506bc39b7,.md,HISTORICAL,true
BUILD142_ARCHITECTURE_VALIDATION_REPORT.md,892,1e7ec265c0e7e4406fd9bb1f6ff40202bc001dbf321c001d09896e7ac671aaf2,.md,HISTORICAL,true
BUILD142_DELIVERY_VALIDATION_REPORT.md,0,e3b0c44298fc1c149afbf4c8996fb92427ae41e4649b934ca495991b7852b855,.md,HISTORICAL,true
BUILD144_ARCHITECTURE_VALIDATION_REPORT.md,719,c5b322e7602034b1bb187e891575b37701cd21839bff1ab5cef669184c4bdf69,.md,HISTORICAL,true
BUILD144_DELIVERY_VALIDATION_REPORT.md,970,a551ef2a6bc20afe6a32a5252958eb53e1247e1d4cd0b8841504bdaced74fcbd,.md,HISTORICAL,true
BUILD145_ARCHITECTURE_VALIDATION_REPORT.md,1551,e65c846f58b4cb9419a4bb60680bf5caf32299aaf67badebd0234e62161b2d4f,.md,HISTORICAL,true
BUILD145_DELIVERY_VALIDATION_REPORT.md,446,fdc7998cc494ec7cbcfa2b4e0b94bde2875da03b0db6b1c956d50ae9ad69fbf1,.md,HISTORICAL,true
BUILD146_ARCHITECTURE_VALIDATION_REPORT.md,2527,cf11c6a34efa34b9c6ed04e3abb4718f7494577a316b276c88a086c7a560d301,.md,HISTORICAL,true
BUILD146_DELIVERY_VALIDATION_REPORT.md,917,e20100ca6c177bc584ace8ffe355f304a55e90583790038ef757a8a9ede1a68d,.md,HISTORICAL,true
BUILD147_ARCHITECTURE_VALIDATION_REPORT.md,2552,5b75c6c2249f07756a9ebcc19f84ecb7d86e7c6b922c941e44a98558e5670b2a,.md,HISTORICAL,true
BUILD147_DELIVERY_VALIDATION_REPORT.md,1228,f52bcd32b56c4fbec0445a73119f2eb0a1d100470db222eaf61c381ddcb85573,.md,HISTORICAL,true
BUILD148_ARCHITECTURE_VALIDATION_REPORT.md,3169,a095d794db7839feaa6408d162f51d57c983475cd144209bbe6ae398c2790381,.md,HISTORICAL,true
BUILD148_DELIVERY_VALIDATION_REPORT.md,1670,b26b82ba6739d3e2db999ec6aa6e240c4069dd1b548026c80f4ca7f4a32919cd,.md,HISTORICAL,true
BUILD149_ARCHITECTURE_VALIDATION_REPORT.md,3072,cfefba1ad5c48f03572db0bb69198f4bb39a47c6a7710fc59c983b45714412af,.md,HISTORICAL,true
BUILD149_DELIVERY_VALIDATION_REPORT.md,2721,eeb9da202c162496eeb3c2dd27588cd22dc8cade89eb02192a83bd52e342cf40,.md,HISTORICAL,true
BUILD150_ARCHITECTURE_VALIDATION_REPORT.md,1958,8bc4918d06740813f64f16c14937fb8c50a8e61eebeaa42f0eea4aef5b1cfb23,.md,HISTORICAL,true
BUILD150_DELIVERY_VALIDATION_REPORT.md,1725,39f7c00a8ddb0e853caf4d93f17df04e9b0f494c559d843000f388265e78694a,.md,HISTORICAL,true
BUILD151_ARCHITECTURE_VALIDATION_REPORT.md,2201,6aa505ba49f7518b39b6c3ea29b8dac87160932959bf98ade7673b13bc6b0636,.md,HISTORICAL,true
BUILD151_DELIVERY_VALIDATION_REPORT.md,1203,e88387fcdd8aecf50f4342296338363addbb65fb34509ce18febf68a8def7263,.md,HISTORICAL,true
BUILD152_ARCHITECTURE_VALIDATION_REPORT.md,2130,cfe1851915df1d8a93aa8b437dec4a2dccce84ee5764a6eeffa2c2dfd9496611,.md,HISTORICAL,true
BUILD152_DELIVERY_VALIDATION_REPORT.md,1155,4b23737537f40c978ab29d4b13e73e5184e98eefac9b1f50872d8834d6737147,.md,HISTORICAL,true
BUILD153_ARCHITECTURE_VALIDATION_REPORT.md,1674,3f260146a73d2a4f3f54c8e79a9990c1b079bf40796c421e22145428ab6e8a6f,.md,HISTORICAL,true
BUILD153_DELIVERY_VALIDATION_REPORT.md,1141,d988c67984708b9cf451182ede5e45ccd39a60ddca264cc1b85c4c7ee1767f2e,.md,HISTORICAL,true
BUILD154_ARCHITECTURE_VALIDATION_REPORT.md,1062,898aaab1e85a5c19a904855614bd9b1c230261b1a8d1d71bb4904c09efd408c1,.md,HISTORICAL,true
BUILD154_DELIVERY_VALIDATION_REPORT.md,1044,be5f17fd27b0540beeadc2511a0d59fcf60347290d32aa2ad4e3c94e0c41eac5,.md,HISTORICAL,true
BUILD155_ARCHITECTURE_VALIDATION_REPORT.md,911,18a8abe3fad99c11c16b87d99c87bef0500ed793c7fd959866d2184dc184c0af,.md,HISTORICAL,true
BUILD155_DELIVERY_VALIDATION_REPORT.md,863,0d5f52a961eec7c0671c8e9801a5256bb9e996cd8463c0b3b318b6bb22412db6,.md,HISTORICAL,true
BUILD156_ARCHITECTURE_VALIDATION_REPORT.md,911,fd266fde5afb501ab36d69baa114e45c38d70025278ed26bb68272ffe4a79b38,.md,HISTORICAL,true
BUILD156_DELIVERY_VALIDATION_REPORT.md,987,93632d9a5fc53f9fda57c0e5fd1c4a15fdafbf5137495c278dc5e6d5433ec4f8,.md,HISTORICAL,true
BUILD157_ARCHITECTURE_VALIDATION_REPORT.md,904,b929abc0b443e570e16a8ef36bcdbf73e57ae883587469b68c903b90246f6ea3,.md,HISTORICAL,true
BUILD157_DELIVERY_VALIDATION_REPORT.md,1260,5b5b17ca3ef445a38e0f0ea25dc005e94d8747cabb24fccab66bb4e8283a18d4,.md,HISTORICAL,true
BUILD158_ARCHITECTURE_VALIDATION_REPORT.md,872,3efafe7cc969f873691f00809843d62b8c57f92f7b09bb269537ef98c570ad32,.md,HISTORICAL,true
BUILD158_DELIVERY_VALIDATION_REPORT.md,1026,91dc469d3b1d6bfc2f483c5956adbbccb48926c5e8d0bb524db70a231f371750,.md,HISTORICAL,true
BUILD159_ARCHITECTURE_VALIDATION_REPORT.md,1077,d8d3acd68185b563b401c077fbf67f91609635c9471af36179c3bfe191a24cd3,.md,HISTORICAL,true
BUILD159_DELIVERY_VALIDATION_REPORT.md,1031,51e2470c736385fecb3fb3de939e043aada73a190547c9854fe08a4cf28c6d01,.md,HISTORICAL,true
BUILD160_ARCHITECTURE_VALIDATION_REPORT.md,1204,2e3954c9d445aac4ccec6ee1cde3b6dbdfb0935c711cb677b2e60665d1b79ee6,.md,HISTORICAL,true
BUILD160_DELIVERY_VALIDATION_REPORT.md,918,973ecfb3f6f32fb67e08fd826bcc73f5a36e76dc8d9a84befed6ef88a26ffd65,.md,HISTORICAL,true
BUILD161_ARCHITECTURE_VALIDATION_REPORT.md,1371,805c627149cf9ce5f3ea3a1cd5925fc946b19e8044e46677276ac1d60ac77fd7,.md,HISTORICAL,true
BUILD161_DELIVERY_VALIDATION_REPORT.md,994,ffebf9699c5b413c0583bf50a5cefdfa63d9fa365d4913ee71f3926fb25dc317,.md,HISTORICAL,true
BUILD162_ARCHITECTURE_VALIDATION_REPORT.md,1249,181ae7386d6c070dff4b064b7e5cad404790bef2519b9cad36e4fa17586327ce,.md,HISTORICAL,true
BUILD162_DELIVERY_VALIDATION_REPORT.md,968,7f01a0f649db10591da3e286b9960b692eaa250b831344ac38ed1f0af10217ee,.md,HISTORICAL,true
BUILD163_ARCHITECTURE_VALIDATION_REPORT.md,951,9ec9bfa29d4cf3f7da9c0edf7d32f1aa61830feb6dbaf3a7bf3b3f15c74ba35c,.md,HISTORICAL,true
BUILD163_DELIVERY_VALIDATION_REPORT.md,959,95c34183f8c0fb41dc9f39ac7af10d35a8db2fceea3d78deeea45f31ed7a762f,.md,HISTORICAL,true
BUILD164_ARCHITECTURE_VALIDATION_REPORT.md,757,b66c50909b8db0992a4d61f46391d81378c3e1b9277f175a1ab3410842f17b00,.md,HISTORICAL,true
BUILD164_DELIVERY_VALIDATION_REPORT.md,931,e0484f969ca4f772796413afbd37e05271492ef771d106e1eacbe76e9d754e29,.md,HISTORICAL,true
BUILD165_ARCHITECTURE_VALIDATION_REPORT.md,0,e3b0c44298fc1c149afbf4c8996fb92427ae41e4649b934ca495991b7852b855,.md,HISTORICAL,true
BUILD165_DELIVERY_VALIDATION_REPORT.md,980,39f2e7b15c048b622d91d934062109e0e60cdd53002a51258349aa9069192933,.md,HISTORICAL,true
BUILD166_ARCHITECTURE_VALIDATION_REPORT.md,890,0073321f6cd9b2f5d33eabc95563324fdcee23305103766c9dd5da734edefbe9,.md,HISTORICAL,true
BUILD166_DELIVERY_VALIDATION_REPORT.md,965,bfae61f45cf28fa3df3973ab91444122247589d6c0207009cb7d8f429b713b54,.md,HISTORICAL,true
BUILD167_ARCHITECTURE_VALIDATION_REPORT.md,919,20297173a569ebba28700e116cf7e1d6f2a9ef5e2e342013f6f0ab32701cafbe,.md,HISTORICAL,true
BUILD167_DELIVERY_VALIDATION_REPORT.md,0,e3b0c44298fc1c149afbf4c8996fb92427ae41e4649b934ca495991b7852b855,.md,HISTORICAL,true
BUILD168_ARCHITECTURE_VALIDATION_REPORT.md,1052,f2ceec9c93b1175b79608b9427ed4bc133788fbe2a8d3a281e5d3942b1ff10f0,.md,HISTORICAL,true
BUILD168_DELIVERY_VALIDATION_REPORT.md,1020,933a7ad7dece63aedbeb43d2e10d6dda3e68d65af1cd8a1da212f035ee307719,.md,HISTORICAL,true
BUILD169_ARCHITECTURE_VALIDATION_REPORT.md,866,6dfcc715613f2ec637ba5bbe2cc807ac099b6c12b60209f94e634e1e40a25843,.md,HISTORICAL,true
BUILD169_DELIVERY_VALIDATION_REPORT.md,1222,ec878c42b450ff117b09fa0d65c4aa7f050f7562482b72bff7bd35e1d87a2320,.md,HISTORICAL,true
BUILD170_ARCHITECTURE_VALIDATION_REPORT.md,1295,adaa95395990fe3d2eafa4c34618b0c1811b98006934c8b049b5d90fa936c510,.md,HISTORICAL,true
BUILD170_DELIVERY_VALIDATION_REPORT.md,1234,7da36fc813520dde96403d53a8cf506391b2043ad70007848991a586441fd418,.md,HISTORICAL,true
BUILD171_ARCHITECTURE_VALIDATION_REPORT.md,1588,1726b3818a6f07932938475c87a43aa5b88bc0db258f18dffc0d1657b6b663fe,.md,HISTORICAL,true
BUILD171_DELIVERY_VALIDATION_REPORT.md,1110,c91ffcfbf5a3ce84b969c312bce2a862b26d5ecadeb005f30e04b57bbf3748da,.md,HISTORICAL,true
BUILD172_ARCHITECTURE_VALIDATION_REPORT.md,1473,671731f44f4ae91cdfad0ca5c3aaefc813f28afb94583b18904066b1d3becbe4,.md,HISTORICAL,true
BUILD172_DELIVERY_VALIDATION_REPORT.md,1110,0a1721e1638a602a5ce22e604b0b3cd8a0e0797a401f19f485b50478d2c49714,.md,HISTORICAL,true
BUILD173_ARCHITECTURE_VALIDATION_REPORT.md,1391,4a8937d9410f8f4179e1c4b6b9f2d277c25550442ff70459c7bf0a7d436381cd,.md,HISTORICAL,true
BUILD173_DELIVERY_VALIDATION_REPORT.md,1110,dc097eedaa5665aca4c91e2b2bf88923f4b07aca0f467fb1bd74db1d6947b3d1,.md,HISTORICAL,true
BUILD174_ARCHITECTURE_VALIDATION_REPORT.md,317,3349d8a6655ddb85f62cf10c9f2391ce926397b6a528ad7f4ee5e1831bc3453f,.md,HISTORICAL,true
BUILD174_DELIVERY_VALIDATION_REPORT.md,192,1ec443e4be5ee64f017057128265480b43f7543658df139bccacf304d55eedcc,.md,HISTORICAL,true
BUILD175_ARCHITECTURE_VALIDATION_REPORT.md,1304,764be0ad6eef796db2b584062baaf33c2e433970e1c50c758f9e93fa56c58339,.md,HISTORICAL,true
BUILD175_DELIVERY_VALIDATION_REPORT.md,1005,cdba4d5035db8b9193db5925308d09f66cb2281ed7c20bb1e8232308dfdba6d7,.md,HISTORICAL,true
BUILD176_ARCHITECTURE_VALIDATION_REPORT.md,1728,20187b4b7a3679feda994d6c6a90165f66b00d0284815115ca416000954cf4e2,.md,HISTORICAL,true
BUILD176_DELIVERY_VALIDATION_REPORT.md,1201,3158699d28401ef518f89b4eb851f6f5d6d1fbbd45a2296e35aa63577305bc16,.md,HISTORICAL,true
BUILD177_ARCHITECTURE_VALIDATION_REPORT.md,1273,bfb0319a5132839c73c1a3b2bcd1297705f613fe10b775d2bcd433f9b7e5a0a6,.md,HISTORICAL,true
BUILD177_DELIVERY_VALIDATION_REPORT.md,880,c96552b8c38391db8b5376a8c1a95a9e2e9ee7436d701b377d82db26f118f091,.md,HISTORICAL,true
BUILD178_ARCHITECTURE_VALIDATION_REPORT.md,1193,ca5aabc382d72811c5258795968e470af4e516ac5e9b3b68684b54a0aef63ef2,.md,HISTORICAL,true
BUILD178_DELIVERY_VALIDATION_REPORT.md,892,acfe7dcb9df679ddd500dcb2a45a805c033e0df0f86d6c797f816fa440442dbe,.md,HISTORICAL,true
BUILD179_ARCHITECTURE_VALIDATION_REPORT.md,792,bd06cb1cb0c719dcd31b95c21755f0f5c0921cbbadec2e2f1b193261ee291b42,.md,HISTORICAL,true
BUILD179_DELIVERY_VALIDATION_REPORT.md,810,60828789e7285dd6fd710f6f3a00fc337a81136befa854570a0c35985a103104,.md,HISTORICAL,true
BUILD180_ARCHITECTURE_VALIDATION_REPORT.md,967,c7893bd96f4ce2ec7a28cc56862b2b911bfd6e820761c6c7155bbc5538124fdc,.md,HISTORICAL,true
BUILD180_DELIVERY_VALIDATION_REPORT.md,884,ce435b82f22b6cb78a57e15f2f07f36a36ee0ffb59eabfb4a20bffbd272bb1d4,.md,HISTORICAL,true
BUILD181_ARCHITECTURE_VALIDATION_REPORT.md,1428,3afb962f7e1a798f06a8e11b074ad485aa55b688d56ca4bc0c2b808b8484e4ed,.md,HISTORICAL,true
BUILD181_DELIVERY_VALIDATION_REPORT.md,1302,c144768b75b7ab763d4029a301030e31ff1e65d2f384a69ac1461c6da269f4e4,.md,HISTORICAL,true
BUILD182_ARCHITECTURE_VALIDATION_REPORT.md,1545,6c4151233c5ef54392e54c7d817e492c410dfc90ee1dd800710bfb30f644ef09,.md,HISTORICAL,true
BUILD182_DELIVERY_VALIDATION_REPORT.md,1331,8476156d602e3ef833732dc053b742ded6f7a25795d134dbe67ec88377ff8f8a,.md,HISTORICAL,true
BUILD183_ARCHITECTURE_VALIDATION_REPORT.md,1585,c708be43a1fb118578076220bc2753165dd51b5c86952de307e65b8f68675d52,.md,HISTORICAL,true
BUILD183_DELIVERY_VALIDATION_REPORT.md,1430,3ea533f546e6156b79bba221954b10fb1bab86dfd4b67499e1a4fbd3bbf0b00e,.md,HISTORICAL,true
BUILD184_ARCHITECTURE_VALIDATION_REPORT.md,664,cbff1544dca20e476cfcb99c6444d1040690a07dd30295648c726e8572a3911d,.md,HISTORICAL,true
BUILD184_DELIVERY_VALIDATION_REPORT.md,0,e3b0c44298fc1c149afbf4c8996fb92427ae41e4649b934ca495991b7852b855,.md,HISTORICAL,true
BUILD185_ARCHITECTURE_VALIDATION_REPORT.md,612,d906c824ebce874460383d72ad93941ef5f6750cde9303059afcf075df52e128,.md,HISTORICAL,true
BUILD185_DELIVERY_VALIDATION_REPORT.md,514,bf9b86a0973ee23d02a6c98d4699c4fbbf1b77eb3dd3f7b11d8e33538c2efc4c,.md,HISTORICAL,true
BUILD186_ARCHITECTURE_VALIDATION_REPORT.md,765,25c8ecf68c0182673532ccab3d9e25fd202e6e7213a93d187badaa99935bde18,.md,HISTORICAL,true
BUILD186_DELIVERY_VALIDATION_REPORT.md,544,0da4423c73c83148a352d1b01427868fb9a1a6d5a5d472e4447572a172c47512,.md,HISTORICAL,true
BUILD187_ARCHITECTURE_VALIDATION_REPORT.md,781,8de525f47d355a0cd44218117b0d1a53e0cf4a3545ebe4f4a5028c3de8847516,.md,HISTORICAL,true
BUILD187_DELIVERY_VALIDATION_REPORT.md,759,6b6a300634383ce933dc9772ff7a95e881f360d24a2cc816da34130430e15142,.md,HISTORICAL,true
BUILD188_ARCHITECTURE_VALIDATION_REPORT.md,978,0ddbd1b2d2263b877ab4f10d6e0603c11979c760a2d1b117f607ec8700588501,.md,HISTORICAL,true
BUILD188_DELIVERY_VALIDATION_REPORT.md,1019,8891d2155154f0a2360affcb8fbe2b76508ab2189e8f04edd0b1b572dad66880,.md,HISTORICAL,true
BUILD189_ARCHITECTURE_VALIDATION_REPORT.md,888,f9eae2f7beaad02e78912ddd742a05db48800d3b1c77be8ce01f2ce234e8fc11,.md,HISTORICAL,true
BUILD189_DELIVERY_VALIDATION_REPORT.md,1039,bca972502c486990f299594e190d07b165930a1862d00e1e817cf9e099758b4b,.md,HISTORICAL,true
BUILD190_ARCHITECTURE_VALIDATION_REPORT.md,541,65ff5c60020ac171a80d48886272b3896679fd13adce01469db2de54d2f94b95,.md,HISTORICAL,true
BUILD190_DELIVERY_VALIDATION_REPORT.md,333,36de88e4918866c70c596084814621053bd6c7d80674abb8c2e561332493463c,.md,HISTORICAL,true
BUILD191_ARCHITECTURE_VALIDATION_REPORT.md,517,ce395f5b3561ff2d74d94f93eb68b7360fda27548689e121605c84d23cbf80aa,.md,HISTORICAL,true
BUILD191_DELIVERY_VALIDATION_REPORT.md,583,b46e84225b9023f4f4a27b35f65fab2da000d7ad82961754f757068be29cec19,.md,HISTORICAL,true
BUILD192_ARCHITECTURE_VALIDATION_REPORT.md,573,29908e4c228cff7e910231144a2f776e20679c9a1db454d5701083af17d4d4bf,.md,HISTORICAL,true
BUILD192_DELIVERY_VALIDATION_REPORT.md,591,0da9c5973114baf00a82e443ec740aec8f69c514c00a068a169a3ccb61382670,.md,HISTORICAL,true
BUILD193_ARCHITECTURE_VALIDATION_REPORT.md,584,4ca37cace0a6fbfc3bc479cb3b1f7659d14fcb9e42a2be74ae7c9c57e6c47292,.md,HISTORICAL,true
BUILD193_DELIVERY_VALIDATION_REPORT.md,596,dacdf42b249de0f2525c9b7832dfb75732bbd3ef9fdd04b69dcce1d86df9a782,.md,HISTORICAL,true
BUILD195_ARCHITECTURE_VALIDATION_REPORT.md,266,e44c479827410dd65c2d70e323ba4022632049d334d474a34e7341f58e28cc85,.md,HISTORICAL,true
BUILD195_DELIVERY_VALIDATION_REPORT.md,233,c4a47112b668915f761cfec90c4b34f8c08b78f1c85e6efbec5d34bd7c99b83a,.md,HISTORICAL,true
BUILD196_ARCHITECTURE_VALIDATION_REPORT.md,250,b42e011f910eb27971ab0353d1ace5740d5fd578c3c0646a94226ae05a93bd0c,.md,HISTORICAL,true
BUILD196_DELIVERY_VALIDATION_REPORT.md,233,befcb8ecfcfe890050f672306bdf4b19e06850130da901df9e760bf936a00ec7,.md,HISTORICAL,true
BUILD197_ARCHITECTURE_VALIDATION_REPORT.md,392,bdd71275825a5568667808245c92719ad7b05c3e20415359d17551a17fe45005,.md,HISTORICAL,true
BUILD197_DELIVERY_VALIDATION_REPORT.md,277,a32cfab264d78e1f197905ed280ca441592f3f2e58ddcc9f2000ada2e0c4bf65,.md,HISTORICAL,true
BUILD198_ARCHITECTURE_VALIDATION_REPORT.md,67,49e45dc0d8d9938e8522af0a1034a967e3c7e324cc943f99f1ce2a04397647b7,.md,HISTORICAL,true
BUILD198_DELIVERY_VALIDATION_REPORT.md,100,02a98aeeabe9c8fdeebe2b3a3cad32426e9e1e6348711ccd2d9712518acd53af,.md,HISTORICAL,true
BUILD203_ARCHITECTURE_VALIDATION_REPORT.md,572,64a03c99a3ac26a4291615d5c18d95f39c20f368ea9b5de009a4c9eb5fa502a0,.md,HISTORICAL,true
BUILD203_DELIVERY_VALIDATION_REPORT.md,297,1b6a7115340d2a402de6e42c9825c112c951826af5b1195e02dfbc8d4374fc79,.md,HISTORICAL,true
BUILD204_ARCHITECTURE_VALIDATION_REPORT.md,554,6794fb6b5c2cb00f0b038cdbcd744675410bf78cf5a0797db1f8f242b36f2036,.md,HISTORICAL,true
BUILD204_DELIVERY_VALIDATION_REPORT.md,606,9daeee6464ffb7d4cd0b5b31d9c43c6a7d5e14c101266a7048d7fc9fdebf4c28,.md,HISTORICAL,true
BUILD205_ARCHITECTURE_VALIDATION_REPORT.md,1519,ccff2dd2d1a0841589c990ebbb20fa9ee15bae515c692560ef84bd3df58d60af,.md,HISTORICAL,true
BUILD205_DELIVERY_VALIDATION_REPORT.md,1071,e219674fe581f79a57525df7ad4a29a3a9082480acef71869de7ebbd6a50f7f2,.md,HISTORICAL,true
BUILD206_ARCHITECTURE_VALIDATION_REPORT.md,1379,3ea86019c67ddf3839542f4a5c7fdf42588c74325580ca30833e5216fe9a61cb,.md,HISTORICAL,true
BUILD206_DELIVERY_VALIDATION_REPORT.md,1357,72e9e57bb7e14dcee9efdc6cbdaa62eb075c5849f6410bd13b6e9d7ee98ce342,.md,HISTORICAL,true
BUILD207_ARCHITECTURE_VALIDATION_REPORT.md,1596,b091e388b8ad1d224af1c6b9bf9294c241659d40cb7a949bd4312f7152614d9a,.md,HISTORICAL,true
BUILD207_DELIVERY_VALIDATION_REPORT.md,1159,4086c867577427d6d856296d0e55002b26b58f9f64d3045d83a0de8d15e394bf,.md,HISTORICAL,true
BUILD208_ARCHITECTURE_VALIDATION_REPORT.md,959,091ef3653fad447fc64adb751e5f6c8258929c111988148ab07c2124e20c9d8c,.md,HISTORICAL,true
BUILD208_DELIVERY_VALIDATION_REPORT.md,991,5c724645b4fc83befbc4fb48b0032fd99d38e8ff71c6830a747bd4a1c139f639,.md,HISTORICAL,true
BUILD209_ARCHITECTURE_VALIDATION_REPORT.md,1388,1cf4ea9d33c6243c5346fcb9130a5d6e436e93068ee06c787ec36983dc3ceceb,.md,HISTORICAL,true
BUILD209_DELIVERY_VALIDATION_REPORT.md,1074,dab62462fca62c366830c1c183adaced99d18c7dd716128799b7f65a786c7b03,.md,HISTORICAL,true
BUILD210_ARCHITECTURE_VALIDATION_REPORT.md,1396,5ac4b3b2b53553a4f1e4a9f41f9eb38c70f517951e017ea62dfbf6e22a95c67e,.md,HISTORICAL,true
BUILD210_DELIVERY_VALIDATION_REPORT.md,1570,97bdcaf6325d1e7e5a8fe403a109811cd3b51db154b7b0275a8d32e08449cd91,.md,HISTORICAL,true
BUILD211_ARCHITECTURE_VALIDATION_REPORT.md,334,3ab3e4baca35089c7e11813f3207dc4fb0d0772c53c8b68d377a07a5d3ac7476,.md,HISTORICAL,true
BUILD211_DELIVERY_VALIDATION_REPORT.md,295,892c669cc4ab49e14ac12cd79a3cd23136def38e48540288216669e6c05ec2d8,.md,HISTORICAL,true
BUILD212_ARCHITECTURE_VALIDATION_REPORT.md,954,9730bfb9dd9fd497e63b221004c69cc4a1033dda431e152fe2083f6c1d80bcad,.md,HISTORICAL,true
BUILD212_DELIVERY_VALIDATION_REPORT.md,1100,669c4fdd6fb0119612e54a93f5720a6cef33350c7e246561c1d291c1b91109f9,.md,HISTORICAL,true
BUILD213_ARCHITECTURE_VALIDATION_REPORT.md,1373,94f42550e2fe6876a5191966b3ce7f1fe8acddb23d5c8f63e834803bfd9bfbe2,.md,HISTORICAL,true
BUILD213_DELIVERY_VALIDATION_REPORT.md,1080,97325a5234386a57bb64da1b787db0a8840d4883577102941f9e514b515d8e9e,.md,HISTORICAL,true
BUILD214_ARCHITECTURE_VALIDATION_REPORT.md,2016,a2855d084a4959240b13bec2ef1990b0bdb36d4759f6131b2800e6c42368af30,.md,HISTORICAL,true
BUILD214_DELIVERY_VALIDATION_REPORT.md,1634,ee94da59f7a8916d8f69752448b53a4328fd11782e52313208ab65f2d665daee,.md,HISTORICAL,true
BUILD215_ARCHITECTURE_VALIDATION_REPORT.md,1277,c7ba4d4705c65051f22fe63f62e48f136d0352cd45f030c9cd4d67650b3b2c07,.md,HISTORICAL,true
BUILD215_DELIVERY_VALIDATION_REPORT.md,931,70e0a1217e8db723d2155f365bc4cab1bb29f2e5df283dd5ef664bb1d9b0fd2a,.md,HISTORICAL,true
BUILD216_ARCHITECTURE_VALIDATION_REPORT.md,1525,07f2275101a0d93238091fe28dae7d501709d67f0f4293880a269200e71c612e,.md,HISTORICAL,true
BUILD216_DELIVERY_VALIDATION_REPORT.md,1146,9fb79f64a4707c5b61108104d2e146e2863385d8723d82c4243535c2802538b3,.md,HISTORICAL,true
BUILD217_ARCHITECTURE_VALIDATION_REPORT.md,510,97a9dfd39e2c5de3283c6ceb983728210bbe06cbe60a88a1c795adf986493a55,.md,HISTORICAL,true
BUILD217_DELIVERY_VALIDATION_REPORT.md,403,da5e71de55bb882d2757f9d84a7a9fae992aafffa0e854c09ba58e344d097984,.md,HISTORICAL,true
BUILD218_ARCHITECTURE_VALIDATION_REPORT.md,719,5cb3626f641b32e368c58da37a03ff87e7f0f1b7d89983856b10e286cc9eb937,.md,HISTORICAL,true
BUILD218_DELIVERY_VALIDATION_REPORT.md,402,8a81d29ce964b45aece5a535a6155113978476c4b80c26fc4460886e2c99dd2e,.md,HISTORICAL,true
BUILD219_ARCHITECTURE_VALIDATION_REPORT.md,677,cfa7f85a1aa167fff62b15e4c2eb498b9374c1ea5985a45c5d79ebedabcf0e5d,.md,HISTORICAL,true
BUILD219_DELIVERY_VALIDATION_REPORT.md,408,ac07b50e5bd25db4530c280f171d52e6f30fe5a2113814f041d9b7ec4675f82e,.md,HISTORICAL,true
BUILD220_ARCHITECTURE_VALIDATION_REPORT.md,429,9b9e1b807d8210639da03ca10982dbd554d2b4d3e0a68da19b17b8b3d01f8e69,.md,HISTORICAL,true
BUILD220_DELIVERY_VALIDATION_REPORT.md,236,0bf1235ae6c203ef7db76acc7ab4993a31d02b69982836827ab719d1c094e6f3,.md,HISTORICAL,true
BUILD221_ARCHITECTURE_VALIDATION_REPORT.md,553,e8369c7bd38587ab8e29577f42904604c082780ad2ee9a57825b702d00f7a2ef,.md,HISTORICAL,true
BUILD221_DELIVERY_VALIDATION_REPORT.md,371,0e04f918516d4a5def13f5266a72c43a79736d7a9a0407b6af4d4f08d84222d2,.md,HISTORICAL,true
BUILD222_ARCHITECTURE_VALIDATION_REPORT.md,574,07c5f4ed4e17fe371a2aac704804b84832cc6602a100da75d1f431a324d9c736,.md,HISTORICAL,true
BUILD222_DELIVERY_VALIDATION_REPORT.md,765,ce3ab1707eb33715835ed0f488e5a16bc0d0b6b6ebac280eadafc7d69a8fa1a9,.md,HISTORICAL,true
BUILD223_ARCHITECTURE_VALIDATION_REPORT.md,651,08caf18d46979b2ac075b811010da174c6fab112139a4c729eae15e7b8a23ce8,.md,HISTORICAL,true
BUILD223_DELIVERY_VALIDATION_REPORT.md,718,9f3fe31e99e8b94a5a8ae0f0a866ecb84209d346c7da3de1d227ed82fe7c9695,.md,HISTORICAL,true
BUILD224_ARCHITECTURE_VALIDATION_REPORT.md,797,0b513127aa9ce80eaad674eac0413b7214a886488872c21601316648768191bf,.md,HISTORICAL,true
BUILD224_DELIVERY_VALIDATION_REPORT.md,767,08b7b61e46bcb04bed1c339952a30622b5f9066237e8a2bb270dc1e8dddfc1a9,.md,HISTORICAL,true
BUILD225_ARCHITECTURE_VALIDATION_REPORT.md,1305,18c1f3a4d1b80f09c4ecc9203138a5075e4d7acea225d25d7b7095bca000b5f6,.md,HISTORICAL,true
BUILD225_DELIVERY_VALIDATION_REPORT.md,890,49d4624a3a22fa105f79fdf61493b5a3c999954062864d5edc40a1660ce3df73,.md,HISTORICAL,true
BUILD226_ARCHITECTURE_VALIDATION_REPORT.md,1169,630f033ba0c1cd2e6876d45ff0d3488311cb3b2807534b68234cd7beebfae5fc,.md,HISTORICAL,true
BUILD226_DELIVERY_VALIDATION_REPORT.md,866,222683be53eb9a69ba9e6a2b55d8cb7d039bc0a76f497e26bbbe761961d6c6ae,.md,HISTORICAL,true
BUILD227_ARCHITECTURE_VALIDATION_REPORT.md,646,c1715da7ed919f5b591465f38b0c28ed92200b3def7a1d90824f1359c8b03914,.md,HISTORICAL,true
BUILD227_DELIVERY_VALIDATION_REPORT.md,919,07b3be12af293cc0906c6fda29a634ff88c7921f705ea0a955e619f08f81ae9b,.md,HISTORICAL,true
BUILD228_ARCHITECTURE_VALIDATION_REPORT.md,475,d93719da829041c0ff9f4f6bb55ff95d40830d883a557e4fbb25bef3f1857c67,.md,HISTORICAL,true
BUILD228_DELIVERY_VALIDATION_REPORT.md,703,8ca5c06ab565e4d031ca0a45647c204572a45eb88e3374a98d099c473f8785e4,.md,HISTORICAL,true
BUILD99_ARCHITECTURE_VALIDATION_REPORT.md,1572,21206d6d33604b7b8302ce7ad9ccf6b677a9dc2f9f8a0069d26a4f83f7bd3aeb,.md,HISTORICAL,true
build106-clean-validation.json,1768,432fa31009538968ab8a79188054d9c5565de24ae70b9ca9e68f191b04374049,.json,HISTORICAL,true
build106-targeted-type-analysis.json,807,b7fe91a8e99e9d5e7619a56e45a9fafb5b4ee79e347deeea07619e2d89f72f57,.json,HISTORICAL,true
checklists/CODING_START_CHECKLIST.md,677,65bbcb950e9aad8414d62f0782627865b3357fa58219880c779c55fbace324d8,.md,ACTIVE_REFERENCE,true
config/30-n-archive-policy-migration-scope.json,3686,1bba3334b570a1fac57ad4d4a72707fb8eb2bc8b746d7cbdd2f5a74d84921213,.json,ACTIVE_REFERENCE,true
config/30-o-archive-production-composition-scope.json,4766,87be5af232608622faf29033f3a7d95663a21c6abb02b6bfce0c677dbbdf6246,.json,ACTIVE_REFERENCE,true
config/30-p-durable-policy-transaction-scope.json,4671,cc0abc3915c41c97b2305f935362c70a61c3f3062feb8eda07577603f9a4716d,.json,ACTIVE_REFERENCE,true
config/30-q-journal-proof-and-rollback-anchor-scope.json,2614,76b94304b761a6b1d80615e6bdf055379cb6bd0c27d3ee5c00f2752c3cc9995b,.json,ACTIVE_REFERENCE,true
config/30-r-archive-core-table-receipt-fence-scope.json,2380,ed5fd0bcf299d792ffa7dc93f103f1a9d89720e9b701ce64591cff57970907c4,.json,ACTIVE_REFERENCE,true
config/30-s-archive-accessory-receipt-fence-scope.json,2586,78beee36653f68f069134b03082c6efb0ba56c37847d138d7a46e3293740d0f9,.json,ACTIVE_REFERENCE,true
config/30-t-new-correlation-operation-idempotency-scope.json,2844,528833cd665936f96e164decbc2a4b4cdff2a34655a8c2b484949be5d0509ac7,.json,ACTIVE_REFERENCE,true
config/30-u-durable-pending-operation-identity-recovery-scope.json,3133,c7db90d9f721f0b0ada5946bab9170ed9e8dab82bdd00c4697a7d4de0993f311,.json,ACTIVE_REFERENCE,true
config/30-v-expired-replay-reservation-pruning-scope.json,3090,d99c94463653a967054bcb18655b41d0fc7d150bf4bc14a3eaf3c89158f79f47,.json,ACTIVE_REFERENCE,true
config/30-w-finance-policy-enforcement-scope.json,2577,8aefa47e9206ec58f743bda5c56d71008dce577fef323b2c5a97a9937498c3d3,.json,ACTIVE_REFERENCE,true
config/30-x-health-policy-enforcement-scope.json,3233,263d2001e194a83978f8bc5d1d8ff2b045ea5410483019a4f562073ac40a2056,.json,ACTIVE_REFERENCE,true
config/30-y-life-policy-enforcement-scope.json,4677,d2de2f93ce8d8388dfbd08737a34e2d87dc2fa253a1522d3da1351c7fd14967d,.json,ACTIVE_REFERENCE,true
config/30-z-location-policy-enforcement-scope.json,8295,62f8905f807796f7d044052fc63d877d678142134c14a81d2f851123c16a63f1,.json,ACTIVE_REFERENCE,true
config/31-a-timeline-event-policy-enforcement-scope.json,1801,14c174121c15dbf3791e0d69700a7cf285bbebd3a20af11ffad79768c18aefa2,.json,ACTIVE_REFERENCE,true
config/31-b-family-data-import-central-authorization-scope.json,1412,6fa459654d06dc4fa72c46f653e209b346cb0178aa382c60a940892e62d187f2,.json,ACTIVE_REFERENCE,true
config/31-c-family-import-multi-policy-receipt-batch-scope.json,1853,1af0ef68cebb0dbe3eb6efd91532c95cc08adf8fc9c002550da318d2872acc8d,.json,ACTIVE_REFERENCE,true
config/31-d-family-import-reused-location-read-receipt-scope.json,967,12c1423aec71178fe66d170ff1540b8f157daee55fda7a938ab1b588871fb6fb,.json,ACTIVE_REFERENCE,true
config/31-e-user-visible-release-boundary-scope.json,858,398bb5bafaf57b9f68be6456b06f54a5ad97adc1eae302a59cbfec8ede1a7363,.json,ACTIVE_REFERENCE,true
config/31-f-family-import-created-location-linked-event-scope.json,1191,8c4763202bf60e58382a6202e7eb6efd82bb527ef9b41228e1f459585e23fefd,.json,ACTIVE_REFERENCE,true
config/31-g-family-import-governed-rollback-receipt-fence-scope.json,1213,8ddf273b9fe7bdde089931a9470c38184c22bd77f6af473b255d391ba01bd193,.json,ACTIVE_REFERENCE,true
config/31-g-main-structure-core-service-api-foundation-scope.json,1523,b8a744e331d54bed03b044d0299907e5528545abd4f1866061dbd6e5021790e4,.json,ACTIVE_REFERENCE,true
config/31-h-core-service-family-data-session-ownership-control-plane-scope.json,1419,5ceedcd15f8c6cccf1626c67aa4261c4d1b0b2371da27c391d2017411a63b948,.json,ACTIVE_REFERENCE,true
config/31-i-headless-device-secret-protection-boundary-scope.json,1483,b3f4ede0005c029b44341172df4b00a2c7c4b6aece937450f4adc04daefca9c8,.json,ACTIVE_REFERENCE,true
config/31-j-family-data-coexistence-default-deny-cutover-gate-scope.json,1620,651fe18d7a7ca87f00cdfb543c3b41526fe829a56b24054c51087b7bce50ab03,.json,ACTIVE_REFERENCE,true
config/31-k-monotonic-cutover-readiness-evidence-scope.json,2113,f8cbbe59899d6e5c7614776ad18c096ade0ca6c4b8a2e5e92a430cda18b7205f,.json,ACTIVE_REFERENCE,true
config/31-l-protected-cutover-readiness-journal-port-scope.json,1867,9066e02b75eeb8d528cabecf04076e743a4d29a2c4153e0c0d59ef092b5a8245,.json,ACTIVE_REFERENCE,true
config/31-m-signed-cutover-readiness-evidence-verifier-boundary-scope.json,2158,e8faed45eb565d68086a754345cdd7390f659d2d2b6ee6eab2d90e62e201ee22,.json,ACTIVE_REFERENCE,true
config/31-n-synthetic-single-writer-proof-harness-scope.json,2161,2c1743e2fab6ba3f9e8707af318f950b0f641e6045f0cc083210957044ee42dc,.json,ACTIVE_REFERENCE,true
config/31-o-synthetic-key-lifecycle-proof-harness-scope.json,2176,d5dfc8b00276cd59753b7854325c4aeff46e593a691b9b2223e38ff6d4696554,.json,ACTIVE_REFERENCE,true
config/31-p-synthetic-rollback-recovery-drill-scope.json,2665,3c321362bb782e32355c99976ee6d4f499fb83d7a2ea96af1280ebcaa5799d0a,.json,ACTIVE_REFERENCE,true
config/31-q-end-to-end-security-evidence-aggregator-scope.json,2695,5afd559b715fcb12aec9242485b52f18988931f73cc88d59bb39d02e2ece601f,.json,ACTIVE_REFERENCE,true
config/31-r-explicit-user-approval-receipt-boundary-scope.json,2866,920bb71b86fa8d496a53629d4afab146a9a25905c53f674593c06b3c3dd09744,.json,ACTIVE_REFERENCE,true
config/31-s-versioned-cutover-decision-preflight-scope.json,3078,393a2938c11b03a17d105ae7c688d58640fd63ebae47df9a6a6c07d9f71f46d5,.json,ACTIVE_REFERENCE,true
config/31-t-family-import-governed-rollback-receipt-fence-scope.json,1750,66ab1ba99bcbc16c4db0f1930d8ebaef0ac53db991126a28afaf640ccf6b63c6,.json,ACTIVE_REFERENCE,true
config/31-u-w-ppk-002-remaining-boundaries-scope.json,790,32b5e9d7f35ef805898a72cecce2dedfd81fc4a5230764442275274a25196a26,.json,ACTIVE_REFERENCE,true
config/31-x-ppk-002-top-closure-scope.json,1235,f6adba15e745a1f81047d8803049693753d2e4436382a712f7c79c1796227d8e,.json,ACTIVE_REFERENCE,true
config/31-y-ppk-003-default-deny-availability-top-closure-scope.json,1439,45eaed5e97e0fcd1ab17e444c155fa4c9fb7323c56f4b1c3c360bbe29b89d7e7,.json,ACTIVE_REFERENCE,true
config/31-z-ppk-004-complete-policy-context-binding-scope.json,1529,0dd65757a9b51823d7d36fb977473fadae378f85bc8945ab3db8f05dee7a6774,.json,ACTIVE_REFERENCE,true
config/32-a-ppk-005-complete-data-classification-scope.json,1574,852f17bd3e0ef6b62a8f9702eaa0705696179f21d31e75eb25477611db95d2a8,.json,ACTIVE_REFERENCE,true
config/32-b-ppk-006-complete-policy-obligation-suite-scope.json,1668,a1dc8a94835c609dfc5eb7c3ae32fbc33d67054c78cbedca97fb4d51fe1cb85a,.json,ACTIVE_REFERENCE,true
config/32-c-ppk-007-signed-versioned-policy-package-scope.json,1699,4c03c5dcffe3bf5e098f7965b4d9a951e238b71766b8ca11a81b6b0a1d90c10c,.json,ACTIVE_REFERENCE,true
config/32-d-ppk-008-application-identity-device-certificate-manifest-scope.json,1773,1f2078cd9083f98c4db6b3cd145a33c327b18595df1a4c26fdc04fce123ef1cb,.json,ACTIVE_REFERENCE,true
config/32-e-ppk-009-core-service-policy-reevaluation-scope.json,1661,9c2870b244201dff50b1df84ea84db431b17765a8eb4851a29d943b05fc2fda6,.json,ACTIVE_REFERENCE,true
config/32-f-ppk-010-central-policy-zero-exception-scope.json,1612,f0b83c34459edf952b2790387fcc9bd142912e41e0b7869417adc22b1ebc5cd7,.json,ACTIVE_REFERENCE,true
config/32-g-ppk-011-contextual-ownership-policy-scope.json,1743,1294de02d589bf2d7ca84812a45e19f79cd30fa0dbba6740535a06584864e308,.json,ACTIVE_REFERENCE,true
config/32-h-ppk-012-offline-capability-lease-scope.json,1860,a80a427594d5a76c8e3237b9be84f5756a2b42ca42876306097d0878e539e4a6,.json,ACTIVE_REFERENCE,true
config/32-i-ppk-013-client-data-access-boundary-scope.json,2717,26b01e907844b05264e09c5e92113acd956142002baef0ce7c07667bfde9b029,.json,ACTIVE_REFERENCE,true
config/32-j-ppk-014-versioned-core-service-api-scope.json,2907,7b8c203826ff26ae9d1d2a47a9740e019b90fc068ec99237e0e09df4d212290b,.json,ACTIVE_REFERENCE,true
config/32-k-ppk-015-network-egress-policy-scope.json,3657,343aa943907032bf1982e635a774e9aa363c72875d66fe09928d785f9a9aae50,.json,ACTIVE_REFERENCE,true
config/32-l-ppk-016-derived-data-policy-inheritance-scope.json,9391,a3d3a0c8571ca11b69a8a92a9d8a8879610b04a77818e392e41f61939c556bc4,.json,ACTIVE_REFERENCE,true
config/32-l-ppk-016-derived-data-production-inventory.json,10034,5ec6b8e64fa8c2dec09880a0941aff55f9b6ee8fdf3d9bb8db8500adeb0bed75,.json,ACTIVE_REFERENCE,true
config/32-m-ppk-017-log-surface-inventory.json,4292,db322ff0c749589d5ca8ae0dd101ec3a3181c651991e67b1a8b7b428a00c1af4,.json,ACTIVE_REFERENCE,true
config/32-m-ppk-017-sensitive-log-policy-scope.json,5146,bccbf4fb42cb6a65dc24aa2a0906cf6cc87d6ac51b7e83a4615a933dc370a227,.json,ACTIVE_REFERENCE,true
config/32-n-ppk-018-immutable-policy-decision-audit-scope.json,6417,125eb1158527308344b1335f72f8a1496611aeb72a922e41121c66c3092e6aad,.json,ACTIVE_REFERENCE,true
config/32-n-ppk-018-policy-decision-audit-inventory.json,5450,b1dfddf3f1779896e86b11c41c235278167f12aee7e9d552512761efeb42079e,.json,ACTIVE_REFERENCE,true
config/32-o-ppk-019-propagation-owner-inventory.json,9477,ac962af78ce2974a365771e9b04dc9bdeb70f3b127573c4adcd322ec2654da98,.json,ACTIVE_REFERENCE,true
config/32-o-ppk-019-source-deletion-propagation-scope.json,7925,a293ca2c2efd51f20095e23655f234fbaa1e984f58aec2a965f230ed5887b026,.json,ACTIVE_REFERENCE,true
config/32-p-ppk-020-policy-conformance-suite-scope.json,5736,7e268bb372b1c73b897c1c6cf8048e1b3cc9e40460a789b232ef68ea1366b426,.json,ACTIVE_REFERENCE,true
config/32-p-ppk-020-policy-conformance-target-inventory.json,5251,1709472da2d0e6e6014426e91070f3868d3e8545d2bfc9ac5d92eab5061aa4d9,.json,ACTIVE_REFERENCE,true
config/32-q-ppk-021-platform-policy-ast-allowlist.json,91097,9ea5b846e552e760fbd8dd5f8bee7fb83988ef19bb93e3bbd4ac0465c4b71205,.json,ACTIVE_REFERENCE,true
config/32-q-ppk-021-platform-policy-ast-gate-inventory.json,3669,235d855691c77e7fbfae642044a5b651e47ab0d5515f47d48e6247d98e2c5e79,.json,ACTIVE_REFERENCE,true
config/32-q-ppk-021-platform-policy-ast-gate-scope.json,6621,98b285333b3d6fc89bf4c1e020f2a655c95664b0f19cac3408227b3a7d3f9dad,.json,ACTIVE_REFERENCE,true
config/32-r-ppk-022-capability-manifest-gate-inventory.json,5071,9b4ef49c7cf4b5a6fe09478fedb2e8aa97f0ee560330e5f4bc6ae7cfe627e9fe,.json,ACTIVE_REFERENCE,true
config/32-r-ppk-022-capability-manifest-gate-scope.json,7858,0752ad1d546a8c79e6749c7344cf7bfe558267d4dedde99cb453a31d11df85ba,.json,ACTIVE_REFERENCE,true
config/32-r-ppk-022-capability-surface-manifest.json,122903,54061e189e7771868552efa869c69a75426f24e4edd846af1c62496c82f0e1d6,.json,ACTIVE_REFERENCE,true
config/32-s-ppk-023-application-security-profile-gate-inventory.json,3998,dd8c77e4ae9b603b13a295bc4ccc50504ae0fab9240e14b84111b185b515a8cc,.json,ACTIVE_REFERENCE,true
config/32-s-ppk-023-application-security-profile-gate-scope.json,5203,ab57e2defaccffc8e00a442ab5430b22dc6424cda5ad2bfb3876bb84d765a9b7,.json,ACTIVE_REFERENCE,true
config/32-s-ppk-023-application-security-profile-manifest.json,10122,19e93b399731099a035b3c26534a3193545d9b78237920e6bb66b17fb56b64ff,.json,ACTIVE_REFERENCE,true
config/32-t-ppk-024-policy-service-availability-inventory.json,5471,7587f9c4ab5b9d81148d93311e031d0337928ce0831d1e0a621cdf7845d5cd4f,.json,ACTIVE_REFERENCE,true
config/32-t-ppk-024-policy-service-availability-scope.json,6173,a78dc9b7cee211e2e213c6d3a7009bbac89b861c89388c148bd4a6f205d4aeca,.json,ACTIVE_REFERENCE,true
config/32-u-ppk-025-external-build-assets.json,2290,7d0a45fe0472dcf9a474d166cef7cacd82ffee49520e145d08f1492b3ab36068,.json,ACTIVE_REFERENCE,true
config/32-u-ppk-025-signing-trust-policy.json,3319,22089572b8a3fef9d48985e03b90c0ea99ccccdc32ac220c26791912a2376756,.json,ACTIVE_REFERENCE,true
config/32-u-ppk-025-software-supply-chain-inventory.json,9012,cb10d641fa4bc6e676efc930e86e0f74d5ef56c49753c84144d5922e5c3335b8,.json,ACTIVE_REFERENCE,true
config/32-u-ppk-025-software-supply-chain-policy.json,6834,52bb6ba433a29f16be9a8afd3ecf452a455281cd3e7534d0486895d3adaa1111,.json,ACTIVE_REFERENCE,true
config/32-u-ppk-025-software-supply-chain-scope.json,7755,227a4eed92fb7bbfb71a7c04602f14abeda133dfc9d75ec41ec18046ec686dde,.json,ACTIVE_REFERENCE,true
config/32-v-ppk-026-typed-policy-sdk-inventory.json,4122,3f68ef1c4bcf2d5cbb9df3c837ae04699a1cbf7559af7f5f548f54067d721fb3,.json,ACTIVE_REFERENCE,true
config/32-v-ppk-026-typed-policy-sdk-schema.json,1269,8787c960d0e2169e722fb91046572cf65b084ae8552efc8565a7cb3534676cb2,.json,ACTIVE_REFERENCE,true
config/32-v-ppk-026-typed-policy-sdk-scope.json,3952,b3d70959d48be641f22337d4d1dc6fd67a73742e16dbc84ac65932a00469a935,.json,ACTIVE_REFERENCE,true
config/32-w-b0-03-b0-04-product-surface-governance-inventory.json,3780,19b8b6a1fc1098ad1b8b0c0b7ac783d7b865b70955472aa868dc810d86bbc8ba,.json,ACTIVE_REFERENCE,true
config/32-w-b0-03-b0-04-product-surface-governance-scope.json,2161,980ae76c8cd7114d6464bfa0c54c17347fa57ef21d46e823c1e66ffc7cfd659f,.json,ACTIVE_REFERENCE,true
config/32-x-b2-03-b2-04-desktop-security-inventory.json,2820,d9e7d5e6e9d31dd67e0954e294d5ec2bddeb1c339143b9ae99ad1f52e00b38f7,.json,ACTIVE_REFERENCE,true
config/32-x-b2-03-b2-04-desktop-security-scope.json,2809,6c0d86e7c447060c6ee7700efcc27633008e2ac31b580767fa961a50e654b1ae,.json,ACTIVE_REFERENCE,true
config/32-y-b2-05-b6-03-sensitive-data-consent-inventory.json,1791,30c9ce15aac8f67e4be9e3af1862f539de6c7df8abe2c50b2e68f5abc291448b,.json,ACTIVE_REFERENCE,true
config/32-y-b2-05-b6-03-sensitive-data-consent-scope.json,3100,8e483473fa266d84a9238cb612283f9264b221956ae985279a9f5474e3a5357d,.json,ACTIVE_REFERENCE,true
config/32-z-b4-banking-foundation-inventory.json,2346,d07a4d3478e676b3bf6a6068ca4ae677670917545f3294c335f9bacfe5b43321,.json,ACTIVE_REFERENCE,true
config/32-z-b4-banking-foundation-scope.json,3239,2707f064b9cb2492f7f9b41006254ef4caefbc717ea42dc6f1eb8e9986543e05,.json,ACTIVE_REFERENCE,true
config/33-a-b4-payment-card-management-inventory.json,2319,a7d35c92085dbbc56969cdd9e6de110ce248bda52877a4f8ebe7e9857017ec54,.json,ACTIVE_REFERENCE,true
config/33-a-b4-payment-card-management-scope.json,2679,0edb20b38de4851dedfcdf4ef9811fe7b55af853161cfa58ba168553f18620e0,.json,ACTIVE_REFERENCE,true
config/33-b-b4-loan-management-inventory.json,2445,b6abc8d6e8d069b645783180d21b47c326866f1d9380587f12f898aff26ac992,.json,ACTIVE_REFERENCE,true
config/33-b-b4-loan-management-scope.json,3337,a95b32bac51b3e8a246fd39572ee9737a1d6c4a526984575b61d198c6107ee83,.json,ACTIVE_REFERENCE,true
config/33-c-b4-finance-planning-portfolio-analytics-inventory.json,2699,652b00337eb7d2d7933b5d6db8f189dd0115a0e8d64c025dbeacb1d95f3b3a55,.json,ACTIVE_REFERENCE,true
config/33-c-b4-finance-planning-portfolio-analytics-scope.json,3804,22eb829746aaaf053e908aa3eb5172121d101f01966a5db86eb11cfb8bcdf449,.json,ACTIVE_REFERENCE,true
config/33-d-b4-controlled-import-open-banking-inventory.json,2762,7d8746a039f6d1e84585cf06df80121c01dc13462707a7db7fa1470b9294914f,.json,ACTIVE_REFERENCE,true
config/33-d-b4-controlled-import-open-banking-scope.json,4518,b6a4306da40ffc3e7585d8426801e1775f1a3a1fed2f647b7c4e6fbdf4177c93,.json,ACTIVE_REFERENCE,true
config/33-e-b5-category-life-home-vehicle-inventory.json,2520,c9d9338b9ed2a7669f1e39ccfab23e21430abefd2dd2f6ce55c43a4315cf7c0e,.json,ACTIVE_REFERENCE,true
config/33-e-b5-category-life-home-vehicle-scope.json,3249,fce852a7054a28b6efe5f80efffdce505501a3da262612256034e1efdc45efd8,.json,ACTIVE_REFERENCE,true
config/33-f-home-inventory-utility-belongings-inventory.json,2356,1fbd356731721634ac2ad5cd10f3e6f8f114cf29644ca5b8b3b23ae8ed0e6023,.json,ACTIVE_REFERENCE,true
config/33-f-home-inventory-utility-belongings-scope.json,3176,4c8e6586f4e8f6aff4c9c6f69552cb3270d93eb3ac3758e513f6ea56064f5558,.json,ACTIVE_REFERENCE,true
config/33-g-family-emergency-planning-inventory.json,2159,0bf6a8f16722a1cd61332fea7e4a4b516f227f8bb57e4361c696f21603c943c5,.json,ACTIVE_REFERENCE,true
config/33-g-family-emergency-planning-scope.json,2513,b809d42f13e704d00c9f6fe9c5c8c4057fe119732961e25b5bd5d688676dd0bc,.json,ACTIVE_REFERENCE,true
config/33-h-family-emergency-preparedness-inventory.json,2167,dfeedaf4ffab6e03dafb50a6c265402a1e7af984ed3e348ba7053d23d5ff9329,.json,ACTIVE_REFERENCE,true
config/33-h-family-emergency-preparedness-scope.json,3131,170b55d0674a4a52fb0073a46717b13af94b00bbebc13ba1d23ac422fe766815,.json,ACTIVE_REFERENCE,true
config/33-i-family-emergency-assistance-card-inventory.json,2159,1ddbc12102bdc4f51fb58f6f935058145dac2ee3e16db9bca4367785fa389fce,.json,ACTIVE_REFERENCE,true
config/33-i-family-emergency-assistance-card-scope.json,3272,2e544f69871686eeb2c8561dea263fbb77ca16827b299929f78aa05dee0ae4cc,.json,ACTIVE_REFERENCE,true
config/33-j-family-emergency-card-portability-inventory.json,3037,e5366e16c8926d79d2f061595da63526371abf27b4cd4d36d027d25ee99a0973,.json,ACTIVE_REFERENCE,true
config/33-j-family-emergency-card-portability-scope.json,5510,28f32c0e0cd69eb934fe61c7f3c950edbe52a6124f99e8bf41cbd36c4c163393,.json,ACTIVE_REFERENCE,true
config/33-k-privacy-consent-lost-device-control-inventory.json,1261,d3bd8fc213aef03f725493fb1499c6da99cc57dff2b6b434a284cf67bb5fb880,.json,ACTIVE_REFERENCE,true
config/33-k-privacy-consent-lost-device-control-scope.json,2234,a27152062076ef99d2a23ffe53687a133d4d1625876366fe25438bbdc7757f4a,.json,ACTIVE_REFERENCE,true
config/33-l-long-term-portfolio-inventory.json,1875,1f8a79e3694c8a781ca5abf473bdbedc3ba9b70d4a14949d44ec9d3d0ceb0339,.json,ACTIVE_REFERENCE,true
config/33-l-long-term-portfolio-scope.json,3522,bcb167eba4072520d7153210f4d25f97ee46872cb8320d1df9251fd874ed0cc2,.json,ACTIVE_REFERENCE,true
config/33-m-accessibility-preference-center-inventory.json,3502,568af40b4688d0b637bd31bdc280d9f5ef9188428835c958fe60b871c78ad938,.json,ACTIVE_REFERENCE,true
config/33-m-accessibility-preference-center-scope.json,3368,7bc2d99d34fe1f5fa100ef53db5ca2d7472d1886abcd12f65c0c1167d3726b09,.json,ACTIVE_REFERENCE,true
config/33-n-b7-15-route-async-state-inventory.json,2269,418b59017fd81e9c89779b554caab4bd94fd1859e4e5f3630686e35fefffd495,.json,ACTIVE_REFERENCE,true
config/33-n-draft-async-state-ux-inventory.json,3200,dec1e75bf65e664fbba2674eea4298e7f29777fe640470620d84e288e47fbd8e,.json,ACTIVE_REFERENCE,true
config/33-n-draft-async-state-ux-scope.json,3536,aca8cabb08e8842a7d13319f69d8d2a2ad5e9b7158a92d614ad92227b7b5d14c,.json,ACTIVE_REFERENCE,true
config/33-o-privacy-ownership-data-rights-incident-control-inventory.json,4522,19379391e66133e81a1d1259178a78bce82f76b36fba244f149cc4e732330447,.json,ACTIVE_REFERENCE,true
config/33-o-privacy-ownership-data-rights-incident-control-scope.json,5040,f628227b8cc37863d62a980a1606e43d38f3e93aa88e966acf1f562c8744c530,.json,ACTIVE_REFERENCE,true
config/33-p-identity-access-external-evidence-trusted-signers.json,374,fe6e67b067be53b30c31d559145a3d6ea5ac5bd58bbc8b64d9d85783970b95f6,.json,ACTIVE_REFERENCE,true
config/33-p-passkeys-federated-identity-verifiable-temporary-credentials-inventory.json,21700,4e796b9801c727ad9c20f9bdeef1a7cdc48af8657eccae8303601679d66b80a6,.json,ACTIVE_REFERENCE,true
config/33-p-passkeys-federated-identity-verifiable-temporary-credentials-scope.json,16792,aac5b9fe88fec884436596909285ad25c9730d2827451612828aff6bdba28647,.json,ACTIVE_REFERENCE,true
config/33-q-local-governed-ocr-derived-data-pipeline-inventory.json,20600,60fcedb81aa61efbcdc09ae2dd4a68928d4a6a25a357c217b615ac31e06668b2,.json,ACTIVE_REFERENCE,true
config/33-q-local-governed-ocr-derived-data-pipeline-scope.json,24759,312bff2714674da7346de01123fb02b5171ec892e229e2cae956dfb3dd9f1ec9,.json,ACTIVE_REFERENCE,true
config/33-r-archive-evidence-relations-media-lifecycle-unified-authorized-search-inventory.json,4358,2c98073ebbe2242c3ed7771872c3d6e312d2baa3aff100f840da4157869ab9a8,.json,ACTIVE_REFERENCE,true
config/33-r-archive-evidence-relations-media-lifecycle-unified-authorized-search-scope.json,6565,edac85ed93c6ba2ec4439c3066464e993a166d4d1d36d2a1b4be92d8fdafa81b,.json,ACTIVE_REFERENCE,true
config/33-s-health-care-coordination-elderly-support-ledger-inventory.json,3851,38a9a70ff8fa40d0cfb45611e2ab05140576e6918b1aa782f89446377c5e357f,.json,ACTIVE_REFERENCE,true
config/33-s-health-care-coordination-elderly-support-ledger-scope.json,5482,22afa6cd3535383009739137462ab035fba25c7026fa70c3cdcbf7a1fa5effb5,.json,ACTIVE_REFERENCE,true
config/33-t-household-operations-center-inventory.json,3717,fc3d1b05d8ff3f6a6d678eb561f92c525572e487bba5b78217c4312e2dfcf9ae,.json,ACTIVE_REFERENCE,true
config/33-t-household-operations-center-scope.json,6161,57d5d239b74e4a1ce226e1ab95e654db7104dfc5ccfa2c00fa68091ae5ab9811,.json,ACTIVE_REFERENCE,true
config/33-u-child-education-coordination-inventory.json,2953,ad950182f68d63c90deb2ebd2e4df4c7cd39d38d70fec571c5ba926261e4bc26,.json,ACTIVE_REFERENCE,true
config/33-u-child-education-coordination-scope.json,4121,19604b524af132a6a7b1fea362589a9c9b934b64b3fea85b119ef4e485e8b509,.json,ACTIVE_REFERENCE,true
config/33-v-places-travel-asset-pet-inventory.json,2943,fc7641d76ec46415cd2341165520d37ec0a9a7fd388e4d6c08201662bcf172c6,.json,ACTIVE_REFERENCE,true
config/33-v-places-travel-asset-pet-scope.json,4125,e48a544f343111ad7520b2ad2841f2fc95d0d8d02031a16f883830295984f206,.json,ACTIVE_REFERENCE,true
config/33-w-consent-bound-family-ai-assistant-inventory.json,3657,9ae4ef34d9b924e15dfd7252841768a9bdc3dc7bb503f12861d1bf80ac44bccc,.json,ACTIVE_REFERENCE,true
config/33-w-consent-bound-family-ai-assistant-scope.json,5427,7369ea5ee0fde559d9af95674103bfe022c3b778696d643f2a0b91816c033882,.json,ACTIVE_REFERENCE,true
config/33-x-memory-studio-time-capsule-inventory.json,3215,56e6fca15954b8a9966ef7b607b8be67d4bee0dfe30f1a418596cd46f8e81630,.json,ACTIVE_REFERENCE,true
config/33-x-memory-studio-time-capsule-scope.json,4553,677e44f2e1aabc3da61feac47c0a1a66ccdee890237a0c53d38b5c3fc713359a,.json,ACTIVE_REFERENCE,true
config/33-y-local-first-smart-home-energy-inventory.json,3131,68dc627be87bb3490f2c296660a8cd1c14a3c280d9e050f8f0d4e990fe1c28f2,.json,ACTIVE_REFERENCE,true
config/33-y-local-first-smart-home-energy-scope.json,3956,b5691e3b5cde17ca9fc5b4cc93da0ea4a71fca77ef041e3e612baa28d585ecd9,.json,ACTIVE_REFERENCE,true
config/33-z-signed-plugin-external-provider-platform-inventory.json,3616,d4bccd96426e6080f97de0168eaa5b138439e3fcfb6cdbeb9bd66a9b5e5c4540,.json,ACTIVE_REFERENCE,true
config/33-z-signed-plugin-external-provider-platform-scope.json,4974,ba8c5809705f3a124eb1715d46d2f1bf6a5ea8e5a69d33d516cb4c566e19f70e,.json,ACTIVE_REFERENCE,true
config/34-a-communication-policy-mls-foundation-inventory.json,3741,52c3027439c7b3f5376509b1d0eb6eab498148c86a970b070ad6d8c11096a8fc,.json,ACTIVE_REFERENCE,true
config/34-a-communication-policy-mls-foundation-scope.json,4710,1cee0bb0fb25323f01f78f1111ebfb407f301122b05f94aa536f39c7626a844e,.json,ACTIVE_REFERENCE,true
config/34-b-communication-messaging-lifecycle-privacy-presence-inventory.json,3898,08010ffa59c3c776057561f74e3e11da4cdd1e8ec11903fda3a09a501d529d75,.json,ACTIVE_REFERENCE,true
config/34-b-communication-messaging-lifecycle-privacy-presence-scope.json,4990,a596011ba511ac1b164120941949b95a5275831c8d25ea3398ba6acc1cb30817,.json,ACTIVE_REFERENCE,true
config/34-c-realtime-calling-media-accessible-ux-inventory.json,4259,b97005e56a6fa6d1b8e15c47ae6aa703c143eb753c079fc3a892c40643e9fb4b,.json,ACTIVE_REFERENCE,true
config/34-c-realtime-calling-media-accessible-ux-scope.json,5294,d017128b123d33f51815a677a9c868d9caa38c1f1486d4b0dd1dfbd7b49aeaad,.json,ACTIVE_REFERENCE,true
config/34-d-explicit-consent-recording-media-retention-inventory.json,3884,b5b9bac605fb226e9eff0311fe7473082bf713abea16d1c41abe4414c3f478e5,.json,ACTIVE_REFERENCE,true
config/34-d-explicit-consent-recording-media-retention-scope.json,4542,cc3242e035cdbc9730a830088e0f0f54b68d524093c39ef25e0732b4e01f833c,.json,ACTIVE_REFERENCE,true
config/34-e-local-first-translation-caption-language-provider-inventory.json,3894,1d59efe3a200f8f5107937beaee1bf3095be6c3376f5b590a060c44c3ae098f7,.json,ACTIVE_REFERENCE,true
config/34-e-local-first-translation-caption-language-provider-scope.json,4490,2a6f2b7adae40004291378e89bc21de0443eafe53fbc97e8965efb93ecf5d93b,.json,ACTIVE_REFERENCE,true
config/34-f-family-meetings-decisions-consent-minutes-inventory.json,3781,72a54e8c77118cdc7e21dd73b07335c9620d6cc0f38d3deb059a740621800047,.json,ACTIVE_REFERENCE,true
config/34-f-family-meetings-decisions-consent-minutes-scope.json,4648,188cb518e129bc1c3dd4867d4d5c91d47a3fa4c6d141ad8aa3b789af171a5840,.json,ACTIVE_REFERENCE,true
config/34-g-e2ee-file-sharing-remaining-communication-ux-inventory.json,2564,f6722179c244933d09f0e6d038d61e31feac70c8ec0e8bfd6e1fb77b18b36615,.json,ACTIVE_REFERENCE,true
config/34-g-e2ee-file-sharing-remaining-communication-ux-scope.json,2850,3945041854fc4b9e36315f60ed936ec6556e7406912d098c62da11ad93a8e785,.json,ACTIVE_REFERENCE,true
config/34-h-communication-audit-archive-integrity-inventory.json,1771,4705427fcd7eb1474e358a0d2b6acb2bf52e9b3a27ee75b494d52f178db40c37,.json,ACTIVE_REFERENCE,true
config/34-h-communication-audit-archive-integrity-scope.json,1753,6503d1eb2447190862c80d5db5924ac0d6e54b8ddd1e33e3232d364390e0deda,.json,ACTIVE_REFERENCE,true
config/34-i-distributed-core-consensus-tenancy-inventory.json,2560,152a722504dc8e6aefdaa1a7caf40ca3d6088cae3258411e28c85b6f32d8fe69,.json,ACTIVE_REFERENCE,true
config/34-i-distributed-core-consensus-tenancy-scope.json,3189,90815437d7e95654b5080a7ca694039a1978ffa4cd0a1d318790e900f4ea8c7d,.json,ACTIVE_REFERENCE,true
config/34-j-distributed-clients-operations-disaster-recovery-inventory.json,2349,67168e47130b9ec2cbb7086f14e58bb59507ab14c0e2f0a5dd9e816945c06515,.json,ACTIVE_REFERENCE,true
config/34-j-distributed-clients-operations-disaster-recovery-scope.json,3206,664258eb6d7da750cdde2e0ff7f3b11e5721327045498577363a1db5e68ed52c,.json,ACTIVE_REFERENCE,true
config/34-k-windows-resilience-universal-ux-inventory.json,3871,aa139eade68e287e3ba1311a396199752d3543f74b1ec615b5f3ec7cf7e7404a,.json,ACTIVE_REFERENCE,true
config/34-k-windows-resilience-universal-ux-scope.json,4909,25a1d4763d6a36d596e5a1d8709f64028d03ad181d8c099655684f1ad78a7058,.json,ACTIVE_REFERENCE,true
config/34-l-bronze-final-drift-deterministic-delivery-closure-inventory.json,1680,11f02d9a30b00fe504d0ef82ae47f53f5fdb608fdc5aa715da9eb6d9f6b40d96,.json,ACTIVE_REFERENCE,true
config/34-l-bronze-final-drift-deterministic-delivery-closure-scope.json,1976,e1c4669ea4897b8813a2b74f957c1012a8b8540d0a28a5267419fdab0f1ba82a,.json,ACTIVE_REFERENCE,true
config/accepted-cache-rc2-validation-policy.json,554,8c2963d70118409a716b49632388b9f0f2dcb967de2792b0b7ad4125b021213e,.json,HISTORICAL,true
config/accepted-scope-registry.json,454446,74e99b4abd218ccdb725e5efcfc8b04acfa86e964b780aa8dca562ecde2b20b5,.json,ACTIVE_AUTHORITY,true
config/active-document-set.json,3054,ee73f2160fa76a30c49041d3d3479e8921a4c637b329e445a81e1fa42c695f98,.json,ACTIVE_REFERENCE,true
config/active-file-classification.json,655,d7aedc7d45c5f2ecbddc5813666d3f05227cb2014b0f350f259754213f99471c,.json,ACTIVE_REFERENCE,true
config/active-governance-ledger.json,55054,c6b6ab59fd323e8102783830212a75048863d300699dc54760df5d2245a9974d,.json,ACTIVE_AUTHORITY,true
config/additional-family-capabilities.json,22031,f6cfb72cbe2c6b1bbe69df23283825f58a675610138b161584582974b68260bd,.json,ACTIVE_REFERENCE,true
config/bronze-backlog-priority-policy.json,8108,da460468f45de0222a84f4370339ed8866f9f3d808b898eb79386c4efeec3e1d,.json,ACTIVE_REFERENCE,true
config/bronze-current-audit-policy.json,5416,61bb63f5dfa3752a15bf6f7dfec0acd08da36b573d8da3d855c55a8a3472e722,.json,ACTIVE_REFERENCE,true
config/bronze-open-closure-status.json,1303,a00f0a1c7985b29a02aaf6d213ba8bc17d3e984064a6295f80c3e8bca259f032,.json,ACTIVE_REFERENCE,true
config/build-toolchain-security.json,1216,515958234d357b4005a98f0463960b3d9db677b002c0509d6fc9ba853817e0b1,.json,ACTIVE_REFERENCE,true
config/canonical-rule-registry.json,107541,16cd0412c960312d2eef105ec832883616bc2bac5e5e9608f356e6e8c263e34d,.json,ACTIVE_AUTHORITY,true
config/change-impact-dependency-registry.json,55623,128753cb118c386af52ca088c8d03abd2dfc5c5b775095c95d2482119b08a2ed,.json,ACTIVE_REFERENCE,true
config/conversation-capacity-policy.json,376,602c86d8a79e6868a23f8deb4deeaa3ddabfef56f1198c23c1cd09b95886a219,.json,ACTIVE_REFERENCE,true
config/deferred-api-integrations.json,3683,4315a79de940ea597737ec0f8788edd6b7a1e6fab877ead7548efd716e30fdcb,.json,ACTIVE_REFERENCE,true
config/delivery-attestation-contract.json,14094,e14ea5827cc880fd9836158499ee418376f2896d9ac93c3b76c1d351d5c3e7bb,.json,ACTIVE_REFERENCE,true
config/delivery-report-contract.json,1098,ba0d9404ef40773fa783d18f8148ce5a4909d84e5cfb60247f73c6846d3b15b9,.json,ACTIVE_AUTHORITY,true
config/document-inventory-policy.json,549,021dbc8bdd9aa9ee962f1b26dd57a35668466503e39dd32f483859224114d895,.json,ACTIVE_AUTHORITY,true
config/documentation-synchronization-policy.json,2240,f0a00fe1002b75587ca4b56288ed8399e991f3195506cc69548d287b1b5b05f7,.json,ACTIVE_AUTHORITY,true
config/gold-activation-trust.json,416,400237da4a03c29fa3590672ae9bc0d1cea6ef3106eca8e33c800ddaa9ad90d6,.json,ACTIVE_REFERENCE,true
config/in-use-user-data-protection.json,719,a3f06653708df31ed645b24d7f7229b638ffaf3e22bc4a957ea8f5a53ddd16f6,.json,ACTIVE_REFERENCE,true
config/kullanici-arayuzu-dil-politikasi.json,8574,e8d017873600cdda72fdbd282a90cb0828ea2213a8bfa4e4f5acedfc39e3b195,.json,ACTIVE_AUTHORITY,true
config/master-build-ledger-policy.json,3707,8c0224af43fe21fe65975eb747bb3c7a8c148e460f646c95231fb478976b0781,.json,ACTIVE_REFERENCE,true
config/master-build-ledger.json,393542,f7d26d78fed563a66a063f4c23676b9787e73a6c63449d1b927da2ed3a335aa0,.json,ACTIVE_REFERENCE,true
config/mutation-release-readiness-policy.json,5537,9354b44751e67044314e90da097f15f087dc491f9ab79094676da3e796d81160,.json,ACTIVE_REFERENCE,true
config/npm-cache-bundle-acceptance-policy.json,417,469d20759856e88239f3c4fdce575a8e10ebc32312fef11144dedadbd918e7b4,.json,ACTIVE_REFERENCE,true
config/npm-ci-policy.json,576,a9caff9af535779de6851249849a3331d8635cb773f18c965dbc02d877d5336e,.json,ACTIVE_REFERENCE,true
config/npm-dependency-acquisition-policy.json,638,fd995599c82626622dc35e0119a9768a232a763b5199ef793ce3011c5d8e6158,.json,ACTIVE_REFERENCE,true
config/persistent-artifact-policy.json,787,163b76bebc4ed67fd378c9169491c0fda8c253321a8a0ddf6ca53719ce397af1,.json,ACTIVE_AUTHORITY,true
config/personal-identity-policy.json,1716,b7ed7ff5e2964404bcb20fa970b836bae647671e8c969b169543b157f1d98379,.json,ACTIVE_REFERENCE,true
config/platform-policy-legacy-bypass-baseline.json,320,9ae11369d9fe2b12a2e2f28eea0e4a0368decf9e6ff94011a2e15bb7867abe24,.json,ACTIVE_REFERENCE,true
config/ppk-015-network-egress-current-ratchet.json,2021,808f1f5e88856e3cf1d558722fc40d4448621f0139a0757c946fb4ce628a4a61,.json,ACTIVE_REFERENCE,true
config/product-lifecycle-policy.json,6379,4b55c12e0a9e82dadf18272943ad5555f73dc631f37f940d8de73a47b47c831d,.json,ACTIVE_REFERENCE,true
config/project-constitution.json,6455,e71106a3f38bda9229ea20193c289ff51eb519c4e3d3317838272454a13f4f7b,.json,ACTIVE_AUTHORITY,true
config/project-progress-model.json,890,c7d74aa3204594059ad81adb26c7f54af1c1355fbf3b5395c6043b3c2c99230c,.json,ACTIVE_REFERENCE,true
config/protected-side-artifacts.json,492,0d314b4f22d81702d166586b51068f131ab0506df9a602454f3816c77edab5a0,.json,ACTIVE_REFERENCE,true
config/rc2-validation-gates.json,2875,ba6411ea72984939f31f8cef501cdb0b5b7ec15f6b463f47b9a03b9b0b546de4,.json,HISTORICAL,true
config/release-channel-worktrees.json,706,569c2de63a6a12a632f6dbb77ea719fd04d2876dd8e49779caa60efec60a59eb,.json,ACTIVE_REFERENCE,true
config/release-ledger.json,10843,2013b4a26258fc43402faf84dbefa3b5893b9a91544b7090671e59b45dbef7ad,.json,ACTIVE_AUTHORITY,true
config/remaining-scope-package-roadmap.json,40996,897ebd9e67865474db13bdc6ba08ade6b62bc02175bb7de24b7956684b55b70e,.json,ACTIVE_REFERENCE,true
config/rule-acknowledgement.json,1662,d09a17165cd6764b73118e152863b929731aaaeaa0f86f988840a4fb25f60de6,.json,ACTIVE_REFERENCE,true
config/rule-enforcement-registry.json,104845,df9d1693f8f3a3917e7be719244851753ff251374dc12979ed53cff21a515971,.json,ACTIVE_AUTHORITY,true
config/source-preflight-checks.json,15017,0955f9772e0d75368cacf7e2a318706ffa95f4d7f8b4f71950d38442cfb82dbb,.json,ACTIVE_REFERENCE,true
config/ui-visual-reference-manifest.json,7483,b05c44c9b241320f9f23af2bd4f60fcffb0698480449497f360395c5671adaf2,.json,ACTIVE_REFERENCE,true
config/user-decision-ledger.json,157665,1d5dad532af61c2dd46a52669a58df475b694e380f41bde4e93948d3028d41e8,.json,ACTIVE_AUTHORITY,true
config/work-segmentation-plan.json,154739,0cd903741561a5206151842a9cf343082a602b84722de6d555cb8d3c05abc2a6,.json,ACTIVE_AUTHORITY,true
CONTRIBUTING.md,8606,76b141332ee971c66429332744cd2730ea40ea28e85cf33f7c2124ac7b45557a,.md,ACTIVE_REFERENCE,true
COPYRIGHT.md,374,d7f7e67b95969f414521cc98b39d0e3af42fdbb121feb01afce6aca8ac0076c7,.md,ACTIVE_REFERENCE,true
DELIVERY_SUMMARY_TR.md,912,5ca4ef3ad3e6566bd8eb26f66258e21e871c09756d2a49b41b4211d5630b0465,.md,ACTIVE_REFERENCE,true
DEPENDENCY_AUDIT_MVP26.json,366,32fe6da54bd04462f6428439fe78d0e7774dfe0ced0762f037fd43856bc5c21e,.json,HISTORICAL,true
DEPENDENCY_AUDIT_STATUS_MVP41.md,531,86d710f5f7243572593d4cc49aed33041fe52c1232d0e828fd83ab56e169d06d,.md,HISTORICAL,true
DEPENDENCY_AUDIT_STATUS_MVP42.md,438,8e4b33f87cb21e5214f085741f8cbdcf4526d6670f1ace5cc4098ece23c64538,.md,HISTORICAL,true
DEPENDENCY_AUDIT_STATUS_MVP43.md,521,89d834509e2f018df9d510535f02794e8d8f3f4bd4336af9661b3504d4b7f589,.md,HISTORICAL,true
DEPENDENCY_AUDIT_STATUS_MVP44.md,467,442bfb2d1b613616f4162fa8a6f7e09187f4d04fe91491dcb8ae7c22ec3faaac,.md,HISTORICAL,true
DEPENDENCY_AUDIT_STATUS_MVP45.md,551,29889678a84d2e707e8804c34a184dd7f01fb0eb6ca6b954638dfefe8ca65b7a,.md,HISTORICAL,true
DEPENDENCY_AUDIT_STATUS_MVP46.md,750,07296fd507e132e4e457002090951fbab0fab0d51d74a792f22329b9b6005f12,.md,HISTORICAL,true
DEPENDENCY_AUDIT_STATUS_MVP47.md,709,4e975786ead6e64271ada55f1c58fc683f0a4654ad941002c70a46838e4fe66d,.md,HISTORICAL,true
DEPENDENCY_AUDIT_STATUS_MVP48.md,759,3b24c58136f9b48a08dd3db59b5a09ffa45bd78f73e7e310366f648accac4623,.md,HISTORICAL,true
DEPENDENCY_AUDIT_STATUS_MVP49.md,939,115fa74e82ed9ccb2b1986bf205a1741bd33bafd84d6d5ad32b300abb3e52a61,.md,HISTORICAL,true
DEPENDENCY_AUDIT_STATUS_MVP50.md,626,d8a9e951aa4a8991d43194faac5fe25884d6ec8b1d64ada58fc44db782563368,.md,HISTORICAL,true
DEPENDENCY_AUDIT_STATUS_MVP51.md,662,d0a54f91fe566ddf981de37c89d854f7809b41c40508c8ade5be701fba9e24e7,.md,HISTORICAL,true
DEPENDENCY_AUDIT_STATUS_MVP52.md,704,1e59c54d622c65e4b447ee376c82f750af93a25319d3a346b9795b36197957ce,.md,HISTORICAL,true
DEPENDENCY_AUDIT_STATUS_MVP53.md,541,9e13ea5dd6ec5da0e52f91b4e11fc7f337b2de81efcbb3da70848b9c22173bc4,.md,HISTORICAL,true
DEPENDENCY_AUDIT_STATUS_MVP54.md,586,f8d57ab9fd56d3698e720490d4210b38da9807b96f8769ceeb30b6e49e3dbbe2,.md,HISTORICAL,true
DEPENDENCY_AUDIT_STATUS_MVP56.md,430,bb259e160912fc3f1192e9edcea780a0e4a5310f37882431309b90029e141914,.md,HISTORICAL,true
DEPENDENCY_AUDIT.json,366,32fe6da54bd04462f6428439fe78d0e7774dfe0ced0762f037fd43856bc5c21e,.json,ACTIVE_REFERENCE,true
docs/00_SCOPE_FREEZE.md,9196,ac5a349a665a14ff1737d3da4953a352dfafee88d08bf5c0fb09eefcf382ab40,.md,ACTIVE_REFERENCE,true
docs/01_TECHNICAL_STACK.md,10011,39ce80cc9146c8fff90e6a59b96b7c813e019f9673fc1f50ff63864701c508f2,.md,ACTIVE_REFERENCE,true
docs/02_SECURITY_BASELINE.md,10278,5bbe90f5c81aa4e13933d4071984ad600d38a604264619e4e1a5b7ebca1bb8f0,.md,ACTIVE_REFERENCE,true
docs/03_RELEASE_FREEZE.md,985,4689cd368bb3df2e17416259323345b77709d68d8b2a1c5f33e0fb0988e2c652,.md,ACTIVE_REFERENCE,true
docs/03_TEST_AND_ACCEPTANCE.md,10137,9a670d947f4a44335b87d2eae4d5377e3812f4665db0b7fdb984684357baa983,.md,TEST_OR_GATE,true
docs/04_BRONZE_FOUNDATION_GATE.md,840,48349ca2d6106b734316125f3b458b9f23ad6611c8e3d398f6d5a0e7f7e57680,.md,TEST_OR_GATE,true
docs/04_BRONZE_RUNTIME_GATE.md,739,e5af2acd50e4ec6dc97be688db40bdf006e027ad816b6d92f8b88134cb71b4f7,.md,TEST_OR_GATE,true
docs/04_RELEASE_PLAN.md,8058,f439e62adeeb7302b8820bf88cc1379e98aa3290761f53fd253870264be1a220,.md,ACTIVE_REFERENCE,true
docs/05_BRONZE_DATABASE_GATE.md,1609,29c23992ee5d65daba12935908b0d3a2985891494741b26e2866ee7591bc0f9c,.md,TEST_OR_GATE,true
docs/05_DEFINITION_OF_DONE.md,8515,51fba08117837f80e1c1402f335197301accfa80634fe73dad32a7b4bdae9209,.md,ACTIVE_REFERENCE,true
docs/06_OPEN_ITEMS_AFTER_CODING_START.md,24435,654351628e0c341b11e353caa7483c90593fba229445c2678163bb457fd48335,.md,ACTIVE_REFERENCE,true
docs/07_BRONZE_REQUIREMENTS_TRACEABILITY.md,37715,3c59d797560456c45675c15243b0254d8756ee8f2fca27065fc25f48af0189d8,.md,ACTIVE_REFERENCE,true
docs/09_ACTIVE_DEVELOPMENT_STATUS.md,1475,a59f0bb6dfd780699e42543607e9404d5c1c00cb0d99924f7c1ce21f66fcd0dc,.md,ACTIVE_REFERENCE,true
docs/10_MASTER_DECISION_REGISTER.md,138572,d5cb946f11708e3888164324e51c58fb35545c7d995c570c3339839f98ab6461,.md,ACTIVE_REFERENCE,true
docs/11_DOCUMENT_AUTHORITY_MATRIX.md,30299,e068d8f477cc71d102eedabae9a02eea2eea1d69c07ccca55d33712c9994279c,.md,ACTIVE_REFERENCE,true
docs/12_PRODUCT_SCOPE_AND_MODULE_CATALOG.md,11359,117d4cb49f0cbfedd1ae705313e4088b703dc4b1aa20381063ad68a1a3427d55,.md,ACTIVE_REFERENCE,true
docs/13_UI_UX_ACCESSIBILITY_STANDARD.md,10635,a92f803797429acad05be0e1f141ed02314c19eb6b0f89336f64121e032c96e1,.md,ACTIVE_REFERENCE,true
docs/14_SECURITY_PRIVACY_BACKUP_STANDARD.md,29752,de3b15f4d78f5a889f2d57eaf296c24ad5ff8158f9430af6dc149a977379a811,.md,ACTIVE_REFERENCE,true
docs/15_RELEASE_VALIDATION_GOVERNANCE.md,11540,4984288dcf1f1b143a54e91db45b1fdcc97af067cfaa5d42e38501f1e8015e6f,.md,ACTIVE_REFERENCE,true
docs/16_STRICT_PRODUCT_LIFECYCLE_POLICY.md,8845,125eead4b3665824dfe6cae12d490bb8f55a446378169abce75992d458cd6cf9,.md,ACTIVE_REFERENCE,true
docs/17_MASTER_BUILD_LEDGER.md,161639,2d16ce98047b10d642ff70b5ded466e2af633fc0d75c3353ec44c8af2932319f,.md,ACTIVE_REFERENCE,true
docs/18_PROJECT_CONSTITUTION_V3.md,1892,c3855ca920075914eb674c539c0e11d1de486caa0669130bda29910a0547ca3b,.md,ACTIVE_REFERENCE,true
docs/18_PROJECT_CONSTITUTION_V4.md,3476,712489368c441fcf8abe103a277bde0fd94c1407df7da846bb7aced14c5b1d2b,.md,ACTIVE_REFERENCE,true
docs/18_PROJECT_CONSTITUTION_V5.json,1328,224eb7a73acde016fe0ee9897af9238ce54c242f9fbe456cdefd3e42c6459e9d,.json,ACTIVE_REFERENCE,true
docs/18_PROJECT_CONSTITUTION_V5.md,2043,1721d92e990c08d949c2b74ba6ff170a502da8d192baa9c0ad8e2676ec59b6b4,.md,ACTIVE_REFERENCE,true
docs/18_PROJECT_CONSTITUTION_V6.json,967,702b4ef775aa2c18f86b5007bdddeb625870cbf985ea0d3da9e4c890b88b6103,.json,ACTIVE_REFERENCE,true
docs/18_PROJECT_CONSTITUTION_V6.md,1304,04df1051c7a60f510334448097eb42ea1e3287cc23321a574dba3fab829f08c3,.md,ACTIVE_REFERENCE,true
docs/adr/ADR-001-modular-monolith.md,539,7e5c14c33f273cc414c6f6788fc2283ed304dc81f27ab2b4aca30642aedd3522,.md,ACTIVE_REFERENCE,true
docs/adr/ADR-002-electron-react-typescript.md,479,5a1dd9e6f5df23d76c19bcb27a4d032aa56eb830058e86f9549f59983f3c65a8,.md,ACTIVE_REFERENCE,true
docs/adr/ADR-003-local-first-data.md,460,b915230b2bfb110f1ef4d70f3e1fde253068ccc00e9d4834986fc9275da7f320,.md,ACTIVE_REFERENCE,true
docs/adr/ADR-004-object-level-authorization.md,437,fbb68470f83289845bf796b695e36629260c91380b2b679cc9498c62d04ea400,.md,ACTIVE_REFERENCE,true
docs/adr/ADR-005-ai-consent-boundary.md,464,376e1853515744d4d9c969680f1bbd451ae46862cbd19b30977f53ed2304f965,.md,ACTIVE_REFERENCE,true
docs/adr/ADR-006-timeline-event-graph.md,430,bba6e5e659a2c5dee4bac943f938f38955e0791b08e839e6c9ade6b03a20b89d,.md,ACTIVE_REFERENCE,true
docs/adr/ADR-007-provider-abstraction.md,395,cc4517ac4aa760c835704c72f90723dfe66a6ec4a5eedf82dbfc6e92e2c94807,.md,ACTIVE_REFERENCE,true
docs/adr/ADR-008-product-identity-and-scope-separation.md,421,b8372cc59d1282519d45e91363e3e439307a96b451013227b9455bb9c2c61153,.md,ACTIVE_REFERENCE,true
docs/adr/ADR-009-release-evidence-honesty.md,419,aa688d97e625ddaa745d8ced99b147430aacd842eff0bd81737a6d799b66b02a,.md,ACTIVE_REFERENCE,true
docs/adr/ADR-010-apple-inspired-ui-typography.md,544,ef37765b351bc9690cd8622a773b06db77ec98f6f809d0f39f4249f35d016f23,.md,ACTIVE_REFERENCE,true
docs/adr/ADR-011-independent-backup-and-device-reauthorization.md,393,9354e5e8e512d5539e30d441f7f338c30c317644b5c644a16d54c59f0ccb31b0,.md,ACTIVE_REFERENCE,true
docs/adr/ADR-012-document-authority-and-decision-ledger.md,472,ab4e1ee8346303a2a5f9cc42e7cbe38552d53f452f0095fb4709eada99b72cc7,.md,ACTIVE_REFERENCE,true
docs/adr/ADR-013-os-protected-device-identity-secret.md,1515,d87f537f34fd0995df803b140bbbd43697e894cc209241cb7fd0cd9b45b21cbb,.md,ACTIVE_REFERENCE,true
docs/adr/ADR-014-os-protected-mfa-secret.md,1478,c3244662e11afae9b776df079ca51abf278ff853ffa49e779130d96e95b8ca2c,.md,ACTIVE_REFERENCE,true
docs/adr/ADR-015-password-protected-full-backup-container.md,1250,323bd1dc6c08dbd59d3c2ddd280c9ffd57e0207137852fe18738813acce96150,.md,ACTIVE_REFERENCE,true
docs/adr/ADR-016-durable-full-backup-restore-transaction.md,2155,c29a9ca0376b73366b2122f480f015fdb44d5756032f08b952a4f8319c0047db,.md,ACTIVE_REFERENCE,true
docs/adr/ADR-017-startup-security-preflight-and-windows-dpapi-proof.md,3100,50e7494062a9b2bfd4d779c4d2b9d6a0da94e5bc839ad3fc055bd5e09df1ae74,.md,ACTIVE_REFERENCE,true
docs/adr/ADR-018-sensitive-finance-health-object-privacy.md,2048,e27738861455ac4c2ba0e3893bf014fe422d8ab8816e52cc3788046301955968,.md,ACTIVE_REFERENCE,true
docs/adr/ADR-019-persistent-accessibility-preferences-and-keyboard-flow.md,1907,fb47c4b1757d3a8ba3a1d33b0c240ddb6fb8c8a0222242b1a08ec2158f859f92,.md,ACTIVE_REFERENCE,true
docs/adr/ADR-020-os-protected-archive-vault-key-and-portable-rewrap.md,2073,55324695f75dfd41c675febbd33e02917d86f9547ab02d7be7419b3ceeefd905,.md,ACTIVE_REFERENCE,true
docs/adr/ADR-021-data-retention-recoverable-deletion-and-purge.md,2518,af856ab3be4749d0e98a085822b11d7b1b1ac61d40f03d4a73a759630c387cb0,.md,ACTIVE_REFERENCE,true
docs/adr/ADR-022-verified-managed-backup-purge-propagation.md,2862,fa03834075978c6de08f318d446edec093c52420e86eddbbd2cba424d5670539,.md,ACTIVE_REFERENCE,true
docs/adr/ADR-023-backup-quarantine-retention-legal-hold-and-destruction.md,2446,08f654c94fad89cfa2591b904762e6ab4a7940f362d9d7a42f06e6e90b1b6846,.md,ACTIVE_REFERENCE,true
docs/adr/ADR-024-external-backup-inventory-and-user-attestation.md,1470,8f93b7f55f8535e17bcc0eb7c3eaf474fbb1a3f802d506751905800b53fc5e75,.md,ACTIVE_REFERENCE,true
docs/adr/ADR-025-signed-external-backup-destruction-evidence.md,2091,0a1ec47632ee79a33a1550b759513b06b626c7ca9dcc4ea83b8c8ae916b47b53,.md,ACTIVE_REFERENCE,true
docs/adr/ADR-026-signed-evidence-key-rotation-and-temporal-trust.md,1110,ad4442046ee61e4b4896f5097f3fa22fda4dc3979e4407dd4fdcea781f0f5d2c,.md,ACTIVE_REFERENCE,true
docs/adr/ADR-027-signed-evidence-revocation-list-and-offline-cache.md,1883,99e0871d5c5641c9f0ca1c593e12efb8259a5288837f34983a292eed5e7059e4,.md,ACTIVE_REFERENCE,true
docs/adr/ADR-028-trusted-revocation-endpoint-and-tls-pin-rotation.md,1578,7ca6013f19fa8028549bc4f212c6573546b63ed4a2739c4865d4bcbd99c7a5d9,.md,ACTIVE_REFERENCE,true
docs/adr/ADR-029-validated-family-data-import-and-controlled-rollback.md,3225,d6b6fa3e806f9bc87e9ea06c75fb00ee73d3d04c59fa55250f04c5bad348b886,.md,ACTIVE_REFERENCE,true
docs/adr/ADR-030-keyset-pagination-and-bounded-rendering.md,1694,5d57a7f5b72632885bd57521035dfe850afd32342df95cb05c54012d81a9d836,.md,ACTIVE_REFERENCE,true
docs/adr/ADR-031-content-addressed-npm-dependency-handoff.md,1396,1a7f8269de6d879da84814e3c36d32fb7117614f72180947c2fb3f8726261bd2,.md,ACTIVE_REFERENCE,true
docs/adr/ADR-032-bounded-bootstrap-and-screen-lazy-loading.md,1529,819661377d1074296a6f66564cd618c5281567885859c92906316c7db14f5d12,.md,ACTIVE_REFERENCE,true
docs/adr/ADR-033-searchable-keyset-entity-catalogs.md,1637,7d9ab2db31deb1340658878947871c31db29729ab6a0e40b7251f3e7bc8d448e,.md,ACTIVE_REFERENCE,true
docs/adr/ADR-034-session-safe-async-state-ordering.md,1341,f1dc71eef9260da943b0afccbcbc55435632fd56e65dad063df7cfc55a01ada1,.md,ACTIVE_REFERENCE,true
docs/adr/ADR-035-request-session-revision-bound-ipc-transport.md,1084,b8c6df49f114e5ac84f2443c8956355f66ae0557bc471b1f8c6794291dd3e89b,.md,ACTIVE_REFERENCE,true
docs/adr/ADR-036-cancellable-ipc-request-lifecycle.md,1899,f261931c5f91675c10f0ad4da3241c8f71d945b5e8bf819708c8e10f15987a4a,.md,ACTIVE_REFERENCE,true
docs/adr/ADR-037-revision-scoped-ipc-read-sharing.md,1525,738eea6eca733b7f41b98bd463f19626eba1b5dd7eb4dba154c779d873990e1f,.md,ACTIVE_REFERENCE,true
docs/adr/ADR-038-privacy-safe-ipc-performance-telemetry.md,637,63f95f17e742df66057a25f9e030853b95de166a39500737c264d00a97d16ea9,.md,ACTIVE_REFERENCE,true
docs/adr/ADR-039-fail-closed-adaptive-ipc-resource-budgets.md,1139,3ad649fc2f71ed6b525a195ccd5c5f838b3a29825b8866a8beca93db44488811,.md,ACTIVE_REFERENCE,true
docs/adr/ADR-040-crash-safe-adaptive-budget-state-and-decision-journal.md,1326,d14d2fa73b90007cee415c74670baf17336a1f53eaab50db66f4973717d51cf7,.md,ACTIVE_REFERENCE,true
docs/adr/ADR-041-authenticated-adaptive-budget-reset-and-privacy-safe-diagnostics.md,1143,4adb5ff6652cf1d1baaaa93ae7e92f69e7bf589878e32b2acb3f75e73dab1d84,.md,ACTIVE_REFERENCE,true
docs/adr/ADR-042-single-use-adaptive-budget-maintenance-sessions.md,1104,8a7ac3812db9f787dd402a8dbc1b327fe98b9755d73860687c3c992c65acb72b,.md,ACTIVE_REFERENCE,true
docs/adr/ADR-043-bounded-maintenance-reauthentication-attempts.md,2187,e09fa875a1cd1964a457bc2a730771ca1bc4a4dacb660fe479f7e3c975952588,.md,ACTIVE_REFERENCE,true
docs/adr/ADR-044-os-protected-maintenance-reauthentication-state.md,2188,bf7461a1758bfaa68a26e3b8434fd4fedddc29079d703e47a8da4bd5f4e1e316,.md,ACTIVE_REFERENCE,true
docs/adr/ADR-045-device-bound-maintenance-reauthentication-state-lifecycle.md,2321,1fa146bb7a747c2b6e7e006e25b237bf849470b139d87b9463e4425119e6b9ac,.md,ACTIVE_REFERENCE,true
docs/adr/ADR-046-authorized-maintenance-lock-recovery.md,2392,43cad909a88ee2f9eca59adce6efdcf76a5d2b9de29c66dbc05db86519c5a33a,.md,ACTIVE_REFERENCE,true
docs/adr/ADR-047-post-recovery-session-termination-and-cooldown.md,643,e3a5d1a38302f8b69331975c1ea3518ef9b45e58f027172f88f1f053aa9bebdb,.md,ACTIVE_REFERENCE,true
docs/adr/ADR-048-account-security-epoch-after-maintenance-recovery.md,1875,04ea2974879858284f06abd97409a5d6ebb8c2f57835609293f775494d6864b0,.md,ACTIVE_REFERENCE,true
docs/adr/ADR-049-epoch-bound-session-device-reauthorization-receipts.md,2470,0f66ac682b276f7373201517f11162bd0f98a8016323bfabb982940eed97fe9a,.md,ACTIVE_REFERENCE,true
docs/adr/ADR-050-dedicated-security-center-menu-and-renderer-boundary.md,2550,984b93a46d057f45fd602f50f3bc7da4a9934dfb21b8a2e2451660ef2151810b,.md,ACTIVE_REFERENCE,true
docs/adr/ADR-051-persistent-signed-security-receipt-history.md,1946,b9fefcd30f3822edc33dcdab1d3f6ed0b94d13ede1aad5af3eb7d68254763a25,.md,ACTIVE_REFERENCE,true
docs/adr/ADR-052-release-channel-menu-color-and-family-relationship-catalog.md,1921,7da987cbaac1a17e7187b477bcf53dda1c684010156a824248f60457f0857fe4,.md,ACTIVE_REFERENCE,true
docs/adr/ADR-053-strict-bronze-development-and-api-deferral-governance.md,1857,702320641fbf2331955f174bf88a20eb2887649830fac47e446b5468368169da,.md,ACTIVE_REFERENCE,true
docs/adr/ADR-054-protected-periodic-revocation-sync-state.md,2161,8bdb7139bca519e09f3d50ce979e175bbd0fa46018bdef809f38c3998840f330,.md,ACTIVE_REFERENCE,true
docs/adr/ADR-055-out-of-band-dual-evidence-root-trust-verification.md,1644,da3442ac7ab98e3ac4adefef6d9f4682102a3bd49429d9e7fb5d337a5cc39545,.md,ACTIVE_REFERENCE,true
docs/adr/ADR-056-automatic-clean-backup-rewrite-and-quarantine.md,1301,8690daafef33ba4558bc8ac4ed1e16757ced7777ef0405fd01f5d67e1846d766,.md,ACTIVE_REFERENCE,true
docs/adr/ADR-057-atomic-clean-backup-rewrite-finalization-ledger.md,1920,e287156c9f89a157a708321bff15fee7b563ba0503ebd8351449c15e39874047,.md,ACTIVE_REFERENCE,true
docs/adr/ADR-058-monotonic-managed-backup-propagation-chronology.md,1521,bf2e9fa9e9337f8811e06d74abeb52e924c40908edc3672a88ed75c90571511c,.md,ACTIVE_REFERENCE,true
docs/adr/ADR-059-linked-clean-backup-rewrite-chronology.md,921,76b6ea043375509764c233841c8e9eb7029cdd03ce28a6b9616cdc0e0f1e5389,.md,ACTIVE_REFERENCE,true
docs/adr/ADR-060-restart-safe-clean-backup-rewrite-recovery.md,1450,b4f036275572d526f7b83476ddb2c0908a52548844a65e9e6790c14030a8f9d4,.md,ACTIVE_REFERENCE,true
docs/adr/ADR-061-rollback-safe-clean-backup-rewrite-claim.md,1679,cf18e074f5f878264775eaa50d1cf928bf3d5d0566e9d679ed28d671fe3d682b,.md,ACTIVE_REFERENCE,true
docs/adr/ADR-062-clean-backup-rewrite-operational-isolation.md,1136,00b8147d2cdc475c28cf20e923e6617be94c502524226279ace43e309ba01968,.md,ACTIVE_REFERENCE,true
docs/adr/ADR-063-monotonic-clean-backup-rewrite-terminal-chronology.md,1242,4a6046d42877ee3e63da8085e8d22ee41a6b24ff47109d90603ba233575ae308,.md,ACTIVE_REFERENCE,true
docs/adr/ADR-064-trigger-aware-clean-backup-rewrite-backoff.md,933,3b3184102ee8ddb110b1ff369a7aca1799109a151b7ebac407abbc08b445c0a5,.md,ACTIVE_REFERENCE,true
docs/adr/ADR-065-manual-clean-backup-rewrite-availability.md,1302,46deb357992d416e96f36144592d94fc6bc5a32d9e763d9c3cd0387e0626ef7d,.md,ACTIVE_REFERENCE,true
docs/adr/ADR-066-running-clean-backup-ledger-owner-identity.md,1125,2f023d850e95a43f7af3f4476a0dcceafaaf4a4cfbcb530166914abf473ba0e9,.md,ACTIVE_REFERENCE,true
docs/adr/ADR-068-immutable-active-clean-rewrite-ownership-snapshot.md,692,aebd2e11eab8eea0a4766acfa5e5b61bb562ab01ae21695e77c84afd50a6053d,.md,ACTIVE_REFERENCE,true
docs/adr/ADR-069-immutable-active-clean-rewrite-policy-parameters.md,480,ea0782d124f95dae7957d6ccdf873b810a7aaa6e74b78b8ab4588bb5d8690a26,.md,ACTIVE_REFERENCE,true
docs/adr/ADR-070-atomic-clean-rewrite-terminal-transition.md,688,6b2cb3105c662d40443a324608f994eb2cdb61efdfbf314503352bd091d6b06e,.md,ACTIVE_REFERENCE,true
docs/adr/ADR-071-terminal-clean-rewrite-chronology-monotonicity.md,276,cad058baf32532a622ad3dbdf5fb63d3aceb2ffa22dd17b00adc282bbcab023c,.md,ACTIVE_REFERENCE,true
docs/adr/ADR-072-clean-backup-rewrite-propagation-outcome-integrity.md,195,dbff2235157466e6a8f3a711f9da635c0c3ad5f69698a44cdf9ad708ffe39260,.md,ACTIVE_REFERENCE,true
docs/adr/ADR-073-clean-backup-rewrite-propagation-status-integrity.md,309,88ec7e7bb7238be1a7cc54da2bf27a8247e61289eccb33eccb56b44079e60f64,.md,ACTIVE_REFERENCE,true
docs/adr/ADR-074-clean-backup-rewrite-propagation-uniqueness.md,254,3d9581572d1eb610de154e65e7021c97fd87ec1d7963d8f5413b1b7f5e279340,.md,ACTIVE_REFERENCE,true
docs/adr/ADR-075-clean-backup-rewrite-propagation-reference-permanence.md,334,58698244baecf713575e6b9954003feb5c8c19d42bec1afe57998c1762145c99,.md,ACTIVE_REFERENCE,true
docs/adr/ADR-076-clean-backup-rewrite-propagation-evidence-immutability.md,698,bd1cef8e906e5903347ebd0f2cdf22f0d2d9e1b12c2c33678d61b44a081117dd,.md,ACTIVE_REFERENCE,true
docs/adr/ADR-077-clean-backup-rewrite-propagation-replace-bypass-protection.md,747,a4dd9e4ccc566a56cf394137d6507546857969bb48fef5ffe85cd4f1ebd69ea2,.md,ACTIVE_REFERENCE,true
docs/adr/ADR-078-master-build-ledger-continuity.md,1236,5a53151fa7cd65379c45ba4028c2b5640b257ddd89b7c0b6722723814247db53,.md,ACTIVE_REFERENCE,true
docs/adr/ADR-079-project-rules-mandatory-startup.md,1356,d89272b93eb4505107f75925d66111421dd483c5b4485c103bdaa3ad1228873e,.md,ACTIVE_REFERENCE,true
docs/adr/ADR-080-conversation-context-capacity-handoff-gate.md,1578,37ddf95cb70ab5e20dcd5f38db4a748847c5d67e4a77c6ae8fbe3b0fd0c513e7,.md,ACTIVE_REFERENCE,true
docs/adr/ADR-081-project-constitution-v3-governance.md,925,d8610e20770da5233fa6b5843471b7f90532dd17f14e6a1827ae282df81aabcb,.md,ACTIVE_REFERENCE,true
docs/adr/ADR-082-secure-onboarding-user-data-vault.md,769,bdfcd5416d8e62a79248cea185bdb9c79f7049c32785f844d69ce9a555be8f57,.md,ACTIVE_REFERENCE,true
docs/adr/ADR-083-clean-backup-terminal-ledger-immutability.md,1523,decadd2f9ceec0adf6de513e56ae770b73051abc857c4400db13808cee7eab14,.md,ACTIVE_REFERENCE,true
docs/adr/ADR-084-clean-install-external-access-handoff.md,579,81301336d136d6fe907141b3090f15222b3583b20bcc9fd3718106cbcb66bbd4,.md,ACTIVE_REFERENCE,true
docs/adr/ADR-085-approved-ui-visual-baseline-hash-pinning.md,863,07d6df3dd9d760aa692d6330bc6725d431f203b10fa1d7d32b2df02da2a01bba,.md,ACTIVE_REFERENCE,true
docs/adr/ADR-086-memory-resident-sqlite-windows-efs-staging.md,1649,683529ee550241fa548b393ec4108afec9b5fa288bb3bf43d01c3d744f3165be,.md,ACTIVE_REFERENCE,true
docs/adr/ADR-087-protected-side-artifact-boundary.md,1900,362119d6848263024af1b0dac4de56139333dd7f4a230a61b71b549e7079702b,.md,ACTIVE_REFERENCE,true
docs/adr/ADR-088-pr171-stepwise-validation-persistence.md,994,7a9c433203a884825b3dd54401ebd9a7d7a6c964aefae51f121f624b9af71637,.md,ACTIVE_REFERENCE,true
docs/adr/ADR-089-real-windows-efs-dpapi-packaged-evidence.md,2030,38673e81cb48fd624d572e1b0321d16fd451ce50d0b54bdf4b519614ce25f786,.md,ACTIVE_REFERENCE,true
docs/adr/ADR-090-windows-evidence-intake-and-source-binding.md,2212,6de1b5de2b86d94e9e9951384b0b124a056a988964a19bfdbcd052d8e5c6e508,.md,ACTIVE_REFERENCE,true
docs/adr/ADR-091-open021-efs-only-real-windows-proof.md,925,f7c882ac1eee13c5f049f3a0ee38a9dc6fdc2fcab8d9075896c091830e888032,.md,ACTIVE_REFERENCE,true
docs/adr/ADR-092-open022-dpapi-protected-side-artifact-proof.md,1356,69394ed66454b4fd52a3de49638f961e3fa69bb99a57246a7530dd71951a06c7,.md,ACTIVE_REFERENCE,true
docs/adr/ADR-093-unified-bronze-windows-security-lifecycle.md,1548,4030da54f2241346d4fca1a5ee7c83efde4ad778f3bef3d12b0acad84eb10f72,.md,ACTIVE_REFERENCE,true
docs/adr/ADR-094-windows-packager-bootstrap-and-ps51-evidence-encoding.md,849,e44eed43575e46625220b698ad0c622f417299778b0c697bda1ef1675be5272f,.md,ACTIVE_REFERENCE,true
docs/adr/ADR-095-workspace-package-build-before-windows-package.md,1019,85553cb48df0c8fc56898fe91030735a268ddf68d6c3f90227e225a60d615798,.md,ACTIVE_REFERENCE,true
docs/adr/ADR-096-preload-global-lifecycle-typing.md,1015,01b1ca1d290f4ec5b1df9eaa7ce8f5dc087c21701d28ac5cd374c84892d1cb4a,.md,ACTIVE_REFERENCE,true
docs/adr/ADR-097-preload-commonjs-staging-graph.md,942,59152e60321df8fd18d01da966ab2c4679ab4e1a084712fffec9268f072a61c6,.md,ACTIVE_REFERENCE,true
docs/adr/ADR-098-deterministic-nsis-license-source-sync.md,1200,3a0dd7c8b6fcdd35071f15e25c141ba06ac8188569b86f8f66049b13d4139ebc,.md,ACTIVE_REFERENCE,true
docs/adr/ADR-099-fail-closed-windows-efs-safestorage-startup-evidence.md,1811,ce2c1bdfdaa1f00af7216e78c881e5eb204efbb5cfe605ec9a17a7ded6ff5eb9,.md,ACTIVE_REFERENCE,true
docs/adr/ADR-100-platform-actual-conversation-capacity-gate.md,601,b6128c610fcf2fb6be386354e6bac79d0683ce3aa3e54efc0c937468c7d348d5,.md,ACTIVE_REFERENCE,true
docs/adr/ADR-101-protected-device-identity-before-device-bound-maintenance-restore.md,1549,85ad7f3a54ddd799e7fe764ec5bce63cc0c7defc54cd33b715c78482906e8cc9,.md,ACTIVE_REFERENCE,true
docs/adr/ADR-102-build227-windows-persistence-and-closure-remediation.md,1875,02fd36eb5306cf5db2871995103fe5033f621a49290628d9adda55066ec141e6,.md,HISTORICAL,true
docs/adr/ADR-103-build227-evidence-bound-bronze-open-closure.md,741,efb8d3b8e6acf484562103c24382a1651d0b310e82e366920142f74d29bb4b70,.md,HISTORICAL,true
docs/adr/ADR-104-monthly-channel-release-identity.md,392,ee6f83bff7e2eb957b4bb77c413230224aa9e21ef0d52e4c8de34c78764162d0,.md,ACTIVE_REFERENCE,true
docs/adr/ADR-105-platform-policy-kernel.md,413,b068097006d471a6f486b65e038dfabc71de90fa31e5aa05a2fd174329213e96,.md,ACTIVE_REFERENCE,true
docs/adr/ADR-106-headless-core-service-boundary.md,370,4efae7039d7699c445a8a032779a33ef055d12d5f2731d027b0716f8cf262e03,.md,ACTIVE_REFERENCE,true
docs/adr/ADR-107-adaptive-ipc-maintenance-strong-reauthentication.md,1732,700d3da7063749ef0850e259e81c9f82be80173abf84eb0dabb411a959cbbbb2,.md,ACTIVE_REFERENCE,true
docs/ASYNC_STATE_ORDERING_V1.md,2059,3721d5e41f76c0f5fbda2e832cd4374edb0d2fe243f0df591338e9120d973448,.md,ACTIVE_REFERENCE,true
docs/audit/29-D2-A_ENVANTER_GIRDI_KILIDI.md,1068,24bb959d8cda8752ca58f139b414040e9d3c0b044877a1d95754ba1ed29da412,.md,ACTIVE_REFERENCE,true
docs/audit/29-D2-B_AKTIF_TARIHSEL_BELGE_ENVANTERI.md,621,7d04f06667fb52c2407977e9a8c9f4f149a49325398a681c71bd1f9fa102fbb7,.md,ACTIVE_REFERENCE,true
docs/audit/29-D2-C_YAZISMA_BUILD_KARAR_CAPRAZ_ENVANTERI.md,957,a7af817b81e64b05ceb660022c4ff978642b792c3b30b6078a96f2a541eb326e,.md,ACTIVE_REFERENCE,true
docs/audit/29-D2-D1_BIRLESIK_ENVANTER_TASLAGI.md,1512,a5cd713c0a02d7a1cfb006b714eafa0bb152d4fd1d86db5c9703849c4c2bf4d2,.md,ACTIVE_REFERENCE,true
docs/audit/29-D2-D2_BAGIMSIZ_KAPANIS_VE_CELISKI_KAPISI.md,821,a9141fb649f8a96172bc209fc19648c5e46f24947253b2c44fc221be3d2f1788,.md,ACTIVE_REFERENCE,true
docs/audit/29-D2-D3_29-D2-D_UST_ADIM_FINALIZASYONU.md,852,d886468c0b0bbc2146881db8faac87095f56dc5e1a49316c1a36da3ef14f8bec,.md,ACTIVE_REFERENCE,true
docs/audit/29-D3_KURAL_BOSLUGU_VE_CELISKI_ANALIZI.md,1043,5a81767ec42960a1a4e60b9192f46746e1b4bdacd6aea1f607b06b97318b2e85,.md,ACTIVE_REFERENCE,true
docs/audit/29-D4_PROFESYONEL_TEKNIK_DEGERLENDIRME.md,3334,f838506378e0fe8d9fd2cdec4b2181da9c7f98dee0cc0fb4165e8168ec8dedda,.md,ACTIVE_REFERENCE,true
docs/audit/29-D5_KAPSAM_VE_GERCEK_ILERLEME_RAPORU.md,2063,bc1d30d879a6e2fb0d2c7376f4eb1b4416ef47618309686a03928bfcfb4fbc9f,.md,ACTIVE_REFERENCE,true
docs/audit/29-D6_29-D_GOVERNED_FINAL_KAPANIS.md,1484,8b71562b60703b39bfebdf0cf81acc151304630e2a0b93c3946ff36d2c979445,.md,ACTIVE_REFERENCE,true
docs/audit/29-E1_HEDEFLI_TEST_GUVENLIK_KAPISI_ENVANTERI.md,987,dec0e35055d8a6258e6c9acd6c8273411682a3fcaae06cd1078672929f34deaf,.md,TEST_OR_GATE,true
docs/audit/29-E2_AKTIF_HEDEFLI_TEST_VE_GUVENLIK_KAPILARI.md,909,40c62cd8184050e6e38665029a6422de244ae8b9a729bef10262f5adc310e100,.md,TEST_OR_GATE,true
docs/audit/29-E3_BAGIMLILIK_DESTEKLI_TYPECHECK_TEST_BUILD.md,1217,12fc9a51186761b56bfbd0625a381a5100fb09ebb84fd34e72e53ec510285106,.md,TEST_OR_GATE,true
docs/audit/29-E4_29-E_GOVERNED_KAPANIS.md,1357,b99e36b68fc0555e0af2b9429664ce0d3f0a2349630563bd85dc8accfcf088f7,.md,ACTIVE_REFERENCE,true
docs/audit/29-F_BELGELER_DETERMINISTIK_PAKET_EXACT_SOURCE_LIBRARY_KAPANISI.md,1638,af659503742d835b8866245f63293b98c138a3318f66a3e3133af28142c800ca,.md,ACTIVE_REFERENCE,true
docs/audit/30-Q_PPK-002_KRIPTOGRAFIK_GUNLUK_KANITI_VE_GERI_DONUS_CAPASI.md,2365,47aca2cd608fc0f51392525820c36787267ba3264ca07405a43948fcfac3b51b,.md,ACTIVE_REFERENCE,true
docs/audit/30-R_PPK-002_ARSIV_CEKIRDEK_TABLO_RECEIPT_FENCE.md,2327,f289f056c9e4dbb5fdd85272b6272e724ba10c6b0f8932ff0b913d7606870e3a,.md,ACTIVE_REFERENCE,true
docs/audit/30-S_PPK-002_ARSIV_YARDIMCI_TABLO_VE_ETKINLIK_EK_RECEIPT_FENCE.md,2337,6a1ce1bbd411fcf46f33092d838874912fa39aec861bc080228363921164e832,.md,ACTIVE_REFERENCE,true
docs/audit/30-T_PPK-002_YENI_KORELASYON_ISLEM_IDEMPOTENCY.md,2985,32ba4da2b04533c9d878c46859ddef6bd69f98a2f64be5829ff214b52c12d219,.md,ACTIVE_REFERENCE,true
docs/audit/30-U_PPK-002_KALICI_BEKLEYEN_ISLEM_KIMLIGI_KURTARMA.md,2940,5d75daa10a8161250b6dea39b080142e2fb12123a1fc9b5af9adfb18bc6d6272,.md,ACTIVE_REFERENCE,true
docs/audit/30-V_PPK-002_REPLAY_REZERVASYONU_TEMIZLEME.md,1392,57ddea063d9ff76469997d1166cc5cede569bd4968d1b7f309500b8018473b62,.md,ACTIVE_REFERENCE,true
docs/audit/30-W_PPK-002_FINANS_POLICY_ENFORCEMENT.md,1244,40f842fd36a20db2e6405779d9193d9f7409e84919999f92c5fdda7bb9a43ee3,.md,ACTIVE_REFERENCE,true
docs/audit/30-X_PPK-002_SAGLIK_POLICY_ENFORCEMENT.md,933,e73243bd716be127a2a9d5c467ecf90fde44974e5b07acb4cb4b4c79fd9f6a61,.md,ACTIVE_REFERENCE,true
docs/audit/30-Y_PPK-002_LIFE_POLICY_ENFORCEMENT.md,973,a5919eae7e4f7e634bb722720a9cd4b9bf4c3973c04cc5b69a223dbe353d26b6,.md,ACTIVE_REFERENCE,true
docs/audit/30-Z_EXTERNAL_USB_LIBRARY_RECEIPT.md,1322,662940398dc743d46face8a13558397b0252de5494439be8651fbbda14ba5be5,.md,ACTIVE_REFERENCE,true
docs/audit/30-Z_PPK-002_LOCATION_POLICY_ENFORCEMENT.md,1161,1ce756e56a91120db5d2d999622a6da93e36342c7dc4296c3ac1f157c0f1e5cc,.md,ACTIVE_REFERENCE,true
docs/audit/31-A_PPK-002_TIMELINE_EVENT_POLICY_ENFORCEMENT.md,1125,34955921b17ca472ed4b1b95c2a525f34a537416ff0bf926843a4560db860902,.md,ACTIVE_REFERENCE,true
docs/audit/31-B_PPK-002_FAMILY_DATA_IMPORT_CENTRAL_AUTHORIZATION.md,1335,b39136317c49c96d907514b85c890ba36d36f6a308e8eaec9a7af9be14239adc,.md,ACTIVE_REFERENCE,true
docs/audit/31-C_PPK-002_FAMILY_IMPORT_MULTI_POLICY_RECEIPT_BATCH.md,1743,8202d561dd3d0fd5ac946340af9f5b3b2c2885c735a0eb7bda0c2b26aefb411c,.md,ACTIVE_REFERENCE,true
docs/audit/31-D_PPK-002_FAMILY_IMPORT_REUSED_LOCATION_READ_RECEIPT.md,1732,23488739e76b542beb6f22f5197943c89f83ecf1083ba26fc464fb27f47454d5,.md,ACTIVE_REFERENCE,true
docs/audit/31-E_B0-02_USER_VISIBLE_RELEASE_BOUNDARY.md,926,bf113e83d4a50cf4bcf93a1368e2e21a0626553bd443f42f40180c9f4bd813ac,.md,ACTIVE_REFERENCE,true
docs/audit/31-F_PPK-002_FAMILY_IMPORT_CREATED_LOCATION_LINKED_EVENT.md,1185,13bb59e87114c4283025cf1ee5fbf79e9e1fe925a5d654aefd27683d0d87d26a,.md,ACTIVE_REFERENCE,true
docs/audit/31-G_MAIN_STRUCTURE_CORE_SERVICE_API_FOUNDATION.md,2064,fd3dd1a7a5eeb77342c3aa5f153eb86baf365fbf047959d6ef8df0b15efc18df,.md,ACTIVE_REFERENCE,true
docs/audit/31-H_CORE_SERVICE_FAMILY_DATA_SESSION_OWNERSHIP_CONTROL_PLANE.md,1560,c29f593061bcb6fc61a80bd274b77e6beed2b62c0fc3b64d4cfa2f537fdf0fb1,.md,ACTIVE_REFERENCE,true
docs/audit/31-I_HEADLESS_DEVICE_SECRET_PROTECTION_BOUNDARY.md,1097,649e21602161e63f38015f1b922f5d9686d8a863675f64cf6a2f8fadf9d5bb46,.md,ACTIVE_REFERENCE,true
docs/audit/31-J_FAMILY_DATA_COEXISTENCE_DEFAULT_DENY_CUTOVER_GATE.md,1660,92930e00815c615ff274b71471fd45c1389538bc2db733670fff49b4bbcb4ed0,.md,TEST_OR_GATE,true
docs/audit/31-K_MONOTONIC_CUTOVER_READINESS_EVIDENCE.md,2167,bdf22128d08ea1990cec8bb15ec6d2fcf999d1f7be6d0878228aa958bf3de3d3,.md,EVIDENCE,true
docs/audit/31-L_PROTECTED_CUTOVER_READINESS_JOURNAL_PORT.md,1332,39b50f910429b204e66fb7176243bd9458a4f6f997790bfc7aef005b1f3bd4ec,.md,ACTIVE_REFERENCE,true
docs/audit/31-M_SIGNED_CUTOVER_READINESS_EVIDENCE_VERIFIER_BOUNDARY.md,1454,31b92881b03198b7c6c5381c8960724de8b840c24fd5b4cc1e15c4e4e551d315,.md,EVIDENCE,true
docs/audit/31-N_SYNTHETIC_SINGLE_WRITER_PROOF_HARNESS.md,1566,6c68d1ccbe177de126f41d852bd7cae671f9e771c8c32335b321798a55611fa1,.md,ACTIVE_REFERENCE,true
docs/audit/31-O_SYNTHETIC_KEY_LIFECYCLE_PROOF_HARNESS.md,1725,2625563e8dee4768de6e8a08bf6bcc18ee33a0395b4af7f6b55cbfc9f0ff4038,.md,ACTIVE_REFERENCE,true
docs/audit/31-P_SYNTHETIC_ROLLBACK_RECOVERY_DRILL.md,1807,0eb040ceac3b30571190d012fd417dc1106d1a6709cd1929c7a5e53212d28df5,.md,ACTIVE_REFERENCE,true
docs/audit/31-Q_END_TO_END_SECURITY_EVIDENCE_AGGREGATOR.md,1625,fb11d3ab7410a3e734ad213bf850f38abeb2e7ed4b87971ee065a6bca5c3bc6e,.md,EVIDENCE,true
docs/audit/31-R_EXPLICIT_USER_APPROVAL_RECEIPT_BOUNDARY.md,1855,7e4d46d8814f8103b16312243c3f083b2b593115e489ce299544cb2172102147,.md,ACTIVE_REFERENCE,true
docs/audit/31-S_VERSIONED_CUTOVER_DECISION_PREFLIGHT.md,1943,97ac01eca3961ae1d2cc235f6596891626aabc0bcb314ec852ea4a4022ba3b32,.md,ACTIVE_REFERENCE,true
docs/audit/31-T_PPK-002_FAMILY_IMPORT_GOVERNED_ROLLBACK_RECEIPT_FENCE.md,1349,be2dc8fb3bcf7c138aa9afe92e9577b36fd55dac116f07957462114749fc3d9f,.md,ACTIVE_REFERENCE,true
docs/audit/31-U-W_PPK-002_KALAN_TEKNIK_SINIRLAR.md,1455,5fcc8945549a8398b180ceded3e142702ff1de4b0682f2393cfea92eb2ba272b,.md,ACTIVE_REFERENCE,true
docs/audit/31-X_PPK-002_UST_KAPANIS.md,1596,cff991e438c00afc6519958c71dbe36d915345cc686d4e348f9b1931399ef970,.md,ACTIVE_REFERENCE,true
docs/audit/31-Y_PPK-003_VARSAYILAN_RET_UST_KAPANIS.md,1618,934344e25337fbd2f7dffdfb2b0e115d6608f124c2b5ad1fa8314c75cd04b919,.md,ACTIVE_REFERENCE,true
docs/audit/31-Z_PPK-004_TAM_POLITIKA_BAGLAMI_UST_KAPANIS.md,1854,69adde5ac5e4de83c0617d57fc3b833d4b904c1d161774c910296c17966bce7b,.md,ACTIVE_REFERENCE,true
docs/audit/32-A_PPK-005_VERI_SINIFLANDIRMA_UST_KAPANIS.md,1850,7f1655c3c120871fa37a85830f6fe1dfb655b6d3a531924c49530b4404c2e986,.md,ACTIVE_REFERENCE,true
docs/audit/32-B_PPK-006_POLITIKA_YUKUMLULUKLERI_UST_KAPANIS.md,2048,562c80c5967f030938011a4e735dde5c3d0da61d8c4237dea501621fb8fed670,.md,ACTIVE_REFERENCE,true
docs/audit/32-C_PPK-007_IMZALI_SURUMLU_POLITIKA_PAKETI_UST_KAPANIS.md,1919,26efca84df2fa9f28f24f7747361908aeb2636797705a2132428b6d7f1a01e04,.md,ACTIVE_REFERENCE,true
docs/audit/32-D_PPK-008_UYGULAMA_KIMLIGI_CIHAZ_SERTIFIKASI_UST_KAPANIS.md,2034,d6df9c56a380f16c6968407af207412c7a05e992ff6042ea3033666664878e33,.md,ACTIVE_REFERENCE,true
docs/audit/32-E_PPK-009_CORE_SERVICE_POLITIKA_YENIDEN_DEGERLENDIRME_UST_KAPANIS.md,1646,b57908d0452ad594f8f6111dc87919ace45d55ac85a44e96706da5ad2f9cbeec,.md,ACTIVE_REFERENCE,true
docs/audit/32-F_PPK-010_MERKEZI_POLITIKA_SIFIR_ISTISNA_UST_KAPANIS.md,1636,bfd973fabedd03ca7aaab82c1cf8ada3d2f1f6b55ecd91d825fb951e035fcb41,.md,ACTIVE_REFERENCE,true
docs/audit/32-G_PPK-011_BAGLAMSAL_SAHIPLIK_ORANI_UST_KAPANIS.md,1742,358f5fa1ebe3478ee1af28644c70abb5cdbdb69565c1b3a5f89ac229bcc1386f,.md,ACTIVE_REFERENCE,true
docs/audit/32-H_PPK-012_CEVRIMDISI_CAPABILITY_LEASE_UST_KAPANIS.md,1801,1321de970ccd1b6fc4d2ca370f2d78f24867b52c389fc3df3d1be0e6a12572cd,.md,ACTIVE_REFERENCE,true
docs/audit/32-I_PPK-013_ISTEMCI_VERI_ERISIM_UST_KAPANIS.md,2574,0f86792a20e5e55635bbd512e4b491d40877558efb96b6fbe6f239db0939b22f,.md,ACTIVE_REFERENCE,true
docs/audit/32-J_PPK-014_SURUMLU_CORE_SERVICE_API_UST_KAPANIS.md,2734,9c0c7cf65cbd992faddf941b0c8b1910bcd1adfb4bd3ae67ad8643c5614943b8,.md,ACTIVE_REFERENCE,true
docs/audit/32-K_PPK-015_NETWORK_EGRESS_POLICY_UST_KAPANIS.md,2678,bd1590f8cb513bd5c59eda0f87f8c0a947f4716d079db58a23ff2ba9e518c326,.md,ACTIVE_REFERENCE,true
docs/audit/32-L_PPK-016_TURETILMIS_VERI_POLITIKA_MIRASI_UST_KAPANIS.md,13282,19013b0e06c66c02d90ee4e15c43db90db28bbeccb717567109f23ddc19fe6ac,.md,ACTIVE_REFERENCE,true
docs/audit/32-M_PPK-017_HASSAS_LOG_POLITIKASI_UST_KAPANIS.md,3531,34eff54edc0b2b83ab06ad6f7c3052c476238455d7654963c737f6b70ba89508,.md,ACTIVE_REFERENCE,true
docs/audit/32-N_PPK-018_DEGISMEZ_POLICY_KARAR_AUDIT_UST_KAPANIS.md,3898,3f2ab87dfe1e986895ecd7021fcd2a98d8f5a2774946a4aac6881be167500c0c,.md,ACTIVE_REFERENCE,true
docs/audit/32-O_PPK-019_KAYNAK_SILME_RETENTION_YAYILIMI_UST_KAPANIS.md,3772,71dbf174812b097f8fbf6fe65e487247c08e88920c272c527e7f19aac99c2340,.md,ACTIVE_REFERENCE,true
docs/audit/32-P_PPK-020_COK_PLATFORM_POLICY_CONFORMANCE_UST_KAPANIS.md,3691,bf4567c277a844c1db7e287f36a843b7fdbc0e5e6684be507b18f482e6bb7582,.md,ACTIVE_REFERENCE,true
docs/audit/32-Q_PPK-021_PLATFORM_POLICY_AST_FAIL_GATE_UST_KAPANIS.md,4242,e11d7ea936bc618ee0f899f863308f6a1b8a5e6f708cdcea28083197e9bb64ef,.md,TEST_OR_GATE,true
docs/audit/32-R_PPK-022_CAPABILITY_MANIFEST_BUILD_RUNTIME_GATE_UST_KAPANIS.md,4309,98691ccac0429c11286fae10991e658d1fe0e3b7bc1fc9477e9381b4a16c02b9,.md,TEST_OR_GATE,true
docs/audit/32-S_PPK-023_UYGULAMA_GUVENLIK_PROFILI_UST_KAPANIS.md,2924,b93ddf33428e1d75808445824825d46119fc674aacc44ddf6989ccfb8d912abe,.md,ACTIVE_REFERENCE,true
docs/audit/32-T_PPK-024_POLICY_SERVICE_AVAILABILITY_UST_KAPANIS.md,2848,fe369e00ec417df44feeab6b90ee9585fb8a9032f0a46900916e78da88e15373,.md,ACTIVE_REFERENCE,true
docs/audit/32-U_PPK-025_SOFTWARE_SUPPLY_CHAIN_UST_KAPANIS.md,6041,6d990b7a4697730ced59d477e3015ab4869bcdc78ba7038dc42d11bb85a74df9,.md,ACTIVE_REFERENCE,true
docs/audit/32-V_PPK-026_TYPED_POLICY_SDK_UST_KAPANIS.md,1885,3da97602decf30fa61fa6af6243e5ed82e21578f5d46a28e5dba4dd1dbbe246c,.md,ACTIVE_REFERENCE,true
docs/audit/32-W_B0-03_B0-04_PRODUCT_SURFACE_GOVERNANCE_UST_KAPANIS.md,2108,abf41d6acb9ffc590c338068631c6f4f31a5d5627861d2c0413f06c314f5b9b8,.md,ACTIVE_REFERENCE,true
docs/audit/32-X_B2-03_B2-04_DESKTOP_SECURITY_UST_KAPANIS.md,2406,0f156ee5f31964de90f6ec438b5ffc7b3e5a9f0c5d954317c4b58e465fb6b94a,.md,ACTIVE_REFERENCE,true
docs/audit/32-Y_B2-05_B6-03_SENSITIVE_DATA_CONSENT_UST_KAPANIS.md,2582,ce83a24c22b17d68f1ad94fce33542beb05babec729540699a314a74868d74a5,.md,ACTIVE_REFERENCE,true
docs/audit/32-Z_B4_BANKING_FOUNDATION_UST_KAPANIS.md,3138,2f262f6d20e602fa060985ba38e1a422ab0d25659e2337270e457ffbcbd95632,.md,ACTIVE_REFERENCE,true
docs/audit/33-A_B4_PAYMENT_CARD_MANAGEMENT_UST_KAPANIS.md,3025,eb3773c01d16f367b33ee70da62569182f4f6f8e147b900a23b391b2e9783b7c,.md,ACTIVE_REFERENCE,true
docs/audit/33-B_B4_LOAN_MANAGEMENT_UST_KAPANIS.md,3179,f9a85fd72963beef1c4bed3a771891f8fcf09ed79c579048c6e92b4fe4d02b8a,.md,ACTIVE_REFERENCE,true
docs/audit/33-C_B4_FINANCE_PLANNING_PORTFOLIO_ANALYTICS_UST_KAPANIS.md,3643,670a42649dcd6c1bd6f6e4afcc36d5aa26387c05aa97a084260c4e89b1d6ca46,.md,ACTIVE_REFERENCE,true
docs/audit/33-D_B4_CONTROLLED_IMPORT_OPEN_BANKING_UST_KAPANIS.md,3932,ae2c354216f0009bae17bbda91c29644f89f4ab6525ed1d2f65027764740b47d,.md,ACTIVE_REFERENCE,true
docs/audit/33-E_B5_CATEGORY_LIFE_HOME_VEHICLE_UST_KAPANIS.md,2057,d0fd98ae1e842cfd76069a23d8ae17809938c4e6f3ac740b090582a722d34e15,.md,ACTIVE_REFERENCE,true
docs/audit/33-F_HOME_INVENTORY_UTILITY_BELONGINGS_UST_KAPANIS.md,3585,8ff6352c3e18869dd03eaabf978802db5e689e84431a187670b32a75a34be3f6,.md,ACTIVE_REFERENCE,true
docs/audit/33-G_FAMILY_EMERGENCY_PLANNING_UST_KAPANIS.md,2259,3e18ce12d6150453bd60088524b30d26359b11a5c9af1b0410c9a448f0ce5d38,.md,ACTIVE_REFERENCE,true
docs/audit/33-H_FAMILY_EMERGENCY_PREPAREDNESS_UST_KAPANIS.md,1661,0f95d4dfc2d1811eb03a79910173b73edd8e68e0e2f2c90d596e82a63138fa73,.md,ACTIVE_REFERENCE,true
docs/audit/33-I_FAMILY_EMERGENCY_ASSISTANCE_CARD_UST_KAPANIS.md,2526,4fd3329e963eae1d9103933061681d4c1d7d20f3007d2b3427cdd9467fbfcbba,.md,ACTIVE_REFERENCE,true
docs/audit/33-J_FAMILY_EMERGENCY_CARD_PORTABILITY_UST_KAPANIS.md,3051,a87efdef3781e9c781e0d5a04177e52a7a195c7303d825f7eb890f258f69ec49,.md,ACTIVE_REFERENCE,true
docs/audit/33-K_PRIVACY_CONSENT_LOST_DEVICE_CONTROL_UST_KAPANIS.md,2628,5d4cc2f81d759df90d05df148b1b94a2a161520dbfa3543aefad4f4f735f1ae8,.md,ACTIVE_REFERENCE,true
docs/audit/33-L_LONG_TERM_PORTFOLIO_UST_KAPANIS.md,4289,7638435730618829802d96415a70bbfbb45ea35c7c89f098d4cae99b389a4663,.md,ACTIVE_REFERENCE,true
docs/audit/33-M_ACCESSIBILITY_PREFERENCE_CENTER_UST_KAPANIS.md,971,35b80c09159a1a76c4d60e4f0fca112dd35c1393a959ee43f88de6223783069d,.md,ACTIVE_REFERENCE,true
docs/audit/33-N_DRAFT_ASYNC_STATE_UX_UST_KAPANIS.md,901,15ddd5947ffe1bba612e7b549bf9d86518783068d9702556362266af83904845,.md,ACTIVE_REFERENCE,true
docs/audit/33-O_PRIVACY_OWNERSHIP_DATA_RIGHTS_INCIDENT_CONTROL_UST_KAPANIS.md,987,4cd24ea813d5ff57aa2c73919304b5e63804dbe2386b88395827029d564c95cc,.md,ACTIVE_REFERENCE,true
docs/audit/34-L_BRONZE_FINAL_LOCAL_CLOSURE_AUDIT.md,3067,4deaffd576d1c022a226825102fd83340c018e8c351f8aa96c1c905cb80c8ffe,.md,ACTIVE_REFERENCE,true
docs/audit/BRONZE_CURRENT_COMPLETION_AUDIT.md,11043,9d2b5012ea653d12e42d874c5ad132a697de42693ed80a62dd4483fb8dcf6775,.md,ACTIVE_REFERENCE,true
docs/audit/PPK-002_FAMILY_DATA_IMPORT_POLICY_LOCAL_CONTINUATION.md,1578,d7b91924d03fdfa6d30ae9659cdb83d73116e485d032d24829e75ddb9c52e308,.md,ACTIVE_REFERENCE,true
docs/audit/PPK-002_TIMELINE_POLICY_LOCAL_CONTINUATION.md,2551,a06e3cd7040bbc36c3a933cbd664e067120311624d8f5aff2bc6e4101cb9e05c,.md,ACTIVE_REFERENCE,true
docs/AUTOMATIC_CLEAN_BACKUP_REWRITE_V1.md,2165,b57ef020be7ac76000b32f55468157f88699c97274d3dc4cf96a0626524a760b,.md,ACTIVE_REFERENCE,true
docs/BOUNDED_BOOTSTRAP_AND_LAZY_LOADING_V1.md,2003,6860c9f18194b8590c14875b9fbc7ed358ceaf56be4d1a68bb53f06daa59f73c,.md,ACTIVE_REFERENCE,true
docs/CLEAN_BACKUP_REWRITE_ACTIVE_OWNERSHIP_SNAPSHOT_V1.md,921,149e00b3b81144a05792450566fe28dfd41fa75d42f33f93314a21f16babcbb3,.md,ACTIVE_REFERENCE,true
docs/CLEAN_BACKUP_REWRITE_ACTIVE_POLICY_PARAMETERS_V1.md,431,7de179d6e1893c2813837604fdf601ea4efdfbb0c9a165f96594123bf233bd57,.md,ACTIVE_REFERENCE,true
docs/CLEAN_BACKUP_REWRITE_ATOMIC_TERMINAL_TRANSITION_V1.md,794,02be3504390f7eeca2fa086acd90e42bf657541065f91b1e43c098915ac2761a,.md,ACTIVE_REFERENCE,true
docs/CLEAN_BACKUP_REWRITE_CLAIM_CHRONOLOGY_V1.md,2253,d1d92644ebeba9f70eec7e14797261dc55d8dba6f52454f9a81663d7d288575a,.md,ACTIVE_REFERENCE,true
docs/CLEAN_BACKUP_REWRITE_FINALIZATION_LEDGER_V1.md,1976,82bd3959ff62d033d0a4c7b9d4b5fe5fbe84133d3023f536c9f3408d51f8b95f,.md,ACTIVE_REFERENCE,true
docs/CLEAN_BACKUP_REWRITE_LINKED_CHRONOLOGY_V1.md,1091,72e36932fbb83f836e9447ca91aa0a7c4d6a491cfa09f777112a114672170e95,.md,ACTIVE_REFERENCE,true
docs/CLEAN_BACKUP_REWRITE_MANUAL_AVAILABILITY_V1.md,1220,b4cb4520a7f8575f5c2f3bd3fa4e37bb8d38f43abd100caa54936311a270bec7,.md,ACTIVE_REFERENCE,true
docs/CLEAN_BACKUP_REWRITE_OPERATIONAL_ISOLATION_V1.md,1584,e18833cb9cd98dcc75304c06edefddb08ed0a3242126c529fa05e480ef0a3470,.md,ACTIVE_REFERENCE,true
docs/CLEAN_BACKUP_REWRITE_PROPAGATION_EVIDENCE_IMMUTABILITY_V1.md,985,74c0351d1188560995bced12279324e005f17a71c33d73236c94959463e910ff,.md,EVIDENCE,true
docs/CLEAN_BACKUP_REWRITE_PROPAGATION_OUTCOME_INTEGRITY_V1.md,431,bc39e2591049dbbcd67cce81d39017eef914d0cc8dd0a7229d9fce2005726358,.md,ACTIVE_REFERENCE,true
docs/CLEAN_BACKUP_REWRITE_RECOVERY_CHRONOLOGY_V1.md,2362,03cb7ffa2087bea0760baa3b1cc6edca9f5b03eef6dfad05c76d270606247071,.md,ACTIVE_REFERENCE,true
docs/CLEAN_BACKUP_REWRITE_RUNNING_LEDGER_IDENTITY_V1.md,1497,38b561d059e9c72e6ec35d4ad1fc4a674d68ae1f56e6c2bbbca2950a58b56518,.md,ACTIVE_REFERENCE,true
docs/CLEAN_BACKUP_REWRITE_TERMINAL_CHRONOLOGY_MONOTONICITY_V1.md,317,d88a6144f1e68f6e0306eeadec7851a9b087ac7021d97c80822b72f987685f5c,.md,ACTIVE_REFERENCE,true
docs/CLEAN_BACKUP_REWRITE_TERMINAL_CHRONOLOGY_V1.md,1214,ab2565ad44ead4749d2ca6e445c242f79d314c8d71a5dea16f61ba7caf2474ff,.md,ACTIVE_REFERENCE,true
docs/CLEAN_BACKUP_REWRITE_TERMINAL_LEDGER_IMMUTABILITY_V1.md,1706,332c63f9d8de8116581d3960e9b10c880c91c24c2e4f929d015887abd0798c8d,.md,ACTIVE_REFERENCE,true
docs/CLEAN_BACKUP_REWRITE_TRIGGER_AWARE_BACKOFF_V1.md,1341,4ad03e54907f40d1c0abb30cad79aeffb4d74044b39ef4f37b043d29e7871e7c,.md,ACTIVE_REFERENCE,true
docs/current/00_AKTIF_ANA_KAPSAM.md,3285,d1780ed851df53cca298afab8470b7730855b537cf502038985a5a77051ce82b,.md,ACTIVE_AUTHORITY,true
docs/current/01_AKTIF_GUVENLIK_GIZLILIK_POLITIKASI.md,1238,c867c76a6eabf75c76b1bac142694c6ffeefad06e202fd9d97fee01c631893b0,.md,ACTIVE_AUTHORITY,true
docs/current/02_AKTIF_PLATFORM_MIMARISI.md,2030,6a0ef55531e433131e34b70ed903f86dd1cd848e5c787f30bcc5ebef8b4c43dc,.md,ACTIVE_AUTHORITY,true
docs/current/03_AKTIF_UX_ERISILEBILIRLIK_SOZLESMESI.md,2983,c2e1af42ebde49b5e9074dad2e5857de44e58080cb24b9393dced8d0e59664c8,.md,ACTIVE_AUTHORITY,true
docs/current/04_AKTIF_BRONZE_YOL_HARITASI.md,2451,14dcc597f022a67efb8aed8b2182153544da1b6366403061deec7d7275495271,.md,ACTIVE_AUTHORITY,true
docs/current/05_KABUL_EDILEN_EK_AILE_YETENEKLERI.md,4934,2846e7ffefebad2836bfdc9ca5dd70ce1d50684e60a5845b37dc59fd860d7d65,.md,ACTIVE_AUTHORITY,true
docs/current/06_KANONIK_KURAL_SICILI.md,9224,aa2404cfa289c564d50832767e3711a1cf97ba371c57e3031941639447e00327,.md,ACTIVE_AUTHORITY,true
docs/current/07_TESLIM_SOHBET_VE_KALICI_KAYIT_SOZLESMESI.md,1539,867efa92332b7b28dded18b59bd52c475efb8dc857209e77f200ecbaa657bd36,.md,ACTIVE_AUTHORITY,true
docs/current/08_TUM_BELGELER_DIZINI.md,,SELF_GENERATED_AFTER_INVENTORY,.md,ACTIVE_AUTHORITY,true
docs/current/09_KULLANICI_KARARLARI_KAYDI.md,24017,c52c50feee3bf63ef4434cb288eeae1bc591f12e93d326403a191e1b1df50ab3,.md,ACTIVE_AUTHORITY,true
docs/current/10_TUM_KURALLAR_ASILAMAZ_YURUTME_SOZLESMESI.md,6637,f1718a223e7743a76e462c6596b746c30cb66729b6ab0e8a42d6d5e4f6cf6608,.md,ACTIVE_AUTHORITY,true
docs/current/11_GUNCEL_KARAR_KURAL_IS_AKISI_SICILI.md,148270,64ed2b7658864e30a07764b7dd38147a794c6f75c9eef0bd61d9f02565a43f70,.md,ACTIVE_AUTHORITY,true
docs/current/12_KALAN_IS_SINIFLANDIRMA.md,6768,98eb75cda54fb7df0e7f7ce1c3bed8bd18161d7f7dd749059b6021195dbc698d,.md,ACTIVE_REFERENCE,true
docs/current/12_TUM_BELGE_TURLERI_DENETIMI.md,2519,e612fb3ce09ec0c8327c7675c3058a44093eee434c323e516f30b99aaf54e273,.md,ACTIVE_AUTHORITY,true
docs/current/13_KURUMSALLASMA_VE_GLOBAL_MARKA_PLANI.md,4554,2feb86cca9416776eb81fb3cabb0e643de034e25564606d8cfd069f3c5966f0d,.md,ACTIVE_AUTHORITY,true
docs/current/13_TESLIMAT_CALISMA_AGACI_ENVANTERI.md,,SELF_GENERATED_AFTER_INVENTORY,.md,GENERATED,true
docs/current/14_TICARI_URUN_TEMEL_SURUMU.md,1115,542042b05bd40e232660dc3b355d8aea2007edefedd749ebed8799b0bdc7435f,.md,ACTIVE_AUTHORITY,true
docs/current/15_EK_KURAL_TOPLU_BIRLESTIRME_SICILI.md,3790,398e08a9dbf019df5fe96b9ed23d16e0a49aee521a6fb44deb043986d30a5ffe,.md,ACTIVE_AUTHORITY,true
docs/current/accepted-scope/01_TAMAMLAMA_SOZLESMESI_KABUL_EDILEN_GIRDI.md,12659,386d2b7513c5bdf6685b8b5a12922b9b0e83b2d44af0a6140f6e3020d9819d2c,.md,ACTIVE_REFERENCE,true
docs/current/accepted-scope/02_DAGITIK_PLATFORM_KABUL_EDILEN_GIRDI.md,11035,389a96e4a2c4c170442c2e26ff715c610e3b4568c35ad33b1c90c614dd7579c9,.md,ACTIVE_REFERENCE,true
docs/current/accepted-scope/03_AILE_ILETISIM_KABUL_EDILEN_GIRDI.md,10194,0c7d9b3e96d94c5b18f938a99002007b337cb784cb64789efdd9583feb8bbaa1,.md,ACTIVE_REFERENCE,true
docs/current/accepted-scope/04_PLATFORM_POLITIKA_OCR_KABUL_EDILEN_GIRDI.md,10189,6d56787366f5b2b2b02c08d20c82a73c5c5b90c1c1fff4ad665aeb4e17e771de,.md,ACTIVE_REFERENCE,true
docs/current/accepted-scope/Anadolu_Parsi_Aile_Yasam_Merkezi_Bronze_03.08.2026_Is_Matrisi.json,35864,509b4821d04faf2fc530bc5126190dcf03996a3ebc5e6b722cbb7736a97c0543,.json,ACTIVE_REFERENCE,true
docs/current/accepted-scope/Anadolu_Parsi_Aile_Yasam_Merkezi_Planlanan_Bronze_03.08.2026.27_Dagitik_Platform_Is_Matrisi.json,12536,43ccd55fb71b43619d3e8fff0ce23ab636fa736e1e47db94abd5195fdb3c9b8a,.json,ACTIVE_REFERENCE,true
docs/current/accepted-scope/Anadolu_Parsi_Aile_Yasam_Merkezi_Planlanan_Bronze_03.08.2026.27_Iletisim_Is_Matrisi.json,33056,6bceaf7d68a1f12950be23bec3b88e662aa6238ceb800b8dae842832751fae0d,.json,ACTIVE_REFERENCE,true
docs/current/accepted-scope/Anadolu_Parsi_Aile_Yasam_Merkezi_Planlanan_Bronze_04.08.2026.27_Platform_Politika_ve_OCR_Is_Matrisi.json,18331,1f558ccbd9a181656727bee72ade286ca3a4de2f53ba7397348c7efc22c0d415,.json,ACTIVE_REFERENCE,true
docs/current/DESKTOP_SESSION_AND_ELECTRON_SECURITY_CONTRACT.md,2686,0648869f27c83cd1f8243988dc9b49c3be51470aea6025a883125d5e470d3cf0,.md,ACTIVE_REFERENCE,true
docs/current/MASTER_PROJE_DOKUMANTASYONU_BRONZE_04.08.2026.28.docx,50355,62bf23a4820fa9b2cd4c36a9c90079f066b7e3d139482da9a9213302ede3a73e,.docx,HISTORICAL,true
docs/current/MASTER_PROJE_DOKUMANTASYONU_BRONZE_04.08.2026.28.pdf,270037,f9ab09e6930ddb03e06dcb4a6576886e633ffeb25e309ae53aeb57cdb7e7639c,.pdf,HISTORICAL,true
docs/current/MASTER_PROJE_DOKUMANTASYONU_GUNCEL_17.08.2026_V1.docx,347679,a551300ae443f3a756aa718ec311d06b4d99b889232155d39ee88fe53c46415e,.docx,ACTIVE_REFERENCE,true
docs/current/MASTER_PROJE_DOKUMANTASYONU_GUNCEL_17.08.2026_V1.pdf,478084,f93dc2f9b8af7a9cc73b9b8c1699ff195f9e44dba7e1004bded1dd24fdda289f,.pdf,ACTIVE_REFERENCE,true
docs/current/MASTER_PROJE_DOKUMANTASYONU_GUNCEL_18.08.2026_V2.docx,348987,0f4e3d9b5f48d7b7e937e94aede69dcaf3184c0bb10d16824873f092381efbad,.docx,ACTIVE_REFERENCE,true
docs/current/MASTER_PROJE_DOKUMANTASYONU_GUNCEL_18.08.2026_V2.pdf,479923,449b33680cbd67f7215ba14589f5cf00e1c14a179a0dd44a1f56e3446ee8785b,.pdf,ACTIVE_REFERENCE,true
docs/current/MASTER_PROJE_DOKUMANTASYONU_GUNCEL_19.08.2026_V3.docx,349713,749edc9c06ea70988c9a09f118196033b8ee1b4644fdc6b938f8703fb79729cb,.docx,ACTIVE_REFERENCE,true
docs/current/MASTER_PROJE_DOKUMANTASYONU_GUNCEL_19.08.2026_V3.pdf,481003,258d545e9ffeb91886d9057e59a6f272348cf2d78963e6ff4f67d7b0593a7c72,.pdf,ACTIVE_REFERENCE,true
docs/current/MASTER_PROJE_DOKUMANTASYONU_GUNCEL_20.08.2026_V4.docx,352628,ad8c154b8f59ec8cff5a29214ea82ed6dcc99afe476727163dd892c113933812,.docx,ACTIVE_REFERENCE,true
docs/current/MASTER_PROJE_DOKUMANTASYONU_GUNCEL_20.08.2026_V4.pdf,489570,ab3cea90a659e4bd3bde698d8c93306ac1b5070bdaf4212040500d1b28f0cf54,.pdf,ACTIVE_REFERENCE,true
docs/current/MASTER_PROJE_DOKUMANTASYONU_GUNCEL_24.08.2026_V5.docx,363218,4de317584c638a8afe6c565465278e669e76edd4b52d6d6207a71c1df483db8a,.docx,ACTIVE_AUTHORITY,true
docs/current/MASTER_PROJE_DOKUMANTASYONU_GUNCEL_24.08.2026_V5.pdf,507049,a7ead41105002a730ada47a0b6b609389dfad814cfc713dfccb6459075f33504,.pdf,ACTIVE_AUTHORITY,true
docs/current/MASTER_PROJECT_DOCUMENTATION_BUILD209.docx,295186,6303c334282081db7a2ad602cce5132cd105bb77ef7e574009e836a54abef8a6,.docx,HISTORICAL,true
docs/current/MASTER_PROJECT_DOCUMENTATION_BUILD209.pdf,391597,590910ec50937a684c1c953624901ed1b191c733dc59588d46c23fbb14bcbd99,.pdf,HISTORICAL,true
docs/current/MASTER_PROJECT_DOCUMENTATION_BUILD210.docx,295232,1d6988e12788eaaad2d40dcf2224baa679920220a61241fbbaf6375454314ae1,.docx,HISTORICAL,true
docs/current/MASTER_PROJECT_DOCUMENTATION_BUILD210.pdf,391568,59ec6e580ef6b5e2c201aa739084e5a9669a735634a38140b4770815ffb1d33c,.pdf,HISTORICAL,true
docs/current/MASTER_PROJECT_DOCUMENTATION_BUILD211.docx,295261,a6caa76a6959b18ffc5f195f60f5b9c08d43b8e02c65eaa1f62e3b2ba1fb29eb,.docx,HISTORICAL,true
docs/current/MASTER_PROJECT_DOCUMENTATION_BUILD211.pdf,392005,dda61469b6bf748293826803998e559a524e65c6db18e6c4fea07b857191d23a,.pdf,HISTORICAL,true
docs/current/MASTER_PROJECT_DOCUMENTATION_BUILD212.docx,1450067,e70ae0357792256ab81f834858531b3bde9e54cd31c11af0ded89765348e33b0,.docx,HISTORICAL,true
docs/current/MASTER_PROJECT_DOCUMENTATION_BUILD212.pdf,465627,3fcee8fe69aeb54f0336c973f751d83b1ece259312f82141e70b4b32d6edea4f,.pdf,HISTORICAL,true
docs/current/MASTER_PROJECT_DOCUMENTATION_BUILD213.docx,1450174,4f3958895185a42030c0792c504c9af272422391b596543600c5218db4e8efca,.docx,HISTORICAL,true
docs/current/MASTER_PROJECT_DOCUMENTATION_BUILD213.pdf,466436,050b9c15b18a8fa4a4c5f96f6744c5991b64a57b07a0aa2dce6af9c6fe042f9c,.pdf,HISTORICAL,true
docs/current/MASTER_PROJECT_DOCUMENTATION_BUILD214.docx,1450504,a2bcdac9b5e86e7648632242229778daabc27501badc8aa54355af89e4f3270d,.docx,HISTORICAL,true
docs/current/MASTER_PROJECT_DOCUMENTATION_BUILD214.pdf,471139,58f6fe19a46401be3199f09cf03cf590987b5976bf2b2b812e2164c86132e99d,.pdf,HISTORICAL,true
docs/current/MASTER_PROJECT_DOCUMENTATION_BUILD215.docx,1450671,30d20bcd1e73b782d43c95a9ea0ef785925db81f82885cb044ff9324b6c645ab,.docx,HISTORICAL,true
docs/current/MASTER_PROJECT_DOCUMENTATION_BUILD215.pdf,475135,95b7acf23cb33d702f00a6ddfb8d3a82484d374a664104cc05289130606f8e7e,.pdf,HISTORICAL,true
docs/current/MASTER_PROJECT_DOCUMENTATION_BUILD216.docx,1450820,8c8b7395581130113422114b02418ede0552bcafc4fbd1e55cfdf173a5abbdbe,.docx,HISTORICAL,true
docs/current/MASTER_PROJECT_DOCUMENTATION_BUILD216.pdf,478515,aaf6473a7dba56e33e234e9a40b79d110342fe8de2f8667033b878939cfe8a66,.pdf,HISTORICAL,true
docs/current/MASTER_PROJECT_DOCUMENTATION_BUILD217.docx,1450953,0d5bc8208ba1c9d8521529a567e672dd952342f8f248c72451c00b17315cb72e,.docx,HISTORICAL,true
docs/current/MASTER_PROJECT_DOCUMENTATION_BUILD217.pdf,480477,045e0a4e2adfbff6299175c6601275c69020d6fae83fc40b59147086b8438dfe,.pdf,HISTORICAL,true
docs/current/MASTER_PROJECT_DOCUMENTATION_BUILD218.docx,1451081,0da0588336661fe6f942a32ef3f30fb9fa4a9d74d84f01952cb856aab3290d4e,.docx,HISTORICAL,true
docs/current/MASTER_PROJECT_DOCUMENTATION_BUILD218.pdf,486085,d1126783662db5436801fd21783eecad6953a5d7803d75ed96075cecc986366f,.pdf,HISTORICAL,true
docs/current/MASTER_PROJECT_DOCUMENTATION_BUILD219.docx,1451198,ad0597975d2adc11df19d74b7706aee0bbeb21cd0081f7b1b2869d7027cefce8,.docx,HISTORICAL,true
docs/current/MASTER_PROJECT_DOCUMENTATION_BUILD219.pdf,490035,87e93961d35fb4ca6e9b8e8078c6e965db130590bdea8739d50aa7aca929f731,.pdf,HISTORICAL,true
docs/current/MASTER_PROJECT_DOCUMENTATION_BUILD220.docx,1451343,9bdb8496f2e68979bd8884a68d88935aa49eb3a95d35ac13c567770ac7a43d71,.docx,HISTORICAL,true
docs/current/MASTER_PROJECT_DOCUMENTATION_BUILD220.pdf,492179,a24e560dcb7e1415863188682e7bd19104cb4946086177c89b6354dfcc69eb86,.pdf,HISTORICAL,true
docs/current/MASTER_PROJECT_DOCUMENTATION_BUILD221.docx,1451422,5ce8c5e3443783e87eb521ed47fba42a0fa058363994b7ec724f7da5f33efe26,.docx,HISTORICAL,true
docs/current/MASTER_PROJECT_DOCUMENTATION_BUILD221.pdf,493963,ecb5ddd51e064ab8794592e236344385f0658073937c5630728423ae23bc0d82,.pdf,HISTORICAL,true
docs/current/MASTER_PROJECT_DOCUMENTATION_BUILD222.docx,1451543,818ceb8ee758e85e95859361cb5f45a965af55e0322e3cffa062482b8762b82b,.docx,HISTORICAL,true
docs/current/MASTER_PROJECT_DOCUMENTATION_BUILD222.pdf,500845,3599f4bd10437d3dc33a03261035df1bafdd5c67acfec0e4118d30cddc463784,.pdf,HISTORICAL,true
docs/current/MASTER_PROJECT_DOCUMENTATION_BUILD223.docx,1451708,ec188ffabb72e221907f3111fac108a913377bab54cbbc47425c4a98c70c2d86,.docx,HISTORICAL,true
docs/current/MASTER_PROJECT_DOCUMENTATION_BUILD223.pdf,504411,f2e114509c87260c829db7c82a5983cd34827ef0505b76b4d0cc54dde629e921,.pdf,HISTORICAL,true
docs/current/MASTER_PROJECT_DOCUMENTATION_BUILD224.docx,1451830,8c4d5cacc7396d70dd13892f22509a61c8ee19c46c545690493d6d6f40b22858,.docx,HISTORICAL,true
docs/current/MASTER_PROJECT_DOCUMENTATION_BUILD224.pdf,508458,6a7441890d76188d96e2d26366f8e3cd2f935f9de477359114f0e56ec09d7af4,.pdf,HISTORICAL,true
docs/current/MASTER_PROJECT_DOCUMENTATION_BUILD225.docx,1452091,1d99be75a06ca2a55467da169dcdaeb59cc79119a70599e2c3d371f73037135c,.docx,HISTORICAL,true
docs/current/MASTER_PROJECT_DOCUMENTATION_BUILD225.pdf,106165,d1de07e480197b0391faaed148d9063c7ace082be0d52ccf6712d0c5545972d7,.pdf,HISTORICAL,true
docs/current/MASTER_PROJECT_DOCUMENTATION_BUILD226.docx,1452193,53bb5a02fb4c01cc2ad53cbc405ff2973c2d0d6a0274ec62d693ff3dfeef27ff,.docx,HISTORICAL,true
docs/current/MASTER_PROJECT_DOCUMENTATION_BUILD226.pdf,106818,0b1b5f00c65956771d1a4d022433285feabc72eadbe73d494b076d88657bfcd8,.pdf,HISTORICAL,true
docs/current/MASTER_PROJECT_DOCUMENTATION_BUILD227.docx,1452158,216c53fbd6f8cbd3a0fc900643cf90111a4b98f7ab42c338171d3b27f4605fbd,.docx,HISTORICAL,true
docs/current/MASTER_PROJECT_DOCUMENTATION_BUILD227.pdf,106951,670ed2b119e969677370dd593d776a237fdcfce55adb3929f7e562ab2c691d95,.pdf,HISTORICAL,true
docs/current/MASTER_PROJECT_DOCUMENTATION_BUILD228.docx,1452242,1558f7b55340c40e31bc892aac7ae95ce94defa88ce4b566b76ec93124f3cde6,.docx,HISTORICAL,true
docs/current/MASTER_PROJECT_DOCUMENTATION_BUILD228.pdf,106893,bec80cd82f0a18ecc29579343c9988fd3b7db345e95cda38a3ad340755d020c9,.pdf,HISTORICAL,true
docs/current/PPK-015_NETWORK_EGRESS_CURRENT_RATCHET.md,3986,f58301675ab0abe44c8c59ac3b41d729e5c2243d49774170b895c913e1118c30,.md,ACTIVE_REFERENCE,true
docs/current/PRODUCT_NAVIGATION_AND_FEATURE_REALITY_CONTRACT.md,3358,384096c240fcbc259a573bddc393999416622cf730ed827255fbe96ea2b7681d,.md,ACTIVE_REFERENCE,true
docs/decisions/DEC-090-clean-backup-rewrite-propagation-status-integrity.md,185,bb4e6b9f0f1b6d76d875088b3eefa804287f4b6cd22d94a416bd465877c86115,.md,ACTIVE_REFERENCE,true
docs/decisions/DEC-091-clean-backup-rewrite-propagation-uniqueness.md,228,59d828e0ff855294ab9bd501cbb3c1302b040eef7858098a431e890f5ceb533d,.md,ACTIVE_REFERENCE,true
docs/decisions/DEC-092-clean-backup-rewrite-propagation-reference-permanence.md,283,e06ddffcbe6f74f8b080794dcd67acf9134552033ceee70897d97d1692967b23,.md,ACTIVE_REFERENCE,true
docs/decisions/DEC-093-clean-backup-rewrite-propagation-evidence-immutability.md,363,3ba8e418def6d414a45c6518e0f3b1eaf2b7c585dabc59f82698503a19551592,.md,ACTIVE_REFERENCE,true
docs/decisions/DEC-094-clean-backup-rewrite-propagation-replace-bypass-protection.md,378,fcfeb756cd03a06d62bea89aa79fa51f09ed85274bcfb4aeadf2893ec61735bd,.md,ACTIVE_REFERENCE,true
docs/decisions/DEC-097-conversation-context-capacity-handoff-gate.md,782,266836ca8d399fcbf87c90305ce5a3b961d833b4c7afe6be8c5e82a97889e279,.md,ACTIVE_REFERENCE,true
docs/decisions/DEC-098-project-constitution-v3.md,817,44c2208d3e448b9d1e3e16e8ab7f1f3dace8a3ec7e002e42cbd5820e9d70fe95,.md,ACTIVE_REFERENCE,true
docs/decisions/DEC-099-secure-onboarding-and-user-data-vault.md,660,d2dd80c29450d5e67fed8744f8562779c5aab7e0637c7afcb8a0cd35f8b22622,.md,ACTIVE_REFERENCE,true
docs/decisions/DEC-100-clean-backup-terminal-ledger-immutability.md,1379,fd0a53bb4dba6c3fc2d56e600258f372b03c3a6644e12a800b7b03ba75a208a7,.md,ACTIVE_REFERENCE,true
docs/decisions/DEC-101-clean-install-external-access-handoff.md,588,40a9b20661ee306c8b4ab3e5338108b56b81ec66d63309f5df10948bc155bb6d,.md,ACTIVE_REFERENCE,true
docs/decisions/DEC-102-approved-ui-visual-baseline-correction.md,1428,74c6c08270299748ab73484c4c8a4bf8fc8c5bf6265ced376c3c2141a5a7928a,.md,ACTIVE_REFERENCE,true
docs/decisions/DEC-103-memory-resident-user-data-session.md,2030,84f89eb397e5a7026cdd45598bf52ec34a02b8fb47247cda9de836493196f929,.md,ACTIVE_REFERENCE,true
docs/decisions/DEC-104-protected-side-artifact-encryption.md,2081,a9814fb3510e83103b0749e5240d79694f98a5f37500657014b04f156a510874,.md,ACTIVE_REFERENCE,true
docs/decisions/DEC-105-pr171-atomic-work-segmentation.md,1079,3fb127d3f1698539950d36ee507e8c30e264023cba50dbbbd0d1a41218c85afa,.md,ACTIVE_REFERENCE,true
docs/decisions/DEC-106-windows-security-evidence-harness.md,1851,1cc052b35d07d93cbe741b68af4469d460f123efcc2ac7015c7ba2436d44051b,.md,ACTIVE_REFERENCE,true
docs/decisions/DEC-107-windows-evidence-intake-source-binding.md,1839,4fe4338c9cf5f83e6b7589fc53e78bc7840430db1fe61c819f5ca6db45314583,.md,ACTIVE_REFERENCE,true
docs/decisions/DEC-108-open021-isolated-windows-closure-gate.md,873,87d210a2d1a31cfb6b0c4f657953661d8f946f5171d467a4e6c6dd8be0143759,.md,ACTIVE_REFERENCE,true
docs/decisions/DEC-109-open022-isolated-windows-closure-gate.md,1377,cd8d6d4058ccc50cf2e4a42bd70589625678931e14081ec7a90ba14073c97241,.md,ACTIVE_REFERENCE,true
docs/decisions/DEC-110-unified-bronze-windows-security-closure.md,1290,a3f24e1eab09d83f41d6c4a82c0a46b51ac8afcd439902fd7d152d854040d0a5,.md,ACTIVE_REFERENCE,true
docs/decisions/DEC-111-build219-windows-failure-bootstrap-remediation.md,902,71f3b544a6b2a1032cd7aad67f86936e048cce8564eb7b4cfdaa0fdb99d175ca,.md,HISTORICAL,true
docs/decisions/DEC-112-build220-windows-failure-workspace-build-remediation.md,899,b305ab6e3634b1ed4468df63670a820f2d3d9d9c0a78d82afd053b04f6bd1f90,.md,HISTORICAL,true
docs/decisions/DEC-113-build221-windows-failure-preload-typescript-remediation.md,945,b157a1e7549938b97a7ff78c7be49e2576cab712f498f22b810f8b242f9b5a9c,.md,HISTORICAL,true
docs/decisions/DEC-114-build222-windows-failure-preload-cjs-graph-remediation.md,1136,7eb1c02a50138e039a977b02d3a4676bb3b52c7c9c75736e299d5c34e312e265,.md,HISTORICAL,true
docs/decisions/DEC-115-build223-windows-failure-license-rtf-sync-remediation.md,1143,0d3f0019a96a6e9e5b693ae12ed3832bebb053d5fbd746b27526daf6f9d7de1a,.md,HISTORICAL,true
docs/decisions/DEC-116-build224-windows-security-root-cause-remediation.md,1709,c469e9050491d8f53553f30a7c06d9e1519d3590bda61ef4ba18f8087d3b4f41,.md,HISTORICAL,true
docs/decisions/DEC-117-pr172-platform-actual-context-hard-stop.md,709,74f4c3fe99bcec2bb28c190d976dc88a97d1540dbd3a36ffe85d945afbaa8151,.md,ACTIVE_REFERENCE,true
docs/decisions/DEC-118-build225-fresh-profile-device-identity-initialization-order.md,1181,294653d53bf60af493a0b612598719bd74097dabeaec2dc9e9869025f867b004,.md,HISTORICAL,true
docs/decisions/DEC-119-build227-four-proven-windows-root-causes.md,1716,398cc4508b8dd78c6ce15d1e64be0b34777d812153149315e256abbb52705c9a,.md,HISTORICAL,true
docs/decisions/DEC-120-build228-open021-open022-official-closure.md,1012,712803555ccdc570a01712520c426ccd9a179b17f3eaeefe767190278b439532,.md,HISTORICAL,true
docs/decisions/DEC-121-accepted-scope-monthly-release-and-channel-gates.md,562,3b92197fd8fc4b07cbfe08b8f4b13f7ceb03727e099344d2903eaef22a42af24,.md,ACTIVE_REFERENCE,true
docs/decisions/DEC-122-platform-policy-kernel-and-core-service-foundation.md,536,9c8f5fb5eaf77c15999203daf2697f67915693e798e543bdb56033be7143abbe,.md,ACTIVE_REFERENCE,true
docs/decisions/DEC-123-all-proposed-family-capabilities-accepted-as-binding-bronze-scope.md,537,6967eacbb5ec6b61cb8ebcb8fc73d0b20ddf842f0f074f97d511b71a987b1dd1,.md,ACTIVE_REFERENCE,true
docs/decisions/DEC-124-exceptionless-canonical-rule-lock-and-automatic-fail-closed-gates.md,546,1a1433d4dd550f4b2aac283eca75e00fb992882dcaa47dafc28c5a493766d1b5,.md,ACTIVE_REFERENCE,true
docs/decisions/DEC-125-persistent-library-hierarchy-is-mandatory-for-every-delivery.md,488,0805b99f2839b8bc441e5fe7e0be0e6193a93d4bd79e1432eb17236260bb2551,.md,ACTIVE_REFERENCE,true
docs/decisions/DEC-126-every-delivery-reports-progress-eta-silver-gold-conversation-status-and-handoff-state.md,605,cdce41a3c99e197e5f45938fb9326c192b3a3d80cd2aef093d953c7708e603ff,.md,ACTIVE_REFERENCE,true
docs/decisions/DEC-127-all-documents-and-artifacts-must-be-exhaustively-indexed-and-listed.md,538,ab1580236e4beadd09bc1b32ea718feea88691ae73b529724a87afd6e18774e3,.md,ACTIVE_REFERENCE,true
docs/decisions/DEC-128-completed-releases-are-immutable-new-work-continues-in-monthly-next-sequence.md,541,b5b2d5c5b81e821c8015016cecefd2a514b3e28f135f6826cfba4fa1a2f7ec76,.md,ACTIVE_REFERENCE,true
docs/decisions/DEC-129-tum-kurallar-asilamaz-yurutme-cekirdegi.md,1132,8d52af55e9bbbd96eeac5f27cd6519d4558dff833bdea56fc52c789a9a4b84ee,.md,ACTIVE_REFERENCE,true
docs/decisions/DEC-130-b1-03-contextual-central-authorization.md,1722,5cb4696b5a9959b4ed509336dfbaf987fb93a2f94dc4c53b8fad89bbc2c865b0,.md,ACTIVE_REFERENCE,true
docs/decisions/DEC-131-b1-04-invitation-lifecycle.md,1792,b4a04dd2666dc8063ad411dee2924bb74ffdfba632c8e3f30fa0ed892fae7b79,.md,ACTIVE_REFERENCE,true
docs/decisions/DEC-132-b1-04-invitation-ipc-ui-menu.md,1761,4e69c03b1631acf7f778048ca243ca26c5d61c0ab717a44075d0a99fd13f7405,.md,ACTIVE_REFERENCE,true
docs/decisions/DEC-133-b1-05-data-repair-center.md,2232,de35bafd71706c52f133c2ef67eb17cdb80f18704b3fd5e844d7f4d6747ff05a,.md,ACTIVE_REFERENCE,true
docs/decisions/DEC-134-b1-05-data-repair-desktop-workspace.md,2622,e00cc3285cdd865410e6b416d40e61707c121ab24535d6898564b286a57514de,.md,ACTIVE_REFERENCE,true
docs/decisions/DEC-135-b2-01-windows-hello-foundation.md,3907,ded2ae53f1c2fe3330c948839a25b4d0b6aa16a7110c9a3ca9965a8d3c5162a6,.md,ACTIVE_REFERENCE,true
docs/decisions/DEC-136-b2-01-windows-hello-ipc-ui-menu.md,4389,eba4f88c62609d071e6095c36c698f7dd2ddf74c865a6315cef6e0c57fd3d958,.md,ACTIVE_REFERENCE,true
docs/decisions/DEC-137-incomplete-bronze-backlog-full-auto-prioritization.md,1844,5501989d8d15e5c4890f70d5abdf3cba276024c1a5fede84b3bc9aaaaecea1f2,.md,ACTIVE_REFERENCE,true
docs/decisions/DEC-138-ppk-002-central-policy-enforcement-foundation.md,1853,a6ee3391914df8a3b45e9ca9bd39bbb497c1c16bb8bb35bce55cc418be11fd07,.md,ACTIVE_REFERENCE,true
docs/decisions/DEC-139-ppk-002-archive-policy-enforcement-vertical-slice.md,2776,65362e45226c4a4514d3aea6d57510a4d3cff9341fec788919b8921c65b1396c,.md,ACTIVE_REFERENCE,true
docs/decisions/DEC-140-ppk-002-archive-production-composition-and-sqlite-runtime.md,3368,f4ee6d26c00b1385b2ce089c2a5246131a835c49d2cf95a42e9517c75d81e0fc,.md,ACTIVE_REFERENCE,true
docs/decisions/DEC-141-ppk-002-durable-policy-transaction-replay-and-fencing.md,3151,9829e60bd828b69ac0776ff70fb1b04802edb1560aedcaaac39bbd6787252e14,.md,ACTIVE_REFERENCE,true
docs/decisions/DEC-142-ppk-002-journal-proof-and-rollback-anchor.md,1510,71307b3ed86c4018363981de1c96e40164b8893ebf870bdc48b058feb98a5b0f,.md,ACTIVE_REFERENCE,true
docs/decisions/DEC-143-ppk-002-archive-core-table-receipt-fence.md,1583,26a2fa64f35379cbcbb5e402585f4fdc84597c69a12d3e49bba7adf35d1f87b1,.md,ACTIVE_REFERENCE,true
docs/decisions/DEC-144-ppk-002-archive-accessory-and-event-attachment-receipt-fence.md,1846,26b98a38d78781794a4a81381c178eeb7ff85f762884655eb633b5f251484645,.md,ACTIVE_REFERENCE,true
docs/decisions/DEC-145-ppk-002-new-correlation-operation-idempotency.md,1983,d65920629b32559a24f5cf58af974bc72d361e4e52dd689225d47876edc3bea0,.md,ACTIVE_REFERENCE,true
docs/decisions/DEC-146-ppk-002-durable-pending-operation-identity-recovery.md,2089,3aa312c3064ef811b25707818de5a7e0e3422c8791493c7885365d7f6e70138c,.md,ACTIVE_REFERENCE,true
docs/decisions/DEC-147-ppk-002-expired-replay-reservation-pruning.md,1758,d18ccf0d3812d80576a8677af301790a6d2bb8551862b8d850c14ae1cc5a788f,.md,ACTIVE_REFERENCE,true
docs/decisions/DEC-148-ppk-002-finance-policy-enforcement.md,1316,f30f69b1555a70937706eeae67604249531ad6dce8a81ac287542e8d56c9687b,.md,ACTIVE_REFERENCE,true
docs/decisions/DEC-149-ppk-002-health-policy-enforcement.md,1560,6761fea6967b3d3ee1f92a0a192191a89bf579fea8de92f43223c02b78fa61c9,.md,ACTIVE_REFERENCE,true
docs/decisions/DEC-150-ppk-002-life-policy-enforcement.md,2243,4f00ac0a5d510e645e0e8dd58b62230c2723ca5788cf21e32e88d9571e392c02,.md,ACTIVE_REFERENCE,true
docs/decisions/DEC-151-ppk-002-location-policy-enforcement.md,5542,4fd74fe644c9f224f05d93a8616283219adea00707250b01bcdfb7ad686ead4f,.md,ACTIVE_REFERENCE,true
docs/decisions/DEC-152-authoritative-source-local-receipt-and-build-numbering.md,2326,ad07510d31f9cee46ce502adfc75351212d5a06e8aa90d89a30c40cc2aeeb471,.md,ACTIVE_REFERENCE,true
docs/decisions/DEC-153-b0-01-governance-reality-matrix-closure.md,2040,6d5287fe1cb027e0896d5f9e7418074f1fee7d9f3bf45683de469cf6c90b7a84,.md,ACTIVE_REFERENCE,true
docs/decisions/DEC-154-gov-004-current-delivery-report-closure.md,1870,83b67ba5a68cdb01f311e5c81f8f2fe8bd3fa710027e3365222a8e89b9790bd7,.md,ACTIVE_REFERENCE,true
docs/decisions/DEC-155-gov-005-external-library-blocker-classification.md,1283,15dd982d8914a2758005e77c2ff7ff665f7fd5b4cd66b590bb5d8b56bc284bf3,.md,ACTIVE_REFERENCE,true
docs/decisions/DEC-156-ppk-002-timeline-event-policy-local-continuation.md,4941,1b9dc6b8a6b8aa19486a7a1c9e0274f01adecb1e7fa2fc4da00c33e901b145f2,.md,ACTIVE_REFERENCE,true
docs/decisions/DEC-157-ppk-002-family-data-import-central-authorization-local-continuation.md,2148,60350c643f5bd5a91dbd654aa3ad79f666a70bc283405011c9461bf51fc640a8,.md,ACTIVE_REFERENCE,true
docs/decisions/DEC-158-30-z-external-usb-library-receipt.md,1651,19d80351d8ae77cfb6bdf52cdef045053750ff3c1bf5d8a14432a457e6a93828,.md,ACTIVE_REFERENCE,true
docs/decisions/DEC-159-ppk-002-timeline-event-policy-official-checkpoint.md,1697,9474dc3db3313c972a7275991f9bb27d95dcd1db0081d1d8c5c2730924ea022a,.md,ACTIVE_REFERENCE,true
docs/decisions/DEC-160-ppk-002-family-data-import-central-authorization-official-checkpoint.md,1383,00b3033c67686042f23424aff0db4a25952353528a593adbe5e31018277daa5a,.md,ACTIVE_REFERENCE,true
docs/decisions/DEC-161-ppk-002-family-import-multi-policy-receipt-batch.md,1776,b9263b9780cf7c7c44eea347ee4aead653545a0863070a430dfd71abc2117de7,.md,ACTIVE_REFERENCE,true
docs/decisions/DEC-162-windows-hello-hardware-validation-deferral.md,1724,35e1a866c9acfc778d4ad925924b993d57b8bb589a1ab8e0f6fd40a65caf1c4b,.md,ACTIVE_REFERENCE,true
docs/decisions/DEC-163-ppk-002-family-import-reused-location-read-receipt.md,1774,ca807cb79db891965244173561cad7c630867af7e96da4cc9fbb0fe17f677e44,.md,ACTIVE_REFERENCE,true
docs/decisions/DEC-164-gov-005-external-usb-source-protection-closure.md,1131,6ef295869a8c7eb30491e333cd087bd633c0ba9b4b09ec019932bf2fd1bf0346,.md,ACTIVE_REFERENCE,true
docs/decisions/DEC-165-b0-02-user-visible-release-metadata-boundary.md,1124,38715a079c33b5a78bb20a193d3bdff9750e2c0d1f91f48ee4dcf3cfe5839d62,.md,ACTIVE_REFERENCE,true
docs/decisions/DEC-166-ppk-002-family-import-created-location-linked-event.md,1940,5cace9502f720d2e1d448d611f8f399cc4060f8615a05b09ca0d3e10c3763279,.md,ACTIVE_REFERENCE,true
docs/decisions/DEC-167-ppk-002-family-import-governed-rollback-receipt-fence.md,1695,53fd960f1575eb8be53c28deab136484168784a5fe873457bb52c517d153993b,.md,ACTIVE_REFERENCE,true
docs/decisions/DEC-168-main-structure-first-core-service-api-foundation.md,1645,7703fb86b274586ddfedac89421ddc53cea7c03cb2c3f22fad5fb982b7fddfeb,.md,ACTIVE_REFERENCE,true
docs/decisions/DEC-169-core-service-protected-family-data-session-ownership-control-plane.md,1650,c06e3146161c41f46e94865724a02f1edcd23d3dc30cdedba3af5ef08362801f,.md,ACTIVE_REFERENCE,true
docs/decisions/DEC-170-headless-device-secret-protection-boundary.md,1596,2794dba013b6f183e298fc7ce85a2578766abdc05b04e287832b0c7764a09e9e,.md,ACTIVE_REFERENCE,true
docs/decisions/DEC-171-family-data-coexistence-default-deny-cutover-gate.md,2287,dae0bff4519961969ef9abcaade5499c5edcad3b1f1b1587c86a5fbad9c9022f,.md,ACTIVE_REFERENCE,true
docs/decisions/DEC-172-monotonic-cutover-readiness-evidence.md,2176,9f9572f4e7ad505bc3a74894868808a0eaf8d6dcd38efeb6fd7028cd92439b18,.md,ACTIVE_REFERENCE,true
docs/decisions/DEC-173-protected-cutover-readiness-journal-port.md,2201,d612036fd738c273e6615bc040a4423692d25aead1be8ccddc75f4c6df24c2ec,.md,ACTIVE_REFERENCE,true
docs/decisions/DEC-174-signed-cutover-readiness-evidence-verifier-boundary.md,2484,57777b2eb35671618bd7c4a9d2c3e0185ca0575e74f0b48e1bf1f08132b926a2,.md,ACTIVE_REFERENCE,true
docs/decisions/DEC-175-synthetic-single-writer-proof-harness-boundary.md,2011,cbb4f85a3a5dc6d0df2d18189344006b0c9e60f0aa0275ddce2bf5205f72c307,.md,ACTIVE_REFERENCE,true
docs/decisions/DEC-176-synthetic-key-lifecycle-proof-harness-boundary.md,2240,c01d7e22f3f7340c47de3a258fce47427fd426ded7f177411c297e0bebd4604e,.md,ACTIVE_REFERENCE,true
docs/decisions/DEC-177-synthetic-rollback-recovery-drill-boundary.md,2247,1e1f375fdb402880747bf909791a0f7c0e7c210c01626618553c6acfee090d99,.md,ACTIVE_REFERENCE,true
docs/decisions/DEC-178-end-to-end-security-evidence-aggregator-boundary.md,2331,3e80896cd39625eef244270abb97b242f477e9361479577aa6392b3638830099,.md,ACTIVE_REFERENCE,true
docs/decisions/DEC-179-explicit-user-approval-receipt-boundary.md,2957,26a8570a4e513e802207215675641bcb174ac7d3f048549b0e47009a6efe2760,.md,ACTIVE_REFERENCE,true
docs/decisions/DEC-180-versioned-cutover-decision-preflight-boundary.md,2804,cf5f6ea011a96a17c73c38b0351ef480784e7ba48a50015ab71f1c53680ee969,.md,ACTIVE_REFERENCE,true
docs/decisions/DEC-181-ppk-002-family-import-governed-rollback-receipt-fence.md,1385,0aad23374d939298e5f1771a72e88edee0345aa9746fe405fdc95f377e7bf0c8,.md,ACTIVE_REFERENCE,true
docs/decisions/DEC-182-ppk-002-remaining-technical-boundaries.md,1930,e3a0fb17a22f67ef442b163e4e159b0735ee67a2db0c11ad8c4e09c6d2942e4b,.md,ACTIVE_REFERENCE,true
docs/decisions/DEC-183-ppk-002-universal-enforcement-top-closure.md,2898,e326b7f832c101a0ce37460c4ebfbf1f8810940c44dcc2f66a69e9c1997744f7,.md,ACTIVE_REFERENCE,true
docs/decisions/DEC-184-ppk-003-bounded-default-deny-policy-decision-availability.md,2636,d6f33f4b9207cf1e8a3b774b12340a492aae630effaa2da1d983dc2c783d0e67,.md,ACTIVE_REFERENCE,true
docs/decisions/DEC-185-ppk-004-complete-policy-context-binding.md,2921,07a53c2a9eb33949cc589fdda0bf93ecf5e51e4bd2f85f6dccc42738ff9d44b9,.md,ACTIVE_REFERENCE,true
docs/decisions/DEC-186-ppk-005-complete-data-classification.md,3047,1ca6129a26a8e1bfaf182568582a501c9417ed243c3e908d71fbb552bed227e9,.md,ACTIVE_REFERENCE,true
docs/decisions/DEC-187-ppk-006-complete-policy-obligation-suite.md,3209,ccbfb67156d3b2b44203113f9091d4096ee17160f0f6fe8e05b09e416bbbb110,.md,ACTIVE_REFERENCE,true
docs/decisions/DEC-188-ppk-007-signed-versioned-policy-package.md,3121,b0874b2615323ce295d311f583da7f6af55b2a86dbbb098eec28059f58814a0a,.md,ACTIVE_REFERENCE,true
docs/decisions/DEC-189-ppk-008-application-identity-device-certificate-manifest.md,3123,afee622730ffe9b47698a1a2ba7556ac3ad395ef511d3405241fc41dcc0c550a,.md,ACTIVE_REFERENCE,true
docs/decisions/DEC-190-ppk-009-core-service-policy-reevaluation.md,2769,1a5162ca8f01c4f07bb4b75afdcbd56ba84e02a6aa1ece393da03199e77c0ee6,.md,ACTIVE_REFERENCE,true
docs/decisions/DEC-191-ppk-010-central-policy-zero-exception.md,2712,5bc11f53fe1333f5f8cf74e00180af87749106187246ef55f354c60191914055,.md,ACTIVE_REFERENCE,true
docs/decisions/DEC-192-ppk-011-contextual-ownership-policy.md,2843,bd96ed0c46e78e97ce4d0c8165d420357bd374eca9794dcf0917355a42ed9707,.md,ACTIVE_REFERENCE,true
docs/decisions/DEC-193-ppk-012-offline-capability-lease-cache-fence.md,2647,da7c77557a194bae31c51ac161eb696d858dd050a0fb3d44d6da40517052dda3,.md,ACTIVE_REFERENCE,true
docs/decisions/DEC-194-ppk-013-client-data-access-boundary.md,3161,3be9a86abb3759aafb94dc38689ee6535c087a76bb01b40933e568f33da6518a,.md,ACTIVE_REFERENCE,true
docs/decisions/DEC-195-ppk-014-versioned-core-service-api-boundary.md,2930,d7c5c29fc0b4104c6527dd65eb67ec4448b26cfb42c10effaa827bf5cced932f,.md,ACTIVE_REFERENCE,true
docs/decisions/DEC-196-ppk-015-network-egress-policy.md,3090,af47dc2009e2f429c875e7c6acd723dfc511c79d7816491c5d5e92ca1f98fe13,.md,ACTIVE_REFERENCE,true
docs/decisions/DEC-197-ppk-016-derived-data-policy-inheritance.md,12093,384d60ee08ac070bf63050c17668e7364ab7e8ac74a3b6af0a9a852e16fa0e6c,.md,ACTIVE_REFERENCE,true
docs/decisions/DEC-198-ppk-017-sensitive-log-policy.md,3458,18ff0a73e2b6284278bf7cd63584c76ba47fd8e9af4ad693d21bfbeab4d27edf,.md,ACTIVE_REFERENCE,true
docs/decisions/DEC-199-ppk-018-immutable-policy-decision-audit.md,4955,5f4f0e25a1cb775738c093b33586e70ac4134e0015575c854a675fd298ccb9ca,.md,ACTIVE_REFERENCE,true
docs/decisions/DEC-200-ppk-019-source-deletion-propagation.md,5273,237f8e0d1c8a2e7c26eb7d45752f20a37b97ef30e43b6ace3e7675d6073af701,.md,ACTIVE_REFERENCE,true
docs/decisions/DEC-201-ppk-020-cross-platform-policy-conformance-suite.md,3548,4627c76617ff3f1d3a47acc942801a831b34a2c3ad5def111cb296557c0e6a19,.md,ACTIVE_REFERENCE,true
docs/decisions/DEC-202-ppk-021-platform-policy-ast-fail-gate.md,4440,d2406fc2e4fbf58af44cbd170f9e1b3a9de82ac230d0390bba2b5263409c937d,.md,ACTIVE_REFERENCE,true
docs/decisions/DEC-203-ppk-022-capability-manifest-build-runtime-gate.md,5521,395f02720fd57fde76055e72e702075bfae69fad0c606791d2f7616e495cfcf6,.md,ACTIVE_REFERENCE,true
docs/decisions/DEC-204-ppk-023-application-security-profile-gate.md,4126,392dc9f4546db257ccda261ad26eea8c3f082245ed93a8108abac8ef069c3d71,.md,ACTIVE_REFERENCE,true
docs/decisions/DEC-205-ppk-024-policy-service-availability-runtime-gate.md,5473,da94e2c8de6818ce1796f412dbeb458503a78f125b35c3b2a04c8f43c127b4d5,.md,ACTIVE_REFERENCE,true
docs/decisions/DEC-206-ppk-025-software-supply-chain-gates.md,9406,e9e550fc6275cae2b5956c40481a4ae9de679c59cafede282ca4936c0f33ce7d,.md,ACTIVE_REFERENCE,true
docs/decisions/DEC-207-ppk-026-typed-policy-sdk-and-xpf003.md,2487,76d0fe84c315d2a524d170bfb6a1f4de0cb67bcab26086d408ddb68a2a446b42,.md,ACTIVE_REFERENCE,true
docs/decisions/DEC-208-b0-03-b0-04-product-surface-governance.md,2242,68d5ae9edc2d1b2f8d0e38c61772fa135d13faa80decd45bf0f4c735c92b2ca4,.md,ACTIVE_REFERENCE,true
docs/decisions/DEC-209-b2-03-b2-04-desktop-session-electron-security.md,2368,f8246ac17c7a3b9048e6946d5b66a64cb89ce8e1261f6e79ac73f0bee49abfce,.md,ACTIVE_REFERENCE,true
docs/decisions/DEC-210-b2-05-b6-03-sensitive-data-consent-and-export-preview.md,2953,e459689e58a87de0873c21a1cb0610ba97b3cd6a62432c8894b9ec76bda37504,.md,ACTIVE_REFERENCE,true
docs/decisions/DEC-211-b4-banking-foundation.md,2706,9a559f7d2f37c01b613c440879c61f4e05d4484a26e7bbf6eb765965aab9b1b4,.md,ACTIVE_REFERENCE,true
docs/decisions/DEC-212-b4-payment-card-management.md,1988,2a43ea26993cc5e68e98054b684974575db7626924d179d679457dfaded5b343,.md,ACTIVE_REFERENCE,true
docs/decisions/DEC-213-b4-loan-management.md,2105,457d6fadea3807b6dfc0e4cc78275029f7d7cff0cf95902dff9a93e1e36c5ca5,.md,ACTIVE_REFERENCE,true
docs/decisions/DEC-214-b4-finance-planning-portfolio-analytics.md,2631,75acc94938bcd6b864d68ceb500ff07574172d282db1ef48d4a935988377fa52,.md,ACTIVE_REFERENCE,true
docs/decisions/DEC-215-b4-controlled-import-open-banking.md,3982,d1d25ec15ce447e43ef318cb552671dbbba223240b7a4c87759bf52550471173,.md,ACTIVE_REFERENCE,true
docs/decisions/DEC-216-b5-category-life-home-vehicle.md,3302,4be3d8733d1969148772a4e03eada165e6d431b174b427e3f4e4567669b2e0e0,.md,ACTIVE_REFERENCE,true
docs/decisions/DEC-217-home-inventory-utility-belongings.md,2828,2b5cbd502cfd5a8232f4a6576572427fe0f646e4f0f7a8e2bb751009abc55b84,.md,ACTIVE_REFERENCE,true
docs/decisions/DEC-218-family-emergency-planning.md,2812,9cf64dba386c92e82ae13ec6cf312565b3b691d366355e3e198485d01cb8343d,.md,ACTIVE_REFERENCE,true
docs/decisions/DEC-219-family-emergency-preparedness-kits-and-drills.md,1787,ba1c7245be67bc70c9d894a679d1a23d19debae0cb26f97c7124a24105b7e87b,.md,ACTIVE_REFERENCE,true
docs/decisions/DEC-220-family-emergency-assistance-card.md,2315,7200a756a8cf1f216a6bdb0490987a8db33a44f129df526f0a4cdf56e77953a8,.md,ACTIVE_REFERENCE,true
docs/decisions/DEC-221-family-emergency-card-portability.md,4408,d6d20422a61ed5a436f107ffc52f03c12591f1ba405688a458ac88fd107f3a61,.md,ACTIVE_REFERENCE,true
docs/decisions/DEC-222-privacy-consent-lost-device-control-center.md,1464,54d7d9d72ee5027fec4fabfc32fe72af4ad9ee458a39461afdeeee85b3ef93b4,.md,ACTIVE_REFERENCE,true
docs/decisions/DEC-223-long-term-portfolio-center.md,4072,409e5c4e5ade2e4c66580c608b91d2794ee2676a0a01535e4c46f0f3dd0af124,.md,ACTIVE_REFERENCE,true
docs/decisions/DEC-224-accessibility-preference-center.md,2732,7e8483dc621f4758cc997b1dbb49102379e7c31f0f484f987ffd32fc002ce182,.md,ACTIVE_REFERENCE,true
docs/decisions/DEC-225-draft-async-state-ux.md,3424,a02a2faeed8ce39538bdf792d6e99463ee859850910c382c2d031e11376bdd1c,.md,ACTIVE_REFERENCE,true
docs/decisions/DEC-226-privacy-ownership-data-rights-incident-control.md,2924,99e6140c05f80e9758e0d64fbe10b31325de8d8d888fb2d46924f8cb18388dac,.md,ACTIVE_REFERENCE,true
docs/decisions/DEC-227-passkeys-federated-identity-verifiable-temporary-credentials.md,15508,9011f6e92e07fceb88516b1800411af5ece18038e7e62b4465925dba4b746865,.md,ACTIVE_REFERENCE,true
docs/decisions/DEC-228-local-governed-ocr-derived-data-pipeline.md,21521,46d0855d54c051272da86d48d5122653e1df3735c03c2c9c2a6fd2a0f1136b39,.md,ACTIVE_REFERENCE,true
docs/decisions/DEC-229-archive-evidence-relations-media-lifecycle-unified-authorized-search.md,4431,32d3a6defed98a786b69c3fc8526f190ff34c1b5fe171c56782ff8c74c1591ae,.md,ACTIVE_REFERENCE,true
docs/decisions/DEC-230-health-care-coordination-elderly-support-ledger.md,3197,d27afd6fe3cfbe1c838cddbe7dbc13e2e0fc4f2dac7faf2525c42aa72791f755,.md,ACTIVE_REFERENCE,true
docs/decisions/DEC-231-household-operations-center.md,4017,2b9f38b9d77d5cc310787710935d835f9df243ae1620998c64d56671a7eeb1b4,.md,ACTIVE_REFERENCE,true
docs/decisions/DEC-232-child-education-coordination.md,3109,be222ccf70a3da1529d06bd80907cf950e08b842fa90c91f47ee411417f2857a,.md,ACTIVE_REFERENCE,true
docs/decisions/DEC-233-places-travel-asset-pet.md,2231,ff0b1bcdc1810228823f40c00bcd084613857d1b6323246c493d000d255ba684,.md,ACTIVE_REFERENCE,true
docs/decisions/DEC-234-consent-bound-family-ai-assistant.md,5409,87fe15755efe354c012bad0b4473739b059ba662632c2dedfe07ea30952ccfde,.md,ACTIVE_REFERENCE,true
docs/decisions/DEC-235-memory-studio-time-capsule.md,3998,05c05b836165f0651e49cf5017386297cc8c8a01ac3c5652eee6f48428ad53fd,.md,ACTIVE_REFERENCE,true
docs/decisions/DEC-236-local-first-smart-home-energy-adapters.md,3494,92cb71c1e3f3ee16453f17fad33eb6098de81b7cb0b6f8380c3f2d8265be5cdc,.md,ACTIVE_REFERENCE,true
docs/decisions/DEC-237-signed-plugin-external-provider-platform.md,3714,8cff2c97f3c8fcfa4aa6be16eb28777f44a26c4dc8f44f39d8f82a3315072504,.md,ACTIVE_REFERENCE,true
docs/decisions/DEC-238-communication-policy-mls-foundation.md,4572,84ee43fdccc3fa203592aac3466a4279d7e89dea7cef5ecd29cdbe992ff136b7,.md,ACTIVE_REFERENCE,true
docs/decisions/DEC-239-communication-messaging-lifecycle-privacy-presence.md,5070,4b84a5ec9abb239326025ba5c72a30875d78a3b7efda8bd8a0ff517bc36fc73e,.md,ACTIVE_REFERENCE,true
docs/decisions/DEC-240-realtime-calling-media-accessible-ux.md,3896,b9d0929d9909c17381c6caf63a5293068ec75e2b814693432881a95bde484dd6,.md,ACTIVE_REFERENCE,true
docs/decisions/DEC-241-explicit-consent-recording-media-retention.md,3561,3c4a6ecd4064d87f2673f1c3a9c4fb2604ab4a126579e07c96e7d546eddfbe1a,.md,ACTIVE_REFERENCE,true
docs/decisions/DEC-242-local-first-translation-caption-language-provider.md,3112,ca28386d32217b56e2b07d11881cddd37a430fbd8136e72c49968f32fe568ab9,.md,ACTIVE_REFERENCE,true
docs/decisions/DEC-243-family-meetings-decisions-consent-minutes.md,3880,0bea077dfe2720f95a33336787aa9b27b25d80dff3bf6f525816bde1d3807f8c,.md,ACTIVE_REFERENCE,true
docs/decisions/DEC-244-e2ee-file-sharing-remaining-communication-ux.md,2906,8bee63e52e1a934aa2cad94ac2f9ab1c2dac178aed501035e6dfd6fd7fbad499,.md,ACTIVE_REFERENCE,true
docs/decisions/DEC-245-communication-audit-archive-integrity.md,1841,57da6fc3f26175a7b6d06cf19fdeef59acf27a9a8f094f67ff030116c9e09f2b,.md,ACTIVE_REFERENCE,true
docs/decisions/DEC-246-distributed-core-consensus-tenancy.md,2985,0cbed62dd34619d264fb6d233efef4f36cb7a6c34d89bfd99d1ac64d3ae278ea,.md,ACTIVE_REFERENCE,true
docs/decisions/DEC-247-distributed-clients-operations-disaster-recovery.md,2463,16be3b202673cea71d781a346e1a78f5096d66a6524cc98a0281f2b6771a59c1,.md,ACTIVE_REFERENCE,true
docs/decisions/DEC-248-windows-resilience-universal-ux.md,3840,2b45f8f1e1ed91daa4270a69b0f7fb152cc516ea121075765f32d6f57f4cfd93,.md,ACTIVE_REFERENCE,true
docs/decisions/DEC-249-bronze-final-drift-deterministic-delivery-closure.md,1300,e5857f97acf58f4116fe65179f447477cab86959fa14b60e385db649b3350bdc,.md,ACTIVE_REFERENCE,true
docs/decisions/DEC-250-current-documentation-refresh-historical-preservation.md,1670,b4b6b8ebe64b3e39ecea177e903537423c5717fa3151ed3325aba3770a050b6c,.md,ACTIVE_REFERENCE,true
docs/decisions/DEC-251-synchronous-decision-documentation-enforcement.md,1893,dc8bdb00294fcb75b7bae0699b63580f7b2cb6956e1dcf53213e5822bd474276,.md,ACTIVE_REFERENCE,true
docs/decisions/DEC-252-freeze-historical-records-from-future-content-review.md,1591,ad846e1c681b61f85713be0baca4377d70172843252547abcea4af707630a869,.md,ACTIVE_REFERENCE,true
docs/decisions/DEC-253-animated-installer-narration-and-silver-help-center.md,2760,4add588c4e4bfada2938f7c47470c391eee3459cd2383300449183d56ea4ff1e,.md,ACTIVE_REFERENCE,true
docs/decisions/DEC-254-parsyuva-brand-and-institutionalization-roadmap.md,3349,85081a0052293a163a15b2542f02977d5c51f3b72cc0e42b0a4b0860560ad1b1,.md,ACTIVE_REFERENCE,true
docs/decisions/DEC-255-sistem-dili-ve-ingilizce-arayuz-altyapisi.md,14083,aeb31c7ba20e13e31a51f76abf88512723857218d656058596490e9d39f114f1,.md,ACTIVE_REFERENCE,true
docs/decisions/DEC-256-tek-gercek-kurulum-ilerlemesi.md,1356,4f4b13f7740f5c7fb6f7eca6f4f5ff25dae80993e84ea62a6803ead0bc9a962a,.md,ACTIVE_REFERENCE,true
docs/decisions/DEC-257-parsyuva-aym-baslik-tekrar-yasagi.md,972,983ca3e0b630c7eb2d50fd6182062ff7435b3b786588a2501aeb4a4aaf3bfdb4,.md,ACTIVE_REFERENCE,true
docs/decisions/DEC-258-cevrimdisi-aile-haritasi-altyapisi.md,2755,962912d62f2b2760bb4d4b0571deb5c7fec3e72f6796991a064f1ef6654f827c,.md,ACTIVE_REFERENCE,true
docs/decisions/DEC-259-ticari-temel-alani-ve-asilamaz-belge-kapisi.md,1919,cf925e200626d02dd1c053c242d9567a210322107429d452de45775ce4b6f348,.md,ACTIVE_REFERENCE,true
docs/decisions/DEC-260-ek-kural-toplu-birlestirme-ve-dogrulanmis-git-teslimi.md,2003,54c0319fc5f43a5a4a69c7fd3cd71d85f688c6aeb471260896ff3a3c5378bff7,.md,ACTIVE_REFERENCE,true
docs/decisions/DEC-261-aym-kisaltmasinin-guncel-urun-yuzeylerinden-kaldirilmasi.md,1336,1b7cd009f2c26fb2fc5ef6b29983274c5934ec5e4431d74225284f2423862609,.md,ACTIVE_REFERENCE,true
docs/decisions/DEC-262-parsyuva-kurulum-yolu-program-dosyasi-ve-kisa-teslim-adi.md,1603,af00602248c05be5fcd8ca89bbf5a1d101188a5a70a84d4ee12c994932a3d420,.md,ACTIVE_REFERENCE,true
docs/decisions/DEC-263-kod-degisikliginde-eski-windows-kurulum-artefaktlarinin-silinmesi.md,2287,98b87bb118191601deefe42f6853a0d8365398d8d09b8eab732e729580257f85,.md,ACTIVE_REFERENCE,true
docs/decisions/DEC-264-gorunur-surum-kanalinin-tek-kez-gosterilmesi.md,1605,8e3b4b2de14b33f2cc1e26bedc1d43f81d40cfa9a93e6d3532b80fdc0b2ca6c5,.md,ACTIVE_REFERENCE,true
docs/decisions/DEC-265-her-islem-oncesi-zorunlu-kural-kontrolu.md,1642,c9fef8a1e31bf03ef32b587a7409a54552f73e15fd24b9740d2d7ba924ba761f,.md,ACTIVE_REFERENCE,true
docs/decisions/DEC-266-ozel-kurulum-ilk-aile-temiz-paket-ve-cift-yedek-kabul-zinciri.md,2817,76769d0726dfa72b442edf028694e4454c77789cc697c2bd0bd8472b694fe07c,.md,ACTIVE_REFERENCE,true
docs/decisions/DEC-267-gecisli-sesli-kurulum-tek-pars-ve-kasa-kilidi-duzeltmesi.md,2191,fb8969559adcc249adc2f2f97533cf68488995059ed0fc60e5fa85d901bc25be,.md,ACTIVE_REFERENCE,true
docs/decisions/DEC-268-windows-installer-timer-callback-ve-tam-on-yuz-kullanici-uat-teslimi.md,3390,123b400bf1fd35e27cd61d9175eeac880e02cf0bb694e641143a07bb97dc1bee,.md,ACTIVE_REFERENCE,true
docs/decisions/DEC-269-bronze-silver-gold-kurulum-veri-ve-kaynak-yalitimi.md,2422,1e3fb8bade36861b91da8f2c033f37d9a09dc71e45caf1f41cd51f0ea3d59164,.md,ACTIVE_REFERENCE,true
docs/decisions/DEC-270-her-mutasyon-sonrasi-exact-commit-kaniti-ve-taze-kurulu-exe-uat-teslim-kapisi.md,4863,22dd8b124f4d2d6cc1b7bdfd88bd7cb98d58a29d0876c0cb684bbdbb458c00c3,.md,ACTIVE_REFERENCE,true
docs/decisions/DEC-271-sibling-channel-program-roots-and-legacy-uninstall-safety.md,3204,d3d4eea599a342db0065a4633e1e527feb4a648520f3ee1baf69592e50613067,.md,ACTIVE_REFERENCE,true
docs/decisions/DEC-272-explicit-single-release-allocation-and-preallocated-package-identity.md,1805,4ec5a48573fdc811b6eae49433a83f4336d68f7698966fc2863773cb63397382,.md,ACTIVE_REFERENCE,true
docs/decisions/DEC-273-canonical-windows-installed-upgrade-maintenance-and-frontend-uat.md,2300,a96d7a3fe54486a44f0f97c9c880c6e82558f811b6a3f3cb53b19feb57d8ca60,.md,ACTIVE_REFERENCE,true
docs/decisions/DEC-274-adversarial-windows-delivery-evidence-chain.md,2873,38f2704d57f451cbd8b9909ebe0455ee925af19a80e87f2debeccf1f2c526381,.md,ACTIVE_REFERENCE,true
docs/decisions/DEC-275-mutation-wide-record-and-test-closure.md,37166,fa7076375c1fd12feb3987d8b7d039ded9cf8e04744c9d0161d8ba90bf6fdee7,.md,ACTIVE_REFERENCE,true
docs/examples/anadolu-parsi-family-import-v1.example.json,1300,fd769c29e37671083eaf6960374fca184e06027b7e0b20c6112b1dc8b6b34494,.json,ACTIVE_REFERENCE,true
docs/EXTERNAL_EVIDENCE_ROOT_TRUST_VERIFICATION_V1.md,2164,2c8986237266d4eec82c9e986957ba347e56014299bbf5b32582b59b6fb0ebf4,.md,EVIDENCE,true
docs/FAMILY_DATA_IMPORT_V1.md,3130,8f708ee6a307c806edb6fd35a99f57243a2cc7af6232b5847a4f4d7208bec40e,.md,ACTIVE_REFERENCE,true
docs/IPC_ADAPTIVE_BUDGET_DURABLE_STATE_V1.md,2238,5594766c0067353b1d9b4f789f4edb4a3942491d8de95b27a973784d15172218,.md,ACTIVE_REFERENCE,true
docs/IPC_ADAPTIVE_BUDGET_MAINTENANCE_REAUTHENTICATION_V1.md,1438,163d13d97b17cefe53509bf84702856977311304a15a897e1647f9b263617a1c,.md,ACTIVE_REFERENCE,true
docs/IPC_ADAPTIVE_BUDGET_MAINTENANCE_SESSIONS_V1.md,962,5be2d30f19549f22c4d233d77d808019e98068c1ca8ab38bff4b119083f2c6bc,.md,ACTIVE_REFERENCE,true
docs/IPC_ADAPTIVE_BUDGET_OPERATOR_RECOVERY_V1.md,1637,863895e4cadf91695ff3614824bced17a1808aab1a88d136627ecfdbe4eb8834,.md,ACTIVE_REFERENCE,true
docs/IPC_ADAPTIVE_RESOURCE_BUDGETS_V1.md,851,46a89f65d203f245e188b03af2c33ab7395107d5ebca5b10f1c4f9f918cbc04a,.md,ACTIVE_REFERENCE,true
docs/IPC_PERFORMANCE_TELEMETRY_V1.md,943,bb1373949fa13c65e164cf2e8dac64012b4d0e7bf8c29c89993d4013af35b5ce,.md,ACTIVE_REFERENCE,true
docs/IPC_READ_SHARING_V1.md,1738,510fdc3160b8680c31d3d3cb9d1c8a25bfb45ebf21edd485e83b66a63cb0fb02,.md,ACTIVE_REFERENCE,true
docs/IPC_TRANSPORT_CONTEXT_V1.md,1249,31699a55f42f988cc7a8239c3ee7a33646fc3e3982c6a11de510e927a3ffb2d2,.md,ACTIVE_REFERENCE,true
docs/LARGE_FAMILY_READ_MODEL_PERFORMANCE_V1.md,2373,110b6bc6eceeffd01ecef18d8b097533aef94401a13979927b21894adaf5dba7,.md,ACTIVE_REFERENCE,true
docs/MANAGED_BACKUP_PROPAGATION_CHRONOLOGY_V1.md,1838,59f975fa064941968208fbaa82a63c1bb803fb652106dced85791d13e36856f2,.md,ACTIVE_REFERENCE,true
docs/NPM_CLEAN_INSTALL_BUILD211_HANDOFF.md,900,65bdd5918ba867ab05b234eb95c16218e9fddb1d74292a3e5933666f6ac5c75c,.md,HISTORICAL,true
docs/NPM_DEPENDENCY_HANDOFF_V1.md,1973,5cd1bac686cf4feffe7e81ad9fae0bbde8da163b94bc1f0a316ff9804a7647b0,.md,ACTIVE_REFERENCE,true
docs/SEARCHABLE_ENTITY_CATALOGS_V1.md,2502,83d8fec688c3717d251c3a82e3c228cb4996c72ff002b3abbd561717be54fdb1,.md,ACTIVE_REFERENCE,true
docs/security/B0-03_B0-04_PRODUCT_SURFACE_GOVERNANCE_THREAT_MODEL.md,1949,b861a2435be0f7e0898775467275f059ca648abc5d9ab6374d5ea5a946b20ef7,.md,ACTIVE_REFERENCE,true
docs/security/B2-03_B2-04_DESKTOP_SECURITY_THREAT_MODEL.md,2516,27ab4747ca695b1057740909b9d8d1814da39b10cd96c3aaced7eacb264ef381,.md,ACTIVE_REFERENCE,true
docs/security/B2-05_B6-03_SENSITIVE_DATA_CONSENT_THREAT_MODEL.md,2834,bbde4042291638662b2cb8f61df595da6a858ca400421bd585721afe3330a26a,.md,ACTIVE_REFERENCE,true
docs/security/B4_BANKING_FOUNDATION_THREAT_MODEL.md,2393,9dea671103ab33cf02c8d56e2fee674fc7a6862ffb33f5845051309e4070ac05,.md,ACTIVE_REFERENCE,true
docs/security/B4_LOAN_MANAGEMENT_THREAT_MODEL.md,2281,c59ca8808c2a696ced5373dc565b50b82509ea6e259f9a1be7e18dbf1c71f4b7,.md,ACTIVE_REFERENCE,true
docs/security/B4_PAYMENT_CARD_MANAGEMENT_THREAT_MODEL.md,1891,6859beb9e3f02a8f3eb9bd0198c328c47b6fa8d5b99b22de7b1bf3659431593b,.md,ACTIVE_REFERENCE,true
docs/security/BRONZE_OPEN021_OPEN022_CLOSURE_BUILD228.md,929,9057b2830706a45845ccbc6a3abcfccfefafa6a181da593934d2e9df39c237b5,.md,HISTORICAL,true
docs/security/BRONZE_WINDOWS_SECURITY_CLOSURE_BUILD219.md,1825,339aebe306f27b6c971ec14a6f123c79e431692cc865510232da28b3e6d913b1,.md,HISTORICAL,true
docs/security/BRONZE_WINDOWS_SECURITY_RETRY_BUILD220.md,1535,b0b330ff4c87f3b02bc73bbcafccf3f3aed5e1a82a3c94c4c8726e524c505e2f,.md,HISTORICAL,true
docs/security/BRONZE_WINDOWS_SECURITY_RETRY_BUILD221.md,1709,88b6ad906920e7ca629025db0ba192ef16f521b2b7ce46e940a5f5157a121a87,.md,HISTORICAL,true
docs/security/BRONZE_WINDOWS_SECURITY_RETRY_BUILD222.md,1511,987d8bc63ba3b22fc4a4db4d72c071f0f10eefde16d0fbf4367f790b7f3d110c,.md,HISTORICAL,true
docs/security/BRONZE_WINDOWS_SECURITY_RETRY_BUILD223.md,1540,b068a7067d13351e67573f8875a7ae75b7d2b518d96a8a609c76245d67e77988,.md,HISTORICAL,true
docs/security/BRONZE_WINDOWS_SECURITY_RETRY_BUILD224.md,2043,31c00c9f554641344c19c0184d2a881c21632515e6b4faaea572a27c63ccd528,.md,HISTORICAL,true
docs/security/BRONZE_WINDOWS_SECURITY_RETRY_BUILD225.md,1339,6e68729c986253350674d477b337b2f82da3250d2971bd55e2626e908914b576,.md,HISTORICAL,true
docs/security/FRESH_PROFILE_DEVICE_IDENTITY_INITIALIZATION_BUILD226.md,1341,87705b2f437248ebfd1854c85f71feffa500476ea55da1573419cf16aec61975,.md,HISTORICAL,true
docs/security/IN_USE_USER_DATA_PROTECTION_BUILD213.md,1656,da80bff3a4801dd309468cd9d6457085628748378418b6928ec4b0a5726efe7c,.md,HISTORICAL,true
docs/security/OPEN021_WINDOWS_CLOSURE_BUILD217.md,1559,101ec008988f14889f112bcd41b1923bb30778d8f302b43773db67e950072b31,.md,HISTORICAL,true
docs/security/OPEN022_WINDOWS_CLOSURE_BUILD218.md,1872,257a4eb58a931de251e853eda1006c78a5ebcedbc3d733d970e85e367777a60c,.md,HISTORICAL,true
docs/security/PPK-013_CLIENT_DATA_ACCESS_THREAT_MODEL.md,4414,60fba609e69eedf5ce69041b5a446b7751b25f53c46371bfe56ab2d852ca0707,.md,ACTIVE_REFERENCE,true
docs/security/PPK-014_VERSIONED_CORE_SERVICE_API_THREAT_MODEL.md,3974,6bc32db73784f5811a1b1f9ab98d59a42c6ca42f241e8eb6374ed04635ccb98b,.md,ACTIVE_REFERENCE,true
docs/security/PPK-015_NETWORK_EGRESS_POLICY_THREAT_MODEL.md,5202,86170e3467c17579b7ab6830367b78b68d0e65e0f38402b58e0e42275ba512d0,.md,ACTIVE_REFERENCE,true
docs/security/PPK-016_DERIVED_DATA_POLICY_INHERITANCE_THREAT_MODEL.md,9915,95447006e3486019254960bdc362f6703bed2016ae865553573f432fa7339952,.md,ACTIVE_REFERENCE,true
docs/security/PPK-017_SENSITIVE_LOG_POLICY_THREAT_MODEL.md,5318,7ab951c1102005c47a1a258bf76e6f4d171d368ff5aed5a99365e1734882bc07,.md,ACTIVE_REFERENCE,true
docs/security/PPK-018_IMMUTABLE_POLICY_DECISION_AUDIT_THREAT_MODEL.md,4615,ff5c0cc94c8796f037ed965b8690bcdbe85d46638742be1ca991bfbea162c023,.md,ACTIVE_REFERENCE,true
docs/security/PPK-019_SOURCE_DELETION_PROPAGATION_THREAT_MODEL.md,4669,490bb93b11264f5cf7f45ffc86f1e7a3a7f72d36f51a5c212ef147bafb2adacf,.md,ACTIVE_REFERENCE,true
docs/security/PPK-020_CROSS_PLATFORM_POLICY_CONFORMANCE_THREAT_MODEL.md,3575,64661be36dfe037c40b52bc9967dbbadd9d64db87fe3e02d43a5b3d3175a1466,.md,ACTIVE_REFERENCE,true
docs/security/PPK-021_PLATFORM_POLICY_AST_FAIL_GATE_THREAT_MODEL.md,3346,9f459e367c937c92d977cf1a69526e16c4b087e6f5e18ce273c684b402198270,.md,TEST_OR_GATE,true
docs/security/PPK-022_CAPABILITY_MANIFEST_BUILD_RUNTIME_GATE_THREAT_MODEL.md,4854,92fbbad1485605b74f22abb86d590c09152dc9a7520254ea0cf27cb4e705b177,.md,TEST_OR_GATE,true
docs/security/PPK-023_APPLICATION_SECURITY_PROFILES_THREAT_MODEL.md,11585,35c2d415ea267325e877337d36e0d2e3f47a1d791c6376eff97c596eab3b34c8,.md,ACTIVE_REFERENCE,true
docs/security/PPK-024_POLICY_SERVICE_AVAILABILITY_THREAT_MODEL.md,5938,0e38127abdb7da7e7fd6e35c09256be96099cea0f76e49ff4ba960033db41181,.md,ACTIVE_REFERENCE,true
docs/security/PPK-025_SOFTWARE_SUPPLY_CHAIN_THREAT_MODEL.md,10666,f606a04a6653ac02206c606a27070f5735d10a005ea8d21e81efe0dfd8995f67,.md,ACTIVE_REFERENCE,true
docs/security/PPK-026_TYPED_POLICY_SDK_THREAT_MODEL.md,2402,0bbbb5436950f1dad8cd5f270e122a93d1c6bca078ae22da24adcdcc7841dd45,.md,ACTIVE_REFERENCE,true
docs/security/PROTECTED_SIDE_ARTIFACTS_BUILD214.md,1336,c2a27bfa139e8afc17158998d22b43fe78a19c5dba71343d661d3f20857ff13b,.md,HISTORICAL,true
docs/security/THREAT_MODEL_33_C_B4_FINANCE_PLANNING_PORTFOLIO_ANALYTICS.md,3000,64b10866624058bb4b5c184165ab39dfe11654810bb42c35037c68055cc26893,.md,ACTIVE_REFERENCE,true
docs/security/THREAT_MODEL_33_D_B4_CONTROLLED_IMPORT_OPEN_BANKING.md,5358,ac5b27d22d36360312546d6335d20583183e5fda3974f9b4207806ec25d24168,.md,ACTIVE_REFERENCE,true
docs/security/THREAT_MODEL_33_E_B5_CATEGORY_LIFE_HOME_VEHICLE.md,2516,ee443528200254543d4434eaeca2091e84f3249cf86f9d045038fc2cf6dd018e,.md,ACTIVE_REFERENCE,true
docs/security/THREAT_MODEL_33_F_HOME_INVENTORY_UTILITY_BELONGINGS.md,3947,1f82c1354f84f2478ef93a89666208b686b8d4c749e586a8feefcb61bf756de9,.md,ACTIVE_REFERENCE,true
docs/security/THREAT_MODEL_33_G_FAMILY_EMERGENCY_PLANNING.md,3187,69cd7010c56566bddb505d91e5095156c73f37586f330e106a20a771cba07d89,.md,ACTIVE_REFERENCE,true
docs/security/THREAT_MODEL_33_H_FAMILY_EMERGENCY_PREPAREDNESS.md,1998,abf004894e9c991b3c3bf62cb3383ffed20f439bd3007eaa1c6340bf460fb84e,.md,ACTIVE_REFERENCE,true
docs/security/THREAT_MODEL_33_I_FAMILY_EMERGENCY_ASSISTANCE_CARD.md,2890,9acebb3f4f43d3fb81e2d3209373af8aae8025c0b3fde1991d7a8dbb7acbc9eb,.md,ACTIVE_REFERENCE,true
docs/security/THREAT_MODEL_33_J_FAMILY_EMERGENCY_CARD_PORTABILITY.md,3406,750634e91429d8658ab1026e2882636d6c66a04c623470d00048d81dfeacd39b,.md,ACTIVE_REFERENCE,true
docs/security/THREAT_MODEL_33_K_PRIVACY_CONSENT_LOST_DEVICE_CONTROL.md,1794,3c99a0f234b4a7b68056df9f1012ec150bd3cd34a3759ccc31a16ec3421ca6b8,.md,ACTIVE_REFERENCE,true
docs/security/THREAT_MODEL_33_L_LONG_TERM_PORTFOLIO.md,4599,003e7522d03ce17b5f35f8b13e2d5aa40bb5ff19b4b358ab80628b1f0837c36a,.md,ACTIVE_REFERENCE,true
docs/security/THREAT_MODEL_33_M_ACCESSIBILITY_PREFERENCES.md,3009,78ffa7a4ab330f6d71ee31d7a651892ca2801baf20e4a539fc79d29837baf0a4,.md,ACTIVE_REFERENCE,true
docs/security/THREAT_MODEL_33_N_DRAFT_ASYNC_STATE_UX.md,3929,b0e63800f124847d83179a6418390738cd0d29fa82735d4439ab9ae34ff29b79,.md,ACTIVE_REFERENCE,true
docs/security/THREAT_MODEL_33_O_PRIVACY_OWNERSHIP_DATA_RIGHTS_INCIDENT_CONTROL.md,3086,d6205eb72832b9fb4e72420dfc9495a1f1cff8666bf57c00b5e27afbc9737ceb,.md,ACTIVE_REFERENCE,true
docs/security/THREAT_MODEL_33_P_PASSKEYS_FEDERATED_IDENTITY_VERIFIABLE_TEMPORARY_CREDENTIALS.md,13096,a387141ca92624939f58bd656f8c08d7b188ca9bbd226f64cfb7a200ad118fac,.md,ACTIVE_REFERENCE,true
docs/security/THREAT_MODEL_33_Q_LOCAL_GOVERNED_OCR_DERIVED_DATA_PIPELINE.md,16356,8f132e033c13185f567028a58fd03f38607f2688602aff9f4477e9d6007e2ed0,.md,ACTIVE_REFERENCE,true
docs/security/THREAT_MODEL_33_R_ARCHIVE_EVIDENCE_RELATIONS_MEDIA_LIFECYCLE_UNIFIED_AUTHORIZED_SEARCH.md,4552,73bbecd2d9360e8fbbf1b50eeef688e8ecf0d7fd62cfd91ffbf2d252b1481e25,.md,EVIDENCE,true
docs/security/THREAT_MODEL_33_S_HEALTH_CARE_COORDINATION_ELDERLY_SUPPORT_LEDGER.md,3149,f839cce4aa0767d92c946ddb76291f537f2c24ad905cf8687420496d26e885c9,.md,ACTIVE_REFERENCE,true
docs/security/THREAT_MODEL_33_T_HOUSEHOLD_OPERATIONS_CENTER.md,3997,ccef478c5f143d18d571d3dbdecf5c903eb35622456a0836fbb4b0676d50ab69,.md,ACTIVE_REFERENCE,true
docs/security/THREAT_MODEL_33_U_CHILD_EDUCATION_COORDINATION.md,3153,f35d9d904ad2adec15e010cdcfa382eea620e9a91292b4e0a1e635ffcb4a5f78,.md,ACTIVE_REFERENCE,true
docs/security/THREAT_MODEL_33_V_PLACES_TRAVEL_ASSET_PET.md,2049,bab8975b14aa7ac37bce3c6d66dc0bae3e03c155e269ede33918ea621d309de5,.md,ACTIVE_REFERENCE,true
docs/security/THREAT_MODEL_33_W_CONSENT_BOUND_FAMILY_AI_ASSISTANT.md,4490,70c35e42ca67a51010c428189820b7231f6da9c007047b93c53413c32c6bce90,.md,ACTIVE_REFERENCE,true
docs/security/THREAT_MODEL_33_X_MEMORY_STUDIO_TIME_CAPSULE.md,3327,57f6016ad7a61f10e94f26fd2459e8f5bdb29706f185e567acc307fd06a9b988,.md,ACTIVE_REFERENCE,true
docs/security/THREAT_MODEL_33_Y_LOCAL_FIRST_SMART_HOME_ENERGY.md,3527,ced362c6dc34c4bbeddfbe28d894d17e2330df30abd5447f453cd6e8696f3097,.md,ACTIVE_REFERENCE,true
docs/security/THREAT_MODEL_33_Z_SIGNED_PLUGIN_EXTERNAL_PROVIDER_PLATFORM.md,3479,59e70a93f25c498be973952dacc91779917c19c47b7f636c2ed7ee87b97db804,.md,ACTIVE_REFERENCE,true
docs/security/THREAT_MODEL_34_A_COMMUNICATION_POLICY_MLS_FOUNDATION.md,4408,bc6014b07f9882c1bbcb0c2c189e33329d561663da39d291e5b51def1a022a88,.md,ACTIVE_REFERENCE,true
docs/security/THREAT_MODEL_34_B_COMMUNICATION_MESSAGING_LIFECYCLE_PRIVACY_PRESENCE.md,4514,e9b8ef3b8715d0a43d701f222fcd7a8f0cf828e66805a0372a653a936bbea33a,.md,ACTIVE_REFERENCE,true
docs/security/THREAT_MODEL_34_C_REALTIME_CALLING_MEDIA_ACCESSIBLE_UX.md,4103,a0a266418aaf79ec001078254d608e42cc28c5383ca8d7c46464a5a4c665e2e3,.md,ACTIVE_REFERENCE,true
docs/security/THREAT_MODEL_34_D_EXPLICIT_CONSENT_RECORDING_MEDIA_RETENTION.md,3538,cf03ae8b2cca3cdf14b391e09c2a3a98c594aabd7378cc8e965451d26988cbff,.md,ACTIVE_REFERENCE,true
docs/security/THREAT_MODEL_34_E_LOCAL_FIRST_TRANSLATION_CAPTION_LANGUAGE_PROVIDER.md,3278,242aa2fa9db4928cb693a8d544376012df81ea81394c3efde756bf7e5c201ca2,.md,ACTIVE_REFERENCE,true
docs/security/THREAT_MODEL_34_F_FAMILY_MEETINGS_DECISIONS_CONSENT_MINUTES.md,3763,16bc0538168d14dda22f5f536086da4af4d51b4b04758e865b256a320b6d5d28,.md,ACTIVE_REFERENCE,true
docs/security/THREAT_MODEL_34_G_E2EE_FILE_SHARING_REMAINING_COMMUNICATION_UX.md,2064,b1f232c288ec4cf66eec1d90a55b1aa26e553cd2e259d919fbe4e193489e4391,.md,ACTIVE_REFERENCE,true
docs/security/THREAT_MODEL_34_H_COMMUNICATION_AUDIT_ARCHIVE_INTEGRITY.md,1121,682cbbb47ece2a953ff00827704499dbfb24f50a8f6fb745bce5e324d7a11195,.md,ACTIVE_REFERENCE,true
docs/security/THREAT_MODEL_34_I_DISTRIBUTED_CORE_CONSENSUS_TENANCY.md,2716,2313b8ed0a961854404f288709a2aec8bcf77c316f18778bc03271bd19402473,.md,ACTIVE_REFERENCE,true
docs/security/THREAT_MODEL_34_J_DISTRIBUTED_CLIENTS_OPERATIONS_DR.md,2716,cee982fd04ba98583d408b61edb11f639e497e1b15b75eeaa1651e3305cc0b32,.md,ACTIVE_REFERENCE,true
docs/security/THREAT_MODEL_34_K_WINDOWS_RESILIENCE_UNIVERSAL_UX.md,2395,e6f7fe4bf5ce4b6a03d0bdab6a1ab8ec35a0decc912985528d8f4ec02c84d09e,.md,ACTIVE_REFERENCE,true
docs/security/THREAT_MODEL_34_L_BRONZE_FINAL_LOCAL_CLOSURE.md,926,3b672f94f521d7483bab8e5a41d3adba4d6014b83cfcfd73fcbe7b3653b4aa47,.md,ACTIVE_REFERENCE,true
docs/security/WINDOWS_EVIDENCE_INTAKE_BUILD216.md,2047,38f3fbeedbf6a86687428c9a9423cfcdf203aa1b37415e300ba6a15a9e99a77a,.md,HISTORICAL,true
docs/security/WINDOWS_ROOT_CAUSE_REMEDIATION_BUILD227.md,1225,68210c2028aa2e58f7b779b37c638671603c657084dd2e6e04b7a5adbe55e170,.md,HISTORICAL,true
docs/security/WINDOWS_SECURITY_EVIDENCE_BUILD215.md,1407,f6a53640a82521f2c415badf4771cb2e5906a78cce85eff117508184fe9a4355,.md,HISTORICAL,true
docs/ticari-urun-temeli/00_OKU_BENI.md,8739,2b6cb15e07607d8f57c6826a823470e3c88ea4f602d4281bc83cc8dbbdb9e3f2,.md,ACTIVE_REFERENCE,true
docs/ticari-urun-temeli/00_TEMEL_SURUM_MANIFESTOSU.json,1196,5fec9033b8e41d6bb53bcf4d187ba2aee14cde29e1d9108c002309d7e700bdb9,.json,ACTIVE_REFERENCE,true
docs/ticari-urun-temeli/01_YONETIM/01_ASILAMAZ_KURALLAR.md,8536,1a9fd178388b3e5af6a82be13c6d9c5fd3851adada0eaeb03755ff5bd922fc11,.md,ACTIVE_REFERENCE,true
docs/ticari-urun-temeli/01_YONETIM/02_KARAR_VE_DEGISIKLIK_YONETIMI.md,1633,6b5beb81d306263cf5c12e72485151b97c1923e47c7b3dfaa5493225992f858b,.md,ACTIVE_REFERENCE,true
docs/ticari-urun-temeli/01_YONETIM/03_SORUMLULUK_VE_ONAY_MATRISI.md,1286,e9270d108179126edc8386bd12adb8ed59b1216b7f056aff48d0ade271b5ec6f,.md,ACTIVE_REFERENCE,true
docs/ticari-urun-temeli/01_YONETIM/04_AKTIF_KURAL_SICILI.json,9935,4f7b074d7b6e6396b681df856d71dd5cfcf9e1645aa68c65630f7fc51a32aa0f,.json,ACTIVE_REFERENCE,true
docs/ticari-urun-temeli/01_YONETIM/05_DEGISIKLIK_SICILI.json,48608,e8adf2d576b44db8f457fe4b16cc0b9369416347e5c5c786e418c22d87089bc5,.json,ACTIVE_REFERENCE,true
docs/ticari-urun-temeli/01_YONETIM/06_RISK_SICILI.md,3257,6b356739408662e26aeb5ae77c5077f759aa9aee3bff4463a901a57d7fd5dd73,.md,ACTIVE_REFERENCE,true
docs/ticari-urun-temeli/02_IS_ANALIZI/01_URUN_IS_ANALIZI.md,3750,235e32a90ed6226eea68d54c11d8f143ef0b6af48bf362fa38eeaf1e0cf130f2,.md,ACTIVE_REFERENCE,true
docs/ticari-urun-temeli/02_IS_ANALIZI/02_KULLANICI_AKISLARI.md,2667,d24a42fcc55c2148663afc5ba885bd62392eb2f112751290cba55f9298f2f4cc,.md,ACTIVE_REFERENCE,true
docs/ticari-urun-temeli/02_IS_ANALIZI/03_GEREKSINIM_IZLENEBILIRLIK_MATRISI.md,3664,580c5cf1e801133c3410cd7d2486bc0986dd0ff3cf5f5264826d43f748ca0b0e,.md,ACTIVE_REFERENCE,true
docs/ticari-urun-temeli/03_MIMARI/01_SISTEM_MIMARISI.md,2411,cfd7063f6f5f9f60c13ac9e3e11a894a7d7d12d76d0dc19bd44c6394ec19ede2,.md,ACTIVE_REFERENCE,true
docs/ticari-urun-temeli/03_MIMARI/02_VERI_MIMARISI.md,2649,4e18249c7ef5cc5a5dd90503fcc03c2b3b04d9a95cbae1feccf5adcf34b4203e,.md,ACTIVE_REFERENCE,true
docs/ticari-urun-temeli/03_MIMARI/03_GUVENLIK_MIMARISI.md,2329,bc58af85b3d0452bb63c3e7b7d48ca5e3ba0d6be2003e5bf3eb1605b6c67c036,.md,ACTIVE_REFERENCE,true
docs/ticari-urun-temeli/03_MIMARI/04_PLATFORM_VE_DAGITIM_MIMARISI.md,5071,38fbaca53bc95c4819c095669d6c2a8856471179e8adc526a21cf29a282e0890,.md,ACTIVE_REFERENCE,true
docs/ticari-urun-temeli/03_MIMARI/05_ORTAM_VE_YAYIN_TOPOLOJISI.md,1900,2d82b4e73b9122a44e5b036fe2085555edbcaf2e589bb3315fe4031349e99dd8,.md,ACTIVE_REFERENCE,true
docs/ticari-urun-temeli/04_URUN_TASARIMI/01_UX_ERISILEBILIRLIK_VE_MARKA.md,1933,90c54cca5fed00ebfe62abfb040c7397814829b406f86c23545237631ac10c83,.md,ACTIVE_REFERENCE,true
docs/ticari-urun-temeli/04_URUN_TASARIMI/02_SURUM_RENK_PALETLERI.md,4031,dc456c68434865fd6572cf506e30672fbe8900a4261469b80d0ec9707b9b7fd0,.md,ACTIVE_REFERENCE,true
docs/ticari-urun-temeli/05_KALITE_TEST_KANIT/01_TEST_VE_KABUL_STRATEJISI.md,1893,f5d4fda88627ce603dc3b1796c733d6268eedf10cca01b52877a5dc2545943e4,.md,TEST_OR_GATE,true
docs/ticari-urun-temeli/05_KALITE_TEST_KANIT/02_KANIT_VE_IZLENEBILIRLIK_SISTEMI.md,1126,cf6b96461c2aabf08e9b305a0466356262418bb26a75847de9c6637d6ff3fad1,.md,ACTIVE_REFERENCE,true
docs/ticari-urun-temeli/05_KALITE_TEST_KANIT/03_KANIT_SICILI.json,26232,2b4d2def7f95ae9be49964a311e81f66f0daa7a112a2b5e0d2578a13067028af,.json,ACTIVE_REFERENCE,true
docs/ticari-urun-temeli/05_KALITE_TEST_KANIT/04_TICARI_TEMEL_DOGRULAMA_KANITI.json,17460,e4cc6671948f66efe0d5259c0e3cbad1967b98aa00a3519def0e44d855ad21b6,.json,ACTIVE_REFERENCE,true
docs/ticari-urun-temeli/05_KALITE_TEST_KANIT/05_GIT_YEDEK_DOGRULAMA_KANITI.json,814,f1f794646fcb62972102e8341d42f421621d88f6fc2d7d3a8941063ab097e222,.json,ACTIVE_REFERENCE,true
docs/ticari-urun-temeli/05_KALITE_TEST_KANIT/06_TAM_REGRESYON_KANITI.json,1093,49b6860a3495e8f06f3499babc331c237905c9bd5e0fa23081abdcd83adf45b4,.json,ACTIVE_REFERENCE,true
docs/ticari-urun-temeli/05_KALITE_TEST_KANIT/07_MARKA_KIMLIGI_DOGRULAMA_KANITI.json,1151,43e893603385be238ba3c62a1f7679fe3ddaa7e00f6bd08e08b906633f8757c1,.json,ACTIVE_REFERENCE,true
docs/ticari-urun-temeli/05_KALITE_TEST_KANIT/08_MENU_ISLEV_PARITE_KANITI.json,1023,d4f95c1a4dd750c840c3e040c68b7392908621b895e3e2d5d9ccb4b1ff81fd44,.json,ACTIVE_REFERENCE,true
docs/ticari-urun-temeli/05_KALITE_TEST_KANIT/09_SBOM_VE_LISANS_KANITI.json,1046,444a3fd4ad1d8fba3172bc8779aa0e63ee66fb5b43e2ea5d6baab0290997ba9d,.json,ACTIVE_REFERENCE,true
docs/ticari-urun-temeli/05_KALITE_TEST_KANIT/10_GUVENLIK_TARAMASI_KANITI.json,1230,6bcc8965598a67ea5307d1320ce400406d3de44b6538d1ffd24a596c012b7b12,.json,ACTIVE_REFERENCE,true
docs/ticari-urun-temeli/05_KALITE_TEST_KANIT/11_ERISILEBILIRLIK_OTOMATIK_KANITI.json,1206,ff5bf622f1c7fa1e7aee99f469e4c03ab125f8d65d71e31911f6f75a5c16850a,.json,ACTIVE_REFERENCE,true
docs/ticari-urun-temeli/05_KALITE_TEST_KANIT/12_OCR_ESZAMANLI_IPTAL_KANITI.json,1314,8bca4ea43f3433f797e60ad56ddd38245e72beeeaef0d070b4d7282b554300eb,.json,ACTIVE_REFERENCE,true
docs/ticari-urun-temeli/05_KALITE_TEST_KANIT/13_YEREL_LISANS_DOGRULAMA_KANITI.json,1663,064b20b0c54d46f68cc901bd7e2976bb08c3e335823ee291fb97b73079eef630,.json,ACTIVE_REFERENCE,true
docs/ticari-urun-temeli/05_KALITE_TEST_KANIT/14_SURUM_PALET_KONTRAST_KANITI.json,1843,84934cd7029faa890997af523aef590e8aaf56909a5acf7c72ffffd13e6244f5,.json,ACTIVE_REFERENCE,true
docs/ticari-urun-temeli/05_KALITE_TEST_KANIT/15_TIPOGRAFI_YUZDE_200_KANITI.json,1812,5e6e5d9d3a1a7378d92c011f22119bb40b7d6d732d2f4e4ffd23cc24cb6deea4,.json,ACTIVE_REFERENCE,true
docs/ticari-urun-temeli/05_KALITE_TEST_KANIT/16_SAYDAMLIK_VE_HAREKET_AZALTMA_KANITI.json,1758,51c74b1daa5dee54af2e88453edfa659a5aaaaab405f0e535548c4af39dc946c,.json,ACTIVE_REFERENCE,true
docs/ticari-urun-temeli/05_KALITE_TEST_KANIT/17_INGILIZCE_UZMAN_PANEL_DALGA_BIR_KANITI.json,979,ea1ce4a00fb6d3794b83b32ca1028641f5cfa6b8768b09b52b525d99dcc6367e,.json,ACTIVE_REFERENCE,true
docs/ticari-urun-temeli/05_KALITE_TEST_KANIT/18_INGILIZCE_UZMAN_PANEL_DALGA_IKI_KANITI.json,969,41d8839a0f1cb8b0a36072cf785febb47be4e9be6aeee8075276443d161066cb,.json,ACTIVE_REFERENCE,true
docs/ticari-urun-temeli/05_KALITE_TEST_KANIT/19_INGILIZCE_UZMAN_PANEL_DALGA_UC_KANITI.json,983,bddf94eb707582e647b9e637f53b091a25bf67b53b6be321a67c928fe866153e,.json,ACTIVE_REFERENCE,true
docs/ticari-urun-temeli/05_KALITE_TEST_KANIT/20_INGILIZCE_UZMAN_PANEL_DALGA_DORT_KANITI.json,887,0a5eb1f19ec4aa2e119969321bc6a0859022ebe46a40687c8b165824fc5bad61,.json,ACTIVE_REFERENCE,true
docs/ticari-urun-temeli/05_KALITE_TEST_KANIT/21_INGILIZCE_UZMAN_PANEL_DALGA_BES_KANITI.json,791,5faf1813d70e39fce4e3a68cfb1b8e8f23a63f8dc23c8c841ef96683f5da2537,.json,ACTIVE_REFERENCE,true
docs/ticari-urun-temeli/05_KALITE_TEST_KANIT/22_INGILIZCE_UZMAN_PANEL_DALGA_ALTI_KANITI.json,789,e7a950dd728dc2d46fa61c3ae57f0da18b10ab512defbaa777d48e58f5c98427,.json,ACTIVE_REFERENCE,true
docs/ticari-urun-temeli/05_KALITE_TEST_KANIT/23_INGILIZCE_UZMAN_PANEL_DALGA_YEDI_KANITI.json,823,d040df7cd4ada8dc8904fa0ad9bc2a05ecbe337bacc4b56075ca99ccebce1d79,.json,ACTIVE_REFERENCE,true
docs/ticari-urun-temeli/05_KALITE_TEST_KANIT/24_INGILIZCE_UZMAN_PANEL_DALGA_SEKIZ_KANITI.json,826,6aa6b4b99ead7177c03ea131f5ea65885553960d52bf856dad0983a1ecf15640,.json,ACTIVE_REFERENCE,true
docs/ticari-urun-temeli/05_KALITE_TEST_KANIT/25_INGILIZCE_UZMAN_PANEL_DALGA_DOKUZ_KANITI.json,788,f2a31ee673614a2015ddcb1c10e5d448dd4c8d66ab75c0570010d1e670650d2a,.json,ACTIVE_REFERENCE,true
docs/ticari-urun-temeli/05_KALITE_TEST_KANIT/26_INGILIZCE_UZMAN_PANEL_DALGA_ON_KANITI.json,811,3f131fee595f364f931ad8361221b7639c2705ed0c9e6b6c513927c7b1ac4db5,.json,ACTIVE_REFERENCE,true
docs/ticari-urun-temeli/05_KALITE_TEST_KANIT/27_INGILIZCE_UZMAN_PANEL_DALGA_ON_BIR_KANITI.json,814,04e1cc0c57777bc42d6b5fd38f2ae286bebf758fe457adfa6bc34613c8056f1a,.json,ACTIVE_REFERENCE,true
docs/ticari-urun-temeli/05_KALITE_TEST_KANIT/28_INGILIZCE_UZMAN_PANEL_DALGA_ON_IKI_KANITI.json,817,2385d5a76c6bf96cfb380667da21616f529315b57482ddb3b1913d0b42cfc9ed,.json,ACTIVE_REFERENCE,true
docs/ticari-urun-temeli/05_KALITE_TEST_KANIT/29_INGILIZCE_UZMAN_PANEL_DALGA_ON_UC_KANITI.json,798,24baedecd92edbe45101b22d70063fb24771f00468d815d78b2fffcaa8d0ffe0,.json,ACTIVE_REFERENCE,true
docs/ticari-urun-temeli/05_KALITE_TEST_KANIT/30_INGILIZCE_UZMAN_PANEL_DALGA_ON_DORT_KANITI.json,795,8132681482d5996650a3ad4c9e00b107b1c6826df555f38cf0c1d8b13c47a26a,.json,ACTIVE_REFERENCE,true
docs/ticari-urun-temeli/05_KALITE_TEST_KANIT/31_INGILIZCE_UZMAN_PANEL_DALGA_ON_BES_KANITI.json,793,01386d750d0404e48e34f0b0eac45565e7bfd1523e058ee290a5664c8738a78e,.json,ACTIVE_REFERENCE,true
docs/ticari-urun-temeli/05_KALITE_TEST_KANIT/32_INGILIZCE_UZMAN_PANEL_DALGA_ON_ALTI_KANITI.json,789,159b4b8358bd0d82df22a7f77874acb2f4ae42b6b7c42439b774e521cb705399,.json,ACTIVE_REFERENCE,true
docs/ticari-urun-temeli/05_KALITE_TEST_KANIT/33_INGILIZCE_UZMAN_PANEL_DALGA_ON_YEDI_KANITI.json,849,75e0357045c50ff4d34e88efa6cfb8de08584277006e2b3be1b600b35f7aa5a7,.json,ACTIVE_REFERENCE,true
docs/ticari-urun-temeli/05_KALITE_TEST_KANIT/34_INGILIZCE_UZMAN_PANEL_DALGA_ON_SEKIZ_KANITI.json,922,653eec2f8c99f0e09d07915d3f013f70a9fd44b3d7d9e2cc0c7d9090c9f3ae62,.json,ACTIVE_REFERENCE,true
docs/ticari-urun-temeli/05_KALITE_TEST_KANIT/35_INGILIZCE_ANA_KABUK_DALGA_BIR_KANITI.json,1003,f176bd31f6bd3cb1a6e48fbbc98b6886eb5ad58c30ddc2486b99141ac016bc35,.json,ACTIVE_REFERENCE,true
docs/ticari-urun-temeli/05_KALITE_TEST_KANIT/36_INGILIZCE_ANA_KABUK_DALGA_IKI_KANITI.json,918,a48e1ca54daa45ef5aa746f0f0f80d6249cefed3d300d5d0647ed0d50e4fd5c1,.json,ACTIVE_REFERENCE,true
docs/ticari-urun-temeli/05_KALITE_TEST_KANIT/37_INGILIZCE_ANA_KABUK_DALGA_UC_KANITI.json,887,254c3c6753221e7f1ab8be5b8a1439f12340bd09f2e21ff6531a830d5935819a,.json,ACTIVE_REFERENCE,true
docs/ticari-urun-temeli/05_KALITE_TEST_KANIT/38_INGILIZCE_ANA_KABUK_DALGA_DORT_KANITI.json,881,d1588f54e5442aa18ceb3bb97c549e6c0ba1ddabf0ffa6c0af9052dd904d393e,.json,ACTIVE_REFERENCE,true
docs/ticari-urun-temeli/05_KALITE_TEST_KANIT/39_INGILIZCE_ANA_KABUK_DALGA_BES_KANITI.json,913,fedd2134ee1de23558ea1efb8ce5eba0c73d46367e235f68a23ad6ed3d57a59a,.json,ACTIVE_REFERENCE,true
docs/ticari-urun-temeli/05_KALITE_TEST_KANIT/40_INGILIZCE_ANA_KABUK_DALGA_ALTI_KANITI.json,854,e72ef07cac9d5173206eac0f911689f3dd328c4feef5d4793645fc7a596bfaeb,.json,ACTIVE_REFERENCE,true
docs/ticari-urun-temeli/05_KALITE_TEST_KANIT/41_INGILIZCE_ANA_KABUK_DALGA_YEDI_KANITI.json,862,ffb839d86d54fceee3592d6223348e183ff2712aea010f0c6ae8cfc8d3cda96c,.json,ACTIVE_REFERENCE,true
docs/ticari-urun-temeli/05_KALITE_TEST_KANIT/42_INGILIZCE_ANA_KABUK_DALGA_SEKIZ_KANITI.json,870,5a0d0f279aa11c8d7dadb9887a8536a26ec360611ca0d6ca58ee337d23f7042c,.json,ACTIVE_REFERENCE,true
docs/ticari-urun-temeli/05_KALITE_TEST_KANIT/43_INGILIZCE_ANA_KABUK_DALGA_DOKUZ_KANITI.json,886,146f162d3d116ad697ad13a7773244a1c0bbb7f956e9635c237ab7cdd4b23366,.json,ACTIVE_REFERENCE,true
docs/ticari-urun-temeli/05_KALITE_TEST_KANIT/44_INGILIZCE_ANA_KABUK_DALGA_ON_KANITI.json,900,2baab8595514f461c43039c8581ac65b96d63d8e15cf4cf2bdbd15e5e0585083,.json,ACTIVE_REFERENCE,true
docs/ticari-urun-temeli/05_KALITE_TEST_KANIT/45_INGILIZCE_ANA_KABUK_DALGA_ON_BIR_KANITI.json,998,fe2b29d20aede27c710b21c0544c070cfadac2379938eddeb397e02198907195,.json,ACTIVE_REFERENCE,true
docs/ticari-urun-temeli/05_KALITE_TEST_KANIT/46_INGILIZCE_ANA_KABUK_DALGA_ON_IKI_KANITI.json,1006,ba0d00f64bb079af0c5e17f14cd84fe9eeaa0e56a0a6833eb983de7183f2b61d,.json,ACTIVE_REFERENCE,true
docs/ticari-urun-temeli/05_KALITE_TEST_KANIT/47_INGILIZCE_ANA_KABUK_DALGA_ON_UC_KANITI.json,974,08fd4d848b24693fdb8f46484e319471a7d2a5656a3e9d14d6b0c576456340b2,.json,ACTIVE_REFERENCE,true
docs/ticari-urun-temeli/05_KALITE_TEST_KANIT/48_INGILIZCE_ANA_KABUK_DALGA_ON_DORT_KANITI.json,935,2495623e7bf2bfcd3b8138e90c011c511e951477b18fef99c5da8cd82cd019ab,.json,ACTIVE_REFERENCE,true
docs/ticari-urun-temeli/05_KALITE_TEST_KANIT/49_INGILIZCE_ANA_KABUK_DALGA_ON_BES_KANITI.json,915,cd7b9f4ab9f62e51111e622f1f031dae5f1297b64f6c91419c851996b2198ee7,.json,ACTIVE_REFERENCE,true
docs/ticari-urun-temeli/05_KALITE_TEST_KANIT/50_INGILIZCE_ANA_KABUK_DALGA_ON_ALTI_KANITI.json,1014,41d9e975ddd24be10e0a5ae012530a0613ed46d25a0dbf3d79553b492ca179a4,.json,ACTIVE_REFERENCE,true
docs/ticari-urun-temeli/05_KALITE_TEST_KANIT/51_INGILIZCE_ANA_KABUK_DALGA_ON_YEDI_KANITI.json,994,eceb5949ab1f01ae9bbe7ef253f6e2e458a5ccc924c8617e97c647be7d12771b,.json,ACTIVE_REFERENCE,true
docs/ticari-urun-temeli/05_KALITE_TEST_KANIT/52_INGILIZCE_ANA_KABUK_DALGA_ON_SEKIZ_KANITI.json,893,1eb8d0366d83b0ebac75b6598dcb29e17b46a02cbed141c4f7d862f5c64d6c23,.json,ACTIVE_REFERENCE,true
docs/ticari-urun-temeli/05_KALITE_TEST_KANIT/53_KALICI_KULLANICI_DIL_TERCIHI_KANITI.json,1112,5285d44dcdb733a94d5bcfc689ad30cf04c7b6291cd349be01f4dd0191c59009,.json,ACTIVE_REFERENCE,true
docs/ticari-urun-temeli/05_KALITE_TEST_KANIT/54_20_08_2026_KURULUM_VE_PAKETLI_ACILIS_KANITI.json,1723,e169fbff513ea3f9e70bfebf340562a04b991b6ddbd34c3cf2739afe3875244c,.json,ACTIVE_REFERENCE,true
docs/ticari-urun-temeli/06_DIS_KAYNAK_VE_LISANS/01_TICARI_LISANS_ENVANTERI.md,3440,3bcbdfd7eea28bd097c28396336eb3637c73386bd9b72b465a1049a8353ee18b,.md,ACTIVE_REFERENCE,true
docs/ticari-urun-temeli/06_DIS_KAYNAK_VE_LISANS/02_SAGLAYICI_SECIM_KRITERLERI.md,1307,a02867e85b4b1e9cf5a0700a4df7224014d70d3b870d76e72ad247db97db3fed,.md,ACTIVE_REFERENCE,true
docs/ticari-urun-temeli/07_TICARI_HAZIRLIK/01_TICARILESME_YOL_HARITASI.md,1342,20be91e390efb32541357d577a394d16894f6f7c65124d06e3a99db85c101c67,.md,ACTIVE_REFERENCE,true
docs/ticari-urun-temeli/07_TICARI_HAZIRLIK/02_LISANS_AKTIVASYON_VE_DENEME.md,1379,50c9daa50f63c08c123dca031d52cd71166289184ad2f7c188852cd4608871fe,.md,ACTIVE_REFERENCE,true
docs/ticari-urun-temeli/07_TICARI_HAZIRLIK/03_OPERASYON_DESTEK_VE_OLAY_YONETIMI.md,1697,a20863212d5dcbedd6c34e25fbf95be13c1654a80c7867a8096df32e177f0755,.md,ACTIVE_REFERENCE,true
docs/ticari-urun-temeli/08_IS_LISTESI/01_ANA_IS_LISTESI.md,18254,0a8e927040f12e9525f41cb347263b935ce888673163f3cece6cc3866cd8ac36,.md,ACTIVE_REFERENCE,true
docs/ticari-urun-temeli/08_IS_LISTESI/02_DIS_KAYNAK_GEREKTIREN_ISLER.md,1226,27d8e198fa0227dd8c338c11725ca5926e687957c86c29120cff619a0789f81c,.md,ACTIVE_REFERENCE,true
docs/ticari-urun-temeli/08_IS_LISTESI/03_ANA_IS_SICILI.json,34098,e7f0432073de4971d8759f992d3aeee70641e41c8942513da6998a9e917a8a4c,.json,ACTIVE_REFERENCE,true
docs/ticari-urun-temeli/08_IS_LISTESI/04_IS_YURUTME_SIRASI.md,1709,62e707837e3c5b3fa95aaa6d546b4e0ba90bfacbed84abbede7d2cc7dbf04674,.md,ACTIVE_REFERENCE,true
docs/ticari-urun-temeli/09_TARIHCE/01_PROJE_TARIHCESI.md,2348,edd9c71c00db41f614394a7af628796f7f60672df1060127aba1e5fc0a1a167e,.md,ACTIVE_REFERENCE,true
docs/ticari-urun-temeli/10_SEMALAR/01_KURAL_SEMASI.schema.json,1013,30200c5f82576b41c2603376b599cb930c2584c4070fdea6db9d91bba965be62,.json,ACTIVE_REFERENCE,true
docs/ticari-urun-temeli/10_SEMALAR/02_KARAR_SEMASI.schema.json,1103,1b2812259f32776f483acbdbc3970e1855ddd6be3419252a64aa7ae4c669b506,.json,ACTIVE_REFERENCE,true
docs/ticari-urun-temeli/10_SEMALAR/03_IS_PAKETI_SEMASI.schema.json,1420,a660b5ec1e81e1db308ea08e33f2b70658988fc7691909b9e7da38553626c939,.json,ACTIVE_REFERENCE,true
docs/ticari-urun-temeli/10_SEMALAR/04_KANIT_SEMASI.schema.json,911,da3855f4281e4a92e68f01f5ad13c9627d4c51255f4c73eeb146b6cace810c8a,.json,ACTIVE_REFERENCE,true
docs/ui/UI_VISUAL_REFERENCE_MANIFESTO.md,2454,e54806d2747d72d7021927f9d0bd6887f838e1812115f8e941d4d1e54db0fef2,.md,ACTIVE_REFERENCE,true
handoff/NEW_CHAT_HANDOFF_BUILD224.md,2436,54062304fbc74ffd4914c609131dafafc03ebbaaaa1c6b8d931a3a8ad425a3fc,.md,HISTORICAL,true
manifest.json,,SELF_GENERATED_AFTER_INVENTORY,.json,GENERATED,true
package-lock.json,87853,87e04937c16f0d1e6b400548aacd35d0517702dea20a7bdc96e90341deae677e,.json,ACTIVE_REFERENCE,true
package.json,126243,5f9590015a10633bd2dc23a99d74635dea83f37a3f5fa497d1fa7ae5cff86063,.json,ACTIVE_REFERENCE,true
packages/application/package.json,633,6970acd9acee7a2a5327b602e9b48a93b8451fe536b3de120134da6ebecf409d,.json,ACTIVE_REFERENCE,true
packages/application/tsconfig.json,250,96a26c6736a321c749f63b7cd90b66e45ebba1e9c2f457b56b4c2f602b392640,.json,ACTIVE_REFERENCE,true
packages/config/package.json,363,4788879181d6b8e35e9870df481fee3d5045f877e7e102d90d4aef009b3cacc4,.json,ACTIVE_REFERENCE,true
packages/config/tsconfig.json,207,c21b42253ae8d9de9c3459e731c35ff5dea9742cb5c6f777d78d05c5d7af660a,.json,ACTIVE_REFERENCE,true
packages/contracts/package.json,366,791feaf61377aaf5cdb4c5f2afce50440bfc31bdadeee4058df915e409f45475,.json,ACTIVE_REFERENCE,true
packages/contracts/tsconfig.json,207,c21b42253ae8d9de9c3459e731c35ff5dea9742cb5c6f777d78d05c5d7af660a,.json,ACTIVE_REFERENCE,true
packages/core-service-client/package.json,347,8309f65805ebb0cd40cb239b4efeb25c4dbb40d139f016f8cdabad3c1e1337f6,.json,ACTIVE_REFERENCE,true
packages/core-service-client/tsconfig.json,230,de0428bc1bfd4dcc00c2a2f23553012bb3db1f305bdeda9b1716a981ebba2339,.json,ACTIVE_REFERENCE,true
packages/core-service-contracts/package.json,343,d6409e986539a833e0a92f28f6fcd42ea1f2ad6bc35d0a84bf1d078620aa6dd2,.json,ACTIVE_REFERENCE,true
packages/core-service-contracts/tsconfig.json,230,de0428bc1bfd4dcc00c2a2f23553012bb3db1f305bdeda9b1716a981ebba2339,.json,ACTIVE_REFERENCE,true
packages/core/package.json,304,3e2bab14c6a1dd14d8f7287b08c48c85f31d4ed4e23f8fb9947f70c51b05f1e5,.json,ACTIVE_REFERENCE,true
packages/core/tsconfig.json,242,041b78a57f570b4fb73d0f94890bce58196f5bbb6cc4261267f00170d113f5a2,.json,ACTIVE_REFERENCE,true
packages/database/package.json,403,9a0614803174521c4de9a95aceee5c36a2eef3af292630d17e9e206ea310c9ac,.json,ACTIVE_REFERENCE,true
packages/database/tsconfig.json,250,96a26c6736a321c749f63b7cd90b66e45ebba1e9c2f457b56b4c2f602b392640,.json,ACTIVE_REFERENCE,true
packages/domain/package.json,403,1a1dbb3d079f8348b442bc35c68d3ec02fad3ec59af1901438704ca5e0347892,.json,ACTIVE_REFERENCE,true
packages/domain/tsconfig.json,207,c21b42253ae8d9de9c3459e731c35ff5dea9742cb5c6f777d78d05c5d7af660a,.json,ACTIVE_REFERENCE,true
packages/events/package.json,363,384d8743ab069fe9ed51eaea381e30dbad65f12d3309b7b8beded619cf4fb2bd,.json,ACTIVE_REFERENCE,true
packages/events/tsconfig.json,207,c21b42253ae8d9de9c3459e731c35ff5dea9742cb5c6f777d78d05c5d7af660a,.json,ACTIVE_REFERENCE,true
packages/infrastructure/package.json,521,258a5ecb8ea4eb98f5e4979ed4dbd4ef150c4b4948156913f823e584f9515c81,.json,ACTIVE_REFERENCE,true
packages/infrastructure/tsconfig.json,250,96a26c6736a321c749f63b7cd90b66e45ebba1e9c2f457b56b4c2f602b392640,.json,ACTIVE_REFERENCE,true
packages/logging/package.json,408,990d294607f6b9ce771adc972b98b6b4f253866d69de0638a77d4855b9bc4486,.json,ACTIVE_REFERENCE,true
packages/logging/tsconfig.json,250,96a26c6736a321c749f63b7cd90b66e45ebba1e9c2f457b56b4c2f602b392640,.json,ACTIVE_REFERENCE,true
packages/platform-policy/package.json,337,ac3defc06f2ee9f1fad3e8cb70cfa44887b4b26515c72efbf5c22439d43d436f,.json,ACTIVE_REFERENCE,true
packages/platform-policy/tsconfig.json,230,de0428bc1bfd4dcc00c2a2f23553012bb3db1f305bdeda9b1716a981ebba2339,.json,ACTIVE_REFERENCE,true
packages/repositories/package.json,644,31af9a285e4b47bd9d18479a5f45109bdc8af0dcaf3af03f0d4001a0831e746b,.json,ACTIVE_REFERENCE,true
packages/repositories/tsconfig.json,207,c21b42253ae8d9de9c3459e731c35ff5dea9742cb5c6f777d78d05c5d7af660a,.json,ACTIVE_REFERENCE,true
packages/repository-contracts/package.json,558,7784a26d6d7ff5a36223316901d485ea3a285d4dc47988fbab86fd8e4816ca77,.json,ACTIVE_REFERENCE,true
packages/repository-contracts/tsconfig.json,207,c21b42253ae8d9de9c3459e731c35ff5dea9742cb5c6f777d78d05c5d7af660a,.json,ACTIVE_REFERENCE,true
packages/security/package.json,400,7c95d7218e7286b72f5b8504704464e0c5645ac2be993b72e58d456306cb51d1,.json,ACTIVE_REFERENCE,true
packages/security/tsconfig.json,250,96a26c6736a321c749f63b7cd90b66e45ebba1e9c2f457b56b4c2f602b392640,.json,ACTIVE_REFERENCE,true
packages/test-data/package.json,368,27d759cef4c6546f8a93777244c5449e393f0d941ea8bf8ccf6ecd48c3542eab,.json,ACTIVE_REFERENCE,true
packages/test-data/tsconfig.json,250,96a26c6736a321c749f63b7cd90b66e45ebba1e9c2f457b56b4c2f602b392640,.json,ACTIVE_REFERENCE,true
PAKET_OZETI_TR.md,912,5ca4ef3ad3e6566bd8eb26f66258e21e871c09756d2a49b41b4211d5630b0465,.md,ACTIVE_REFERENCE,true
pnpm-lock.yaml,35238,294fef277991f40215e79ee300ff96439a3ad36cfffb2542edc83a7807356581,.yaml,ACTIVE_REFERENCE,true
PROJECT_ARTIFACT_INDEX.json,682903,826b6abfba116fd2dd6f83e89d1e2a6169f91273e6da838a7921b1766771306b,.json,ACTIVE_REFERENCE,true
PROJECT_ARTIFACT_INDEX.md,625813,474fe8f67269e1cbfcdf6e396b197271ae473de95e8c389e1328568f16bf0af9,.md,ACTIVE_REFERENCE,true
README.md,867,701642a87fee54b17e9226bc634e86fbf2f7331c93b2ae1f51828dc03d018610,.md,ACTIVE_REFERENCE,true
RELEASE_NOTES_BRONZE_MVP1.md,1369,bf4b71b08dbf5a638b15fd3a4cbac02bef7974d4b51b8860b37fdd0c52f8fc08,.md,HISTORICAL,true
RELEASE_NOTES_BRONZE_MVP10.md,670,c83f9d57b5e8bcee0099d614ac147e72a952efdad3262623f339d12f2882b237,.md,HISTORICAL,true
RELEASE_NOTES_BRONZE_MVP11.md,657,98829334454b50f90305c742d11045b6416d91bc95843ed12be47ab2b6ee5e13,.md,HISTORICAL,true
RELEASE_NOTES_BRONZE_MVP12.md,741,521465777e750d9f774ef104689a64370907ae237f9e417cca121a63b37e7622,.md,HISTORICAL,true
RELEASE_NOTES_BRONZE_MVP13.md,707,de200c530c753233703bc335ac8bab4cfc4321df557f056491b70562ace96731,.md,HISTORICAL,true
RELEASE_NOTES_BRONZE_MVP14.md,1135,ce43888b57223889c8487dea13cfae0a313723583be9ae0147b41bf4794343f8,.md,HISTORICAL,true
RELEASE_NOTES_BRONZE_MVP15.md,778,62bec767f7c28acaace4c05085a6b08d847f4191735274786dd5b5917e632943,.md,HISTORICAL,true
RELEASE_NOTES_BRONZE_MVP16.md,614,e29e5fb02a05e595b26351ca9fd3ccd552a45b2f79551e8ed5c727c92ebf7a8b,.md,HISTORICAL,true
RELEASE_NOTES_BRONZE_MVP17.md,775,ee389f1799b248e39c58517e14dab5d2026ea4795ccbe5eecbb80cdfd235d52e,.md,HISTORICAL,true
RELEASE_NOTES_BRONZE_MVP18.md,977,56baf4524b36da9e3a9bd4318c53b23ea91d5fc886bf960ccef52fb1e61bcde3,.md,HISTORICAL,true
RELEASE_NOTES_BRONZE_MVP19.md,811,0d29c98efc7a70d7a8191d2892835b1a7e0817bd4a5b6caa250532d3473239dc,.md,HISTORICAL,true
RELEASE_NOTES_BRONZE_MVP2.md,853,55d505f74993c56bbd51449974817a19e74e9e108e52787983a7c8ec324e8c0e,.md,HISTORICAL,true
RELEASE_NOTES_BRONZE_MVP20.md,770,485a166cacbc460f0afbdcb5af48f7c49adac427ec32c64def6014b66b043b85,.md,HISTORICAL,true
RELEASE_NOTES_BRONZE_MVP21.md,1130,7ea200b4ee6dbf865a8fe6bf4cbf861aa2290ae82e4ca616db488412b990b798,.md,HISTORICAL,true
RELEASE_NOTES_BRONZE_MVP22.md,1316,ebfe776f00f5e4f49fb62d6d6656058b9add7dafcfbbf8ae5e31e3890e30ff8a,.md,HISTORICAL,true
RELEASE_NOTES_BRONZE_MVP23.md,950,2b40b88b8518781c7db742086209d739917cdeb7e91128714516aff5cffee680,.md,HISTORICAL,true
RELEASE_NOTES_BRONZE_MVP24.md,983,3b229ef7a1106353d4044623896b962e3158a017db2b2c7e31df70da4b583d0c,.md,HISTORICAL,true
RELEASE_NOTES_BRONZE_MVP25.md,1341,5d7d00a4919a1ecce6483b8fa0048aab4e20f1d29b419c90e73ccad3d621be47,.md,HISTORICAL,true
RELEASE_NOTES_BRONZE_MVP26.md,1018,76d5e0eb9cef11682a342bd1f301b1149515136bd02b2fdf7a8cd45ef7cf7030,.md,HISTORICAL,true
RELEASE_NOTES_BRONZE_MVP27.md,974,353b7a11ec7a451ac9cb9e9b00669c3a2c85854fb90716c59b38a14baac9357d,.md,HISTORICAL,true
RELEASE_NOTES_BRONZE_MVP28.md,919,2adbf34a7fd236f734e15247b98d8e5a76ce9d2f6034400758a136278d03a35d,.md,HISTORICAL,true
RELEASE_NOTES_BRONZE_MVP29.md,909,a03740bdf88d1bb95940f7d2454e1237f2f108b54ad4984ffab732b4a312adfd,.md,HISTORICAL,true
RELEASE_NOTES_BRONZE_MVP3.md,1077,f22974e0cb1142c2d02f6d1ea2755d8e95b800988cae4559b03525820e42be5f,.md,HISTORICAL,true
RELEASE_NOTES_BRONZE_MVP30.md,731,64a197d57fb1aeb6a2a818ba4ce937f4825580ba5875f9bbf28f2157ba25c427,.md,HISTORICAL,true
RELEASE_NOTES_BRONZE_MVP31.md,795,649dfac39c6fcae86e2831cc12d4c9db1810c93be547c85cd21fa2d4a4811b1d,.md,HISTORICAL,true
RELEASE_NOTES_BRONZE_MVP32.md,1349,e90ba54a3c977ab8939856838ebd3dc46441b26addffb59172fec2da3c8cb917,.md,HISTORICAL,true
RELEASE_NOTES_BRONZE_MVP33.md,967,4176aaf60ddfed791d3efa5b8844a1fa2cc1a48d88a9dcb634e24976b8f681bc,.md,HISTORICAL,true
RELEASE_NOTES_BRONZE_MVP34.md,542,db07537f26535f5cfbe7eb4d93eba58d84982359dcb81144c29d24a4ad4f2c98,.md,HISTORICAL,true
RELEASE_NOTES_BRONZE_MVP35.md,1701,70009fe0ad5f4415ad791a6b6ea694bedcebd91c1cd3838985fb2fdb1a9ae892,.md,HISTORICAL,true
RELEASE_NOTES_BRONZE_MVP36.md,1070,dbb6c52f93f96c088e2b34f30384e93bc94d6424f93e419ec54291386a706dfa,.md,HISTORICAL,true
RELEASE_NOTES_BRONZE_MVP37.md,644,cf4e2dff9fbcd382eff053c97a711a697f0210c78581285f1c8e00b7a5e58a7e,.md,HISTORICAL,true
RELEASE_NOTES_BRONZE_MVP38.md,862,1dc90912b51ee97845c956c436fcfbd756cd8f6ab0ddbc7b5bf687ed20f3d0ef,.md,HISTORICAL,true
RELEASE_NOTES_BRONZE_MVP39.md,1292,be1201602a01a098ce9fe8cd4a2054bbc3a0599c4ff9197a474a58b45461861e,.md,HISTORICAL,true
RELEASE_NOTES_BRONZE_MVP4.md,825,43cdf924ede41df7789087e20caa2d51bc27da249e9a687c8909b00714a74e12,.md,HISTORICAL,true
RELEASE_NOTES_BRONZE_MVP40.md,0,e3b0c44298fc1c149afbf4c8996fb92427ae41e4649b934ca495991b7852b855,.md,HISTORICAL,true
RELEASE_NOTES_BRONZE_MVP41.md,1631,d74e6a26e251ce3f4bc243285b581055e4869a64ade5ddd154351c520e7e9dd9,.md,HISTORICAL,true
RELEASE_NOTES_BRONZE_MVP42.md,1133,412d4b67ebbcaed0f324480d9527d806d8dd52ff8fdcb291ae5de4b81040913a,.md,HISTORICAL,true
RELEASE_NOTES_BRONZE_MVP43.md,1978,6c7f2bee92aca9483e5bc521f67a908c954af13fae890a82005ec00f9b21457b,.md,HISTORICAL,true
RELEASE_NOTES_BRONZE_MVP44.md,1767,c3dcdfc2b0aa4205a658f426be56f9e6460083425a10d6a99d11fa9bc02fb4b3,.md,HISTORICAL,true
RELEASE_NOTES_BRONZE_MVP45.md,1349,2746a0a8197c546649099def4ea129d843249df0c484d411bf0445ab2bc9963a,.md,HISTORICAL,true
RELEASE_NOTES_BRONZE_MVP46.md,1769,2c1f0659b7f85fe8ae373c75cd1d4eed96593872dcba974eed85bc79afe79be2,.md,HISTORICAL,true
RELEASE_NOTES_BRONZE_MVP47.md,1760,a7c467e495733ce608cb9690a11611d01b0e1958d5fdd10a3195b6cee7bd9d32,.md,HISTORICAL,true
RELEASE_NOTES_BRONZE_MVP48.md,2043,43f65c4d753265264fc002cdee8074c932208b4c59f0d09f78fb4a5342f1558c,.md,HISTORICAL,true
RELEASE_NOTES_BRONZE_MVP49.md,1906,89cc8a09065c8503521ea98aa67c64d4ef055572b0683942d852d3cf3ca262b4,.md,HISTORICAL,true
RELEASE_NOTES_BRONZE_MVP5.md,939,288abad6f4967939a963f13ecb20532d92d15db7ca6b7b3d1deafc064579fffe,.md,HISTORICAL,true
RELEASE_NOTES_BRONZE_MVP50.md,1427,2bd52ae75655980c8fafec092fae3cd9c32248325bb3d32fbeaf3f148096fa34,.md,HISTORICAL,true
RELEASE_NOTES_BRONZE_MVP51.md,1779,fbde528e2c437045724a32b2b0c4adfb2d274b1067ba37b67a3f41286cd835b3,.md,HISTORICAL,true
RELEASE_NOTES_BRONZE_MVP52.md,1888,f66076411e64c552ef4d7121a33caf64b634d7a9561d3685dea6968d75fc3759,.md,HISTORICAL,true
RELEASE_NOTES_BRONZE_MVP53.md,2211,f6d5ce50c4f048357c59195b78491868448287a73e95ef5b4fee268424df424c,.md,HISTORICAL,true
RELEASE_NOTES_BRONZE_MVP54.md,2183,656ca5ec7a2cc915d10c6e704c6b713ee837ca3293a9ec4af035c3c574cfc8cb,.md,HISTORICAL,true
RELEASE_NOTES_BRONZE_MVP55.md,687,3d4d75a5e71245d4ab635b9ad3ee2c6fdb977873cb6180c438268b74d9ddd9cc,.md,HISTORICAL,true
RELEASE_NOTES_BRONZE_MVP56.md,1067,7b544b4c05add3744bd707e82d0e41d5533eb1a493ec6ceb2e4b9dbe2a68065a,.md,HISTORICAL,true
RELEASE_NOTES_BRONZE_MVP57.md,509,19d0789a0772b46d8a9e7429e097db00cdbb8143004c70c8006d618e67925303,.md,HISTORICAL,true
RELEASE_NOTES_BRONZE_MVP58.md,1251,5e149447b18d533d703bcc342416b6eee8a623424314dea38c44a4b5462e5f35,.md,HISTORICAL,true
RELEASE_NOTES_BRONZE_MVP59.md,1177,788976f4217837fcb76a675bc558dd27685d3a7e5711aba5ac5c194270821e00,.md,HISTORICAL,true
RELEASE_NOTES_BRONZE_MVP6.md,824,153caf19eb7cf1327d9c27d8c91a74297a3a23ead6aaaf97591a88b276eb59cc,.md,HISTORICAL,true
RELEASE_NOTES_BRONZE_MVP60.md,855,795a98ca81c8fbbd6b627bb8aa1e6fa3659ed45f76f5614ff00ac9bce9fbf9e2,.md,HISTORICAL,true
RELEASE_NOTES_BRONZE_MVP61.md,1107,905052e2e5410c620a3372de8d8b0aacadc26eb75cd568f2d778d92bb7d4b761,.md,HISTORICAL,true
RELEASE_NOTES_BRONZE_MVP62.md,636,158bbc20e19445421dc556fb251b28262eb9283e3ed7b53209ae5f61f47d7b4e,.md,HISTORICAL,true
RELEASE_NOTES_BRONZE_MVP63.md,1095,be8779cb25ef05e8677a9057227a818c730632216c5feb1b24f6eca2fb8d4170,.md,HISTORICAL,true
RELEASE_NOTES_BRONZE_MVP64.md,1135,cbbc7dcaa459e464386f21bbbc47a102ed861b7f375102cd0304b1cd818a6999,.md,HISTORICAL,true
RELEASE_NOTES_BRONZE_MVP65.md,902,ea6bd45da37688ae6090584bbbd686b60f2d8dda46184bd6e1a97e74b9a6ce87,.md,HISTORICAL,true
RELEASE_NOTES_BRONZE_MVP66.md,754,5ceb846612342929a6299f520011c062b2b0d1d21f3fe84aa198ee336f4797b5,.md,HISTORICAL,true
RELEASE_NOTES_BRONZE_MVP67.md,1175,3d0e69eb8ec777050d5bedc969b1f14432b8b260879b10ba526dd03a3b227665,.md,HISTORICAL,true
RELEASE_NOTES_BRONZE_MVP68.md,525,5dfb2ed2bf8e09d150875b92c52f8df0030f2d0f27dc923ca2216d132c93e4d4,.md,HISTORICAL,true
RELEASE_NOTES_BRONZE_MVP69.md,1023,522d31db91d0d11780d6582cee3ba66ff8fa4bc270a7f467879b46ffb7505ce6,.md,HISTORICAL,true
RELEASE_NOTES_BRONZE_MVP7.md,1115,aaf93e0ef857345db628f8e27f4bdc7ee7c27b802d57fce2425109a23fe78dea,.md,HISTORICAL,true
RELEASE_NOTES_BRONZE_MVP70.md,1320,2e6521f0441074dbc3c6877e74e7202a2c1e64aa23b911e402885a84dd640bbe,.md,HISTORICAL,true
RELEASE_NOTES_BRONZE_MVP8.md,964,3957ad35a35d8b878d294b14890e5992734cf209f5f7c0e9c927f0b8cd523def,.md,HISTORICAL,true
RELEASE_NOTES_BRONZE_MVP9.md,924,f13ec27a1ad2ec76860cc92df0c6d98269fa7eda2c3e5e35548e14fa00546df5,.md,HISTORICAL,true
RELEASE_NOTES_BRONZE_RC2_BUILD100.md,632,8248995af9008431e93d03207fc544d002b7617ecb9cb03387856abb66c73c37,.md,HISTORICAL,true
RELEASE_NOTES_BRONZE_RC2_BUILD101.md,526,0a18f140e4b402eeaf3980ea077117b2d5196918103e192d735b653d9a5fa5cd,.md,HISTORICAL,true
RELEASE_NOTES_BRONZE_RC2_BUILD102.md,607,4e57018fe130ab330a38770913b3715c05a79ab3277e2378ffc3c6458c489c1d,.md,HISTORICAL,true
RELEASE_NOTES_BRONZE_RC2_BUILD103.md,808,e555c22d86a52051520b4d97a8a8914700cb3d829d05eb9582ac72a428ec5ab5,.md,HISTORICAL,true
RELEASE_NOTES_BRONZE_RC2_BUILD104.md,955,0009cc05a1bccdeb9693e5f35b4ce3dfd78f3e2017b539a1469ce0acf8324ea5,.md,HISTORICAL,true
RELEASE_NOTES_BRONZE_RC2_BUILD105.md,1120,4728d895ba90e40d511403210b4bb71d927e61df1fa09dbd96f17e6e58572734,.md,HISTORICAL,true
RELEASE_NOTES_BRONZE_RC2_BUILD106.md,1005,16c2c244d4a8b0a16dc0492479380191904f23575482c8e4742e64de5b5dfed5,.md,HISTORICAL,true
RELEASE_NOTES_BRONZE_RC2_BUILD107.md,1646,cf5ccb017c5c02db2b5a9f041b20629ac072996383b81a16bd1e12d30df261b1,.md,HISTORICAL,true
RELEASE_NOTES_BRONZE_RC2_BUILD108.md,1068,835f058a259d709b6103274fdd5e817398ac15d27eda7fa358d177c26a7908e9,.md,HISTORICAL,true
RELEASE_NOTES_BRONZE_RC2_BUILD109.md,1144,80ecefdbadf75c4448c624fdbc54410c036db3d4ccdcf65517947c4e327c3724,.md,HISTORICAL,true
RELEASE_NOTES_BRONZE_RC2_BUILD110.md,904,cb23c2deeb18c66bb66848bb34e16c088ca9590180bd3909fec3af6fe4f3dffe,.md,HISTORICAL,true
RELEASE_NOTES_BRONZE_RC2_BUILD111.md,1051,dfd730bafb0c542f3616d302b573a034f98b2d4b7de69c51cb889f1192f00b44,.md,HISTORICAL,true
RELEASE_NOTES_BRONZE_RC2_BUILD112.md,1588,1a824d96b37b077bcc5523ded31d6ffde318abe305aaf4ae3cc26e1a4c582443,.md,HISTORICAL,true
RELEASE_NOTES_BRONZE_RC2_BUILD113.md,1158,0adb87d3273814617f8edd181b76fad184d6ff52798dee12ceceed3c74981dab,.md,HISTORICAL,true
RELEASE_NOTES_BRONZE_RC2_BUILD114.md,906,a6dd174d424dd007568888b665e79d4a18776a3d79e8902e7ac0287ba52fad5d,.md,HISTORICAL,true
RELEASE_NOTES_BRONZE_RC2_BUILD115.md,927,bd4faf4538decd539845f892645206779b62da529f676f7260122eab68db0e1f,.md,HISTORICAL,true
RELEASE_NOTES_BRONZE_RC2_BUILD116.md,870,aeb6784f4a4199f434e2cbeccebb86d7d1e9ec64d3cafeb870abd1bcb748cf6a,.md,HISTORICAL,true
RELEASE_NOTES_BRONZE_RC2_BUILD117.md,940,63fa4bc0ab45f6fa8c6469d474829a2e2084cb5d14064544ecfff1be0312f5a9,.md,HISTORICAL,true
RELEASE_NOTES_BRONZE_RC2_BUILD118.md,1129,4c32dca289eb3de7441dc0cb712ebd22af2da1c6d65efd1696cad2625081565c,.md,HISTORICAL,true
RELEASE_NOTES_BRONZE_RC2_BUILD119.md,1261,10f54398d256514aa4e6c0c969e92b6ca180bd88dafa64e6616c258677e79679,.md,HISTORICAL,true
RELEASE_NOTES_BRONZE_RC2_BUILD120.md,815,28c7235a600e6aa67df46b87048d15febfe444036de10245a4c8190fb6e26936,.md,HISTORICAL,true
RELEASE_NOTES_BRONZE_RC2_BUILD121.md,1265,64211e29f856f64518929ed0d267d4d48ccde3c3cad17d1d8e70117c17aadbec,.md,HISTORICAL,true
RELEASE_NOTES_BRONZE_RC2_BUILD122.md,3517,ccd0ab20f207a1d0f392e0449f5b6b75abca02bfc876ed49600d6346cf9dd9a1,.md,HISTORICAL,true
RELEASE_NOTES_BRONZE_RC2_BUILD123.md,1261,6eb0731aa64c6cbbe08798381125f2834e433ac4b1e7a159b081ccc20e62d1f3,.md,HISTORICAL,true
RELEASE_NOTES_BRONZE_RC2_BUILD124.md,1694,6be623ea0ed5bc121fc045315a91c30b307dba5114ba94557773b18188d87dca,.md,HISTORICAL,true
RELEASE_NOTES_BRONZE_RC2_BUILD125.md,1213,ec124cdcf19b2b8119b30955fa9704c15a305df42e8efa65100e0ea6da32e672,.md,HISTORICAL,true
RELEASE_NOTES_BRONZE_RC2_BUILD126.md,985,2d9eda7670f66ad10b05f13450a5acfc885a55c611d7283fcbaec99e738896e4,.md,HISTORICAL,true
RELEASE_NOTES_BRONZE_RC2_BUILD127.md,1167,9fb3d2a28a76d31ba7aa417174e239d230e4aa7f1f400ddd48d23bd5edc4302c,.md,HISTORICAL,true
RELEASE_NOTES_BRONZE_RC2_BUILD128.md,1303,e1c75be892def12bdd1132100a236a714f6d60248ff77c4520006d4de5eacdc0,.md,HISTORICAL,true
RELEASE_NOTES_BRONZE_RC2_BUILD129.md,1241,20e3ed3edffe7803ee89bd200444254bfa5a2886c97ebd629275202179358797,.md,HISTORICAL,true
RELEASE_NOTES_BRONZE_RC2_BUILD130.md,810,6e9b0be991060d93af2e9c260df62c90c053d9a89bcdbc0a80ddf60c3ca0cf55,.md,HISTORICAL,true
RELEASE_NOTES_BRONZE_RC2_BUILD131.md,1098,c622247dc35fbfe5be2c91d5d2d73a9f553b6c659d080919b1064da20d1a596c,.md,HISTORICAL,true
RELEASE_NOTES_BRONZE_RC2_BUILD132.md,1362,a405dc756786147afbe67800e236ad1c862072693fe89f351ba67a4897fcd8d9,.md,HISTORICAL,true
RELEASE_NOTES_BRONZE_RC2_BUILD133.md,884,d675fc3006ecbf7a17a9d09b84a586d64424bb0aec2c286998a6ee1858eacdbb,.md,HISTORICAL,true
RELEASE_NOTES_BRONZE_RC2_BUILD134.md,1225,453dfcd3643210775a100dfba0b028d60a698ba21cd2b43ab0ea1b513f5de028,.md,HISTORICAL,true
RELEASE_NOTES_BRONZE_RC2_BUILD135.md,1598,d586620ebe6a1337eac5e30ab0ea12242cf088d63daa880dbfa23a25d3981139,.md,HISTORICAL,true
RELEASE_NOTES_BRONZE_RC2_BUILD136.md,1626,92247e0c2bba13d8933d11467b92a0ad17946c4337d9f08279602572b1e18b80,.md,HISTORICAL,true
RELEASE_NOTES_BRONZE_RC2_BUILD137.md,1961,0a894029acf8283e660ad0493fe4460cab82dbf4b2fc560bc7a4841b91cca0e1,.md,HISTORICAL,true
RELEASE_NOTES_BRONZE_RC2_BUILD138.md,1381,a406b7f6ffe03d355cc942f51797e0563f10e8503f57483058b47ada097e92b3,.md,HISTORICAL,true
RELEASE_NOTES_BRONZE_RC2_BUILD139.md,1266,e1333d537e1fcdca5b6bbde7a70b4b890dabdd7cdf77a5fc7c381fcea1110963,.md,HISTORICAL,true
RELEASE_NOTES_BRONZE_RC2_BUILD140.md,1332,4be0abd76e40c87b979c86afca21afc65e2832d5c20f14de987b88dc3c67546b,.md,HISTORICAL,true
RELEASE_NOTES_BRONZE_RC2_BUILD141.md,1242,b6115c1677774ad0d3c5004237c7778da9698aa06f7aa068948c6958a7a4245d,.md,HISTORICAL,true
RELEASE_NOTES_BRONZE_RC2_BUILD142.md,1387,dd8404bb0c033a92e5f5c06d940b6addca4f613e74fe8ab07b8598918c3aa768,.md,HISTORICAL,true
RELEASE_NOTES_BRONZE_RC2_BUILD143.md,480,f5075642501019d415f4ecfc52349b1b4bdc8801fddc8be70906a8ac2146f522,.md,HISTORICAL,true
RELEASE_NOTES_BRONZE_RC2_BUILD144.md,1067,313fcea32f55685e781cccb30ffc75266cbf9d5e11c32cd56721f4dc2bc74ebe,.md,HISTORICAL,true
RELEASE_NOTES_BRONZE_RC2_BUILD146.md,1483,7f83621498d27d157db4a0ab57304a8687490684e9710f920ce63d151a335280,.md,HISTORICAL,true
RELEASE_NOTES_BRONZE_RC2_BUILD147.md,1203,8f62b673f38ced57761217c0086f5b4d88000850c5b74704cdb81e128b2f2a1a,.md,HISTORICAL,true
RELEASE_NOTES_BRONZE_RC2_BUILD148.md,1519,dbda698025bc3b4e3db67be69fb792265a94c19123a370a8b85b762ee9821fd8,.md,HISTORICAL,true
RELEASE_NOTES_BRONZE_RC2_BUILD149.md,1031,faf2442f0ada6647613721efbc45f4fd513e8e2b3cf5c9a1527f2574cc6f3ab8,.md,HISTORICAL,true
RELEASE_NOTES_BRONZE_RC2_BUILD150.md,1226,d612b6c68dc2ff2b42be62f61c7bac353d0212b6e7641cc59d8727cf31d894d3,.md,HISTORICAL,true
RELEASE_NOTES_BRONZE_RC2_BUILD151.md,938,c0da62b1786cfd9156b7a684bbe4bd96c072e761241769d88a2963d21fcd804c,.md,HISTORICAL,true
RELEASE_NOTES_BRONZE_RC2_BUILD152.md,1067,051b19c155de2a42b474a24fe5612c57579f003c0e6dbe783c0e9ecc5b77053a,.md,HISTORICAL,true
RELEASE_NOTES_BRONZE_RC2_BUILD153.md,917,04b731afacc4ff46167bdbc303ca3a61f2e0d849e7189d4ea0dd377c4044c1bc,.md,HISTORICAL,true
RELEASE_NOTES_BRONZE_RC2_BUILD154.md,0,e3b0c44298fc1c149afbf4c8996fb92427ae41e4649b934ca495991b7852b855,.md,HISTORICAL,true
RELEASE_NOTES_BRONZE_RC2_BUILD155.md,1125,c87c45883d22b714d00e4aa702e79bc501a7dd67974678218fd718bd6fe9617a,.md,HISTORICAL,true
RELEASE_NOTES_BRONZE_RC2_BUILD156.md,1377,e0ecb2da2c707acfdf5a2b9cb3f31b9dc59ef68216286794188cb703d58f264e,.md,HISTORICAL,true
RELEASE_NOTES_BRONZE_RC2_BUILD157.md,1280,6d2efbd952d75aa854657c6751bfe314fdf9610127108dc7ea3bc6c16f2d9e0d,.md,HISTORICAL,true
RELEASE_NOTES_BRONZE_RC2_BUILD158.md,1185,14eb252785a748785523053456ae9fad84c3c87def4b88d5b2e7f81596337840,.md,HISTORICAL,true
RELEASE_NOTES_BRONZE_RC2_BUILD159.md,977,dd0a74786f9062a596dc802eaa6fb8f4c1fe38c9e7535f79a767286ba385a47d,.md,HISTORICAL,true
RELEASE_NOTES_BRONZE_RC2_BUILD160.md,946,e0feca136f40952140114bccd92ef6f41357be974843c8167fc24df2310a67bb,.md,HISTORICAL,true
RELEASE_NOTES_BRONZE_RC2_BUILD161.md,1082,03b7362d705bbccf4e4c4cba9cc4ae7fdc34290a7aca7486ddddbfc40a345183,.md,HISTORICAL,true
RELEASE_NOTES_BRONZE_RC2_BUILD162.md,865,132edb6ba8355dbf406c3c8c240f4417560dbad2bedc2d855301a70055d6e81b,.md,HISTORICAL,true
RELEASE_NOTES_BRONZE_RC2_BUILD163.md,726,c784c142895c5ed3ab279b4a839560f90a548643179cebdbd50dd24159962260,.md,HISTORICAL,true
RELEASE_NOTES_BRONZE_RC2_BUILD164.md,760,5f2534118f921d11b9820687bf219e56ed05ab5f480125cf945e6c4098fccb19,.md,HISTORICAL,true
RELEASE_NOTES_BRONZE_RC2_BUILD165.md,869,549abd8216e0aeeb71cac5858f6e66a979c7d6c003cd5bafaa32dc19e68050b7,.md,HISTORICAL,true
RELEASE_NOTES_BRONZE_RC2_BUILD166.md,565,f7622ee8a38929832eb9fc7a0b78a54455bdba3781679d9719755e98cfd1c044,.md,HISTORICAL,true
RELEASE_NOTES_BRONZE_RC2_BUILD167.md,625,e92caaeea5da12599dde15de0a1193ddaeb956f60ba501b93d02a90d80c77b12,.md,HISTORICAL,true
RELEASE_NOTES_BRONZE_RC2_BUILD168.md,816,7f7f9f8070aeb7d8ed3cf954c7170253957c94c04135d5479dabd71043dabe54,.md,HISTORICAL,true
RELEASE_NOTES_BRONZE_RC2_BUILD169.md,876,bb8f02b973a063f3900b4355e7ec5b0c08f2719370a90880b87b9e49e4e6069e,.md,HISTORICAL,true
RELEASE_NOTES_BRONZE_RC2_BUILD170.md,1302,7ebde07e99b69f97ba6f6867c954bcb120e5bfceccb9a29141812aee2425c4d1,.md,HISTORICAL,true
RELEASE_NOTES_BRONZE_RC2_BUILD171.md,1643,30ed1d5140a06bbadbbca27c04ff54e35de1d70dd687738475d7a70538dbf463,.md,HISTORICAL,true
RELEASE_NOTES_BRONZE_RC2_BUILD172.md,1544,91e1a44f6bc28ef06fa38c1ef83b5007f5af03fc6c345c8a372c9d435126570b,.md,HISTORICAL,true
RELEASE_NOTES_BRONZE_RC2_BUILD173.md,1166,f5f97ac828e2fd8bc99a3a9589b85e1f1ddb8ec28ee0096dfdf3aabaef3c9f2b,.md,HISTORICAL,true
RELEASE_NOTES_BRONZE_RC2_BUILD174.md,353,995dca7a0bca322ef75da478c46b4fc0238a2bc3da4f3b71beb18d7c21831e9f,.md,HISTORICAL,true
RELEASE_NOTES_BRONZE_RC2_BUILD175.md,1093,bfe8a520d5e2e46d1dbbba56d2ef180ec46f9f6aa8fdd54d644b2bfbd88c5005,.md,HISTORICAL,true
RELEASE_NOTES_BRONZE_RC2_BUILD176.md,1491,c97e87052b079b792ea8c90a046c84fba5b53a7dd1be65d6800c637636a2a476,.md,HISTORICAL,true
RELEASE_NOTES_BRONZE_RC2_BUILD177.md,1560,08fc21253f5f884ad7056dcc50e22314ea72b2524ffa9bd7048bfc0ffe8095d5,.md,HISTORICAL,true
RELEASE_NOTES_BRONZE_RC2_BUILD178.md,1157,17a607fe6ce1d61c2c93cd8108020ff2a6144c8b9929f40b5a79f766dea0c3ec,.md,HISTORICAL,true
RELEASE_NOTES_BRONZE_RC2_BUILD179.md,1258,23034b5d8b1de6d6e9056349254b77f8667b45b07ebac0cf08b610eeaad80be5,.md,HISTORICAL,true
RELEASE_NOTES_BRONZE_RC2_BUILD180.md,1225,85bbca0a09b93f3e15b1c49ec4fb4fe0baea52121a7b8bf23b70e149ab08f00b,.md,HISTORICAL,true
RELEASE_NOTES_BRONZE_RC2_BUILD181.md,960,2fbb7272c11afbf0566dd1031be753232329fd77a5571c8707c7ca5bdb253168,.md,HISTORICAL,true
RELEASE_NOTES_BRONZE_RC2_BUILD182.md,1667,da0b8f91a6fec798dd84a8a3589af6fbf28d6d60ff5e9aebe5fc2c0c084cbb34,.md,HISTORICAL,true
RELEASE_NOTES_BRONZE_RC2_BUILD183.md,1493,f08a166860a8f3a5d3057475b9db4d5e392bb7edf75afb78fe3c3b206393e150,.md,HISTORICAL,true
RELEASE_NOTES_BRONZE_RC2_BUILD184.md,800,4904c6456cbab80b227685f6973fe45d5ccc28862a507672a59bb2c296f0a047,.md,HISTORICAL,true
RELEASE_NOTES_BRONZE_RC2_BUILD185.md,857,45b2f9f18ab4acd0ffe45ed80f7e8ab38abab0f44c6915a7b7ed0815f60c5c90,.md,HISTORICAL,true
RELEASE_NOTES_BRONZE_RC2_BUILD186.md,979,ab3c97139b108e4bbd89390203a062da43e514fd1cabd204e559f1fff041ed70,.md,HISTORICAL,true
RELEASE_NOTES_BRONZE_RC2_BUILD187.md,1171,9e98617755e2934f6d6c9a87417f8a060ec041e4db7b9c88de134abd604fba39,.md,HISTORICAL,true
RELEASE_NOTES_BRONZE_RC2_BUILD188.md,1081,3187c1e1da9005fbf1803c68b8ad7f8e73fd6874aa69a8ea92fcb54288e7da03,.md,HISTORICAL,true
RELEASE_NOTES_BRONZE_RC2_BUILD189.md,891,9689074d9f0a3a3af63cc8830770441fb4cff422ab9d2ef0d0b4752d9e33a946,.md,HISTORICAL,true
RELEASE_NOTES_BRONZE_RC2_BUILD190.md,874,f00b9dcdc115a1094e7db009c5216d8940adcabee24f3acfcbd21253bc1310e6,.md,HISTORICAL,true
RELEASE_NOTES_BRONZE_RC2_BUILD191.md,873,f485508a9c3d82ddb414091d627ffa731d70333bd9cff87fac482828b53a101d,.md,HISTORICAL,true
RELEASE_NOTES_BRONZE_RC2_BUILD192.md,865,b0d1fdfb3b46579ca059fdcc14606e242cd34fd2f32b1b9a532e7e28ff7a71f3,.md,HISTORICAL,true
RELEASE_NOTES_BRONZE_RC2_BUILD193.md,832,a44715e737c43157e82443ec66a52c7972a3b085fd6ff098cbff63e44fc7e6e0,.md,HISTORICAL,true
RELEASE_NOTES_BRONZE_RC2_BUILD195.md,412,373ed9a1517b2f937951a2e132a227272c4d28c4df39031a7c8559070f9fac86,.md,HISTORICAL,true
RELEASE_NOTES_BRONZE_RC2_BUILD196.md,365,aa84c406789435525ce8849c1f79a55187f9394754de4fc443a09559eacfc661,.md,HISTORICAL,true
RELEASE_NOTES_BRONZE_RC2_BUILD197.md,493,d9579be2b730bbad1b3df7e6c390807ca0ac9d5b436ef9ff32413ee400bd84c5,.md,HISTORICAL,true
RELEASE_NOTES_BRONZE_RC2_BUILD198.md,214,66fb5c7f8bb6f53fa077d5a2b1261a105eb6c8ad5ada976296e2945a4cfb9c44,.md,HISTORICAL,true
RELEASE_NOTES_BRONZE_RC2_BUILD199.md,260,3fc8fcf27128670bf49362e49a9be0c54dd544bdb8cc9f3ea1c9375ca2b38510,.md,HISTORICAL,true
RELEASE_NOTES_BRONZE_RC2_BUILD200.md,341,73e6f3d2d8ae92cb7badd369e0965a5bcbb3294f7204a5ad52214473aa3b8937,.md,HISTORICAL,true
RELEASE_NOTES_BRONZE_RC2_BUILD203.md,505,2fff77e15b753c2e641b6640ee4bcafe2d6448a3f1a74a4ab0f8afb54d2bfb27,.md,HISTORICAL,true
RELEASE_NOTES_BRONZE_RC2_BUILD204.md,451,68741d4882ae557629f73ced9be88df7bc01040993325d40ee05184f914e5a51,.md,HISTORICAL,true
RELEASE_NOTES_BRONZE_RC2_BUILD205.md,1382,3e64e5b90537577071b0b82e27e18753448f6a9f1b263e13f9e6c0e3934f4eb3,.md,HISTORICAL,true
RELEASE_NOTES_BRONZE_RC2_BUILD206.md,1524,b8f194889419005fb52af3b17e5ac3d5fdd3b99891c0ab768a122c97ab9d3b0a,.md,HISTORICAL,true
RELEASE_NOTES_BRONZE_RC2_BUILD207.md,686,909c712f6f9b7cdf9fe32c77d09f11405baf3c1334efa004be41635146b4e527,.md,HISTORICAL,true
RELEASE_NOTES_BRONZE_RC2_BUILD208.md,1460,4b9d9cd50de7adefc1402b35d435965ae823bb8c39d68c77750da50ac1bd11f3,.md,HISTORICAL,true
RELEASE_NOTES_BRONZE_RC2_BUILD209.md,1441,0a14d6ee8b016238fe50189f34b9cf1df4c510a0cdb05bf35d955ef6e58b3a29,.md,HISTORICAL,true
RELEASE_NOTES_BRONZE_RC2_BUILD210.md,1280,ab86795d04113a367948db512f28995d69fe78ab22949ac2b75e6471148fa538,.md,HISTORICAL,true
RELEASE_NOTES_BRONZE_RC2_BUILD211.md,362,c000e8b4cd1f3a6b1bd97a5dfa2da40ff8c17eeaeab0bab51918af752d57abc6,.md,HISTORICAL,true
RELEASE_NOTES_BRONZE_RC2_BUILD212.md,550,0313d6e5e1e28ee007faa8bd7649ddf2488b45c704f7f231e46ebdc7b1d7f7ec,.md,HISTORICAL,true
RELEASE_NOTES_BRONZE_RC2_BUILD213.md,1282,c6158d6cd515612ab66c8ced4f2d0065d7d44cea1d387d35a26dad1be7cb4da5,.md,HISTORICAL,true
RELEASE_NOTES_BRONZE_RC2_BUILD214.md,2316,01beecca499ac67e9d5733550e711a09a8790c0381b6f94dede5e76d129be0d2,.md,HISTORICAL,true
RELEASE_NOTES_BRONZE_RC2_BUILD215.md,1337,fba94b346fa481b20283b14d200ccb3a2037317d9d97f3b3e3476ea8f70b79b1,.md,HISTORICAL,true
RELEASE_NOTES_BRONZE_RC2_BUILD216.md,1656,34d61dd6f5b4f02312cc193e1323c6d858a31c6016d836dc0846fff7e0d5e68f,.md,HISTORICAL,true
RELEASE_NOTES_BRONZE_RC2_BUILD217.md,613,5e7d2fddbeed8098c0ad23b8e48ab585217496e132f54563bc9aa24b5506248b,.md,HISTORICAL,true
RELEASE_NOTES_BRONZE_RC2_BUILD218.md,743,61a7876d94ab8488be5bb5fa6a315998dd32e1ce40739b1c80661f482664636e,.md,HISTORICAL,true
RELEASE_NOTES_BRONZE_RC2_BUILD219.md,705,4e9ac1b4a49ad711c637edd3c6d6a9c3393e03d60cb7c973e4c36848f3584d59,.md,HISTORICAL,true
RELEASE_NOTES_BRONZE_RC2_BUILD220.md,1146,753d2e7c2b4a5da1f1ece13d1a5acf9a61d5c85035313013d645926c25fe6f8e,.md,HISTORICAL,true
RELEASE_NOTES_BRONZE_RC2_BUILD221.md,949,77bdaf42400565044a663efaae7834b4294ec09ba81ddaa852c81e372d9e0468,.md,HISTORICAL,true
RELEASE_NOTES_BRONZE_RC2_BUILD222.md,837,ff1f5828b5939d0514ecd1aa4979cf550e59254b498bf13c71f33759811c29c8,.md,HISTORICAL,true
RELEASE_NOTES_BRONZE_RC2_BUILD223.md,946,cf5a6746609925bc8e7c2a1c30ef494563cbff25a5ffac08eae7068e1de7ee19,.md,HISTORICAL,true
RELEASE_NOTES_BRONZE_RC2_BUILD224.md,1004,277564aada8488824269aab0f31f91f754eef723bfcfaa443a5be19289b094d3,.md,HISTORICAL,true
RELEASE_NOTES_BRONZE_RC2_BUILD225.md,992,cd989ca5d8a4ec4392ea7891cd71e6f93dcb56295747fc18b8d50186bb755821,.md,HISTORICAL,true
RELEASE_NOTES_BRONZE_RC2_BUILD226.md,985,5afb4010a13973541d74a2ff38603f554a62943d88f4514f933c6935e5bd3d8a,.md,HISTORICAL,true
RELEASE_NOTES_BRONZE_RC2_BUILD227.md,724,2c2852bcb5b8f9b1b166d718beff58a2d6fff58e8f735c5205b01dd69e9fde18,.md,HISTORICAL,true
RELEASE_NOTES_BRONZE_RC2_BUILD228.md,566,ab19bc812b69206e7f515fb4ad36e26a9d85564899cceeb271f7c5c5b87a618b,.md,HISTORICAL,true
RELEASE_NOTES_BRONZE_RC2_BUILD71.md,1886,ae1f085517058787b429cf6fbdfa4eb03a72b30ba1caa2d07de9bf72b6079adc,.md,HISTORICAL,true
RELEASE_NOTES_BRONZE_RC2_BUILD72.md,1391,6b00c0d56609f3eef28c686efbcc92f5cdac34fc38de19933a493cebc8aa0314,.md,HISTORICAL,true
RELEASE_NOTES_BRONZE_RC2_BUILD73.md,834,da2dc3f6ffe53985ffacb639dacdcae9a9e517ccad9b7bcc0e0ba48bbc73dae7,.md,HISTORICAL,true
RELEASE_NOTES_BRONZE_RC2_BUILD75.md,757,65c21c1da24d5bb6a30b0691a786b5a8c7709bbf94d7ab5c7788154994f144c7,.md,HISTORICAL,true
RELEASE_NOTES_BRONZE_RC2_BUILD76.md,764,4777b33cb147a0d8f2e999587fb25af3be5b7fafedca249d195536a2cdc6a916,.md,HISTORICAL,true
RELEASE_NOTES_BRONZE_RC2_BUILD77.md,600,48af84990a57d7d9567dcf3fca3e28a0101017a93d541f042d89737389c8b55d,.md,HISTORICAL,true
RELEASE_NOTES_BRONZE_RC2_BUILD78.md,851,b6aa391daa923f22f3585b4cc92f261df017a260ac211eef7dc730ce79833dc3,.md,HISTORICAL,true
RELEASE_NOTES_BRONZE_RC2_BUILD79.md,680,6b644dabd27228337a6ddd2679550b9ffe846ea2fa88999a591008fec1515647,.md,HISTORICAL,true
RELEASE_NOTES_BRONZE_RC2_BUILD80.md,657,71d16d1a89957bb80c641885ec5e54bdb6d9dbff6189255926ec65ce4c9865c5,.md,HISTORICAL,true
RELEASE_NOTES_BRONZE_RC2_BUILD81.md,766,ee8e50f3c9e3c6401fb9815ea93cd26d1b122754e4e64cda767b8c04d9dcc313,.md,HISTORICAL,true
RELEASE_NOTES_BRONZE_RC2_BUILD82.md,866,482712288624ffa4c40a33723488fd231b738187a380c26aec5f73a2fe987665,.md,HISTORICAL,true
RELEASE_NOTES_BRONZE_RC2_BUILD83.md,514,38007e2c0171bed23c9455c3b633dff609d05b4c4e0748b7eb7d0b74fcca927b,.md,HISTORICAL,true
RELEASE_NOTES_BRONZE_RC2_BUILD84.md,556,ed642d8f0c010628572ed6d786eaa2c40ba1dcf27c7f7c16d59c3f82b59dffdc,.md,HISTORICAL,true
RELEASE_NOTES_BRONZE_RC2_BUILD85.md,808,01609a71690007dd424dd0e483470c9cd45b0ae5986908dec049a77772676bfe,.md,HISTORICAL,true
RELEASE_NOTES_BRONZE_RC2_BUILD86.md,963,8962d3b7a87e4a1c823b286a37e5794baa1302fc55b2e90ec7e75a61323a1302,.md,HISTORICAL,true
RELEASE_NOTES_BRONZE_RC2_BUILD87.md,1131,e10b07ebff2e081b9686759b2e8598636d0c6a16f52be04ffb46cdd72e84ec91,.md,HISTORICAL,true
RELEASE_NOTES_BRONZE_RC2_BUILD88.md,1152,f9f4902f78fb2c683eecc3a48be979f353944f26f94659abdba29c9dc09c4971,.md,HISTORICAL,true
RELEASE_NOTES_BRONZE_RC2_BUILD89.md,1349,d9d702d7aa02ddc0ae006f579bb93abc8b240a433a98ba04aa0cb771dc2955f5,.md,HISTORICAL,true
RELEASE_NOTES_BRONZE_RC2_BUILD90.md,1401,43ead999506021575216a19e57e9b6e5598e5575e81a75f196866c6c988c7d08,.md,HISTORICAL,true
RELEASE_NOTES_BRONZE_RC2_BUILD91.md,1373,c4e2745795c568624267d66c92532dc4bec36ae943935af1d39f2c721dc30dd4,.md,HISTORICAL,true
RELEASE_NOTES_BRONZE_RC2_BUILD92.md,1462,b8302ae640067d4e753f00da75004948c7113318febf2cccffb0f444cd8f1ae9,.md,HISTORICAL,true
RELEASE_NOTES_BRONZE_RC2_BUILD93.md,1801,f1f865a7e564bb6f85350e8ac0f79838aef1f1553c959de670ca407933ada6d0,.md,HISTORICAL,true
RELEASE_NOTES_BRONZE_RC2_BUILD94.md,1494,0550683fe02b14ad83098f7e8c168b8bba3ef409eb966d32d3c7039fcda23968,.md,HISTORICAL,true
RELEASE_NOTES_BRONZE_RC2_BUILD95.md,1343,686b2008383c2f59127c8b0aa8401df54f56979639f8d530f11dadd558859589,.md,HISTORICAL,true
RELEASE_NOTES_BRONZE_RC2_BUILD96.md,1295,2f2c2d01d18fcb18d41e8ea9217374b2d7f3f8c651de9ef49bd19962ec9496b6,.md,HISTORICAL,true
RELEASE_NOTES_BRONZE_RC2_BUILD97.md,1613,e88469cf9e56232dbac90e2ee0e0d48a2c991e0cef47cefa099800b3bf778758,.md,HISTORICAL,true
RELEASE_NOTES_BRONZE_RC2_BUILD98.md,1467,85ed2b0b6012a31add3a99dfb3adca7859662523ed591e6d01c70f29b849343f,.md,HISTORICAL,true
RELEASE_NOTES_BRONZE_RC2_BUILD99.md,1798,d74daddd2bd13392c6aeece5b4d27e0ba46ffc8f80bf5f4f39428f9fdb940f30,.md,HISTORICAL,true
repository-metadata.json,908,7ea8b47805c42c9fb6a89ebdd2a133d15e376603926f32966abf2c7cc42c06de,.json,ACTIVE_REFERENCE,true
scripts/templates/timeline-application-adapter.ts.txt,27887,a28dff463b77126142593cf0c4dcc82fcdecb17c737c4716af6e6a071e19993b,.txt,TEST_OR_GATE,true
SECURITY.md,11918,b1fc79e693b856d61b3e8d2d5c27d080552e1cf014b1f5beae81d63d655410c5,.md,ACTIVE_REFERENCE,true
SHA256SUMS.txt,,SELF_GENERATED_AFTER_INVENTORY,.txt,GENERATED,true
START_HERE_TR.md,695,cb0b4a6c6a8185e120c782db43f00ef2fa967deea177820c1d660792fa21bca6,.md,ACTIVE_REFERENCE,true
tests/smoke/tsconfig.30-l-windows-hello-desktop.json,543,b1f2dc059ee5e2cf822951e6aab0bf724cf664eeee5eedb367398cbc571f3cce,.json,ACTIVE_REFERENCE,true
tests/smoke/tsconfig.data-store.json,386,b26b69bc0addeb45670a2081a0a02c3ce6cf4ba7d336fbf83526219250bb2f10,.json,ACTIVE_REFERENCE,true
tests/smoke/tsconfig.electron-main.json,393,08f6c2c26c9ecc33a18c4dbf10725877772be7b94405e60234a6a1d184845b5d,.json,ACTIVE_REFERENCE,true
tests/smoke/tsconfig.runtime-foundation.json,544,800d25d89a487fdbd5cc9bb60a7d9def22f132b0b3689f21e81109283220679f,.json,ACTIVE_REFERENCE,true
tools/electron-builder-squirrel-windows-stub/package.json,252,52031f120f139bd59dbce1c96cc70d92ab526dcd0dd6a6f3fa3e2582c0b7c058,.json,ACTIVE_REFERENCE,true
tools/gold-aktivasyon-yoneticisi/arayuz/index.html,4164,8b220db65a36fb5399bb84356a7dc61a2943b20da1ea802dc1c0bccef455180b,.html,ACTIVE_REFERENCE,true
tools/gold-aktivasyon-yoneticisi/KULLANIM.md,1406,dfdb6966a3b006db51ec3e90d44368c883845e49459b7de5c41b2bcbb9911a15,.md,ACTIVE_REFERENCE,true
tools/gold-aktivasyon-yoneticisi/package.json,336,4fbd9e2ef0c7a165fc883cc2d1307a014c94a16ff284f8b5fe106e3f9ba75c23,.json,ACTIVE_REFERENCE,true
tools/npm-dependency-acquisition/ACCEPTANCE_TR.md,794,16e7df608b5292c13eaf91ebad87d4e23402a0dcd20c374d32efaa9f3f9d225e,.md,ACTIVE_REFERENCE,true
tools/npm-dependency-acquisition/README_TR.md,1376,9c3b2979c11c14f886d5c60bf6e30efc9100f440bebf2d9c5319404cf0e2beb3,.md,ACTIVE_REFERENCE,true
tools/windows-packager/package-lock.json,108943,541a9eb09e78860ea0ae42535c7a3dc85cca62fe3d27f98ddcbac1cc3e45262c,.json,ACTIVE_REFERENCE,true
tools/windows-packager/package.json,481,617523ac4eaae84eb0f6c5617aeb9f37460acb648b9266b727d2719e060b3297,.json,ACTIVE_REFERENCE,true
tsconfig.base.json,395,b86c3dfa0ff1b8274281595acac3bd8f59b097ce2813dda66aca88d8b19cd7ef,.json,ACTIVE_REFERENCE,true
tsconfig.json,2214,011f9587144b2fa7ed46e9c005bac928044412a9d1ef73e6e7acd8632fd1dea7,.json,ACTIVE_REFERENCE,true
tsconfig.packages.json,1481,4531d5bc9ed90e4821f75a1e8664a26c447871bc16b2c090e9e3fe4b798dd008,.json,ACTIVE_REFERENCE,true
VERIFICATION_REPORT.md,934,f5cd8c4042c6f09b03baa3ff8ba618c53400f7c6d07b1d61734c9898546f6552,.md,ACTIVE_REFERENCE,true
