path,bytes,sha256,extension,classification,isDocument
.editorconfig,156,251db34e2e35b25bcd7888df2be0f92d56e0e204a405e1374e691710ed583827,,ACTIVE_REFERENCE,false
.env.example,122,0ca1fddf2f90e563c9b556da2d9041ca93721ed5404d292cd9f7608f4e40c705,.example,ACTIVE_REFERENCE,false
.gitattributes,606,07e56b662a8c0a8eb5b7ddbdc7aa2847c9abf6e58455ab75517122a0c78a1f61,,ACTIVE_REFERENCE,false
.github/workflows/ci.yml,1716,b4f44b947ac858321cad315bcf5945914f52050db858979b5dd79fd1f0ff9e0e,.yml,ACTIVE_REFERENCE,true
.github/workflows/windows-rc2-validation.yml,1393,8933cb4e76e6322ae9f1601facbb1bdc6e7ec1be6c4db9d3e1e9aed64512beb2,.yml,HISTORICAL,true
.gitignore,358,e311cb9d566211b97426fc4c4f2827f2045bca69013284a328f2eeec24770d53,,ACTIVE_REFERENCE,false
.npmrc,42,bd1447aae3a0104abff859f65b640e486b68c0e8fd2d8f31af4ec3b7cd9329bf,,ACTIVE_REFERENCE,false
.nvmrc,8,55075b5ec4e8b31936cbbc282b8829116d1fd48f2f2f1856dee592a6650700ce,,ACTIVE_REFERENCE,false
AGENTS.md,2497,a1815173750f44df9bb1214d2bb8a51d8b93d79ab1f7229e3ca629a47c6597da,.md,ACTIVE_REFERENCE,true
apps/core-service/package.json,670,d7e07c3887ddb4145a2b0bb0c119be0e678bf271b02f75cf2aeafab23418b68a,.json,ACTIVE_REFERENCE,true
apps/core-service/src/companion.ts,6880,ad96acb49a8880fc91426aaf9c37774f6744f2da78cb52515b81463706a5fac5,.ts,SOURCE_CODE,false
apps/core-service/src/core-service-method-dispatcher.ts,8322,7e764b7ae46bdcd2718a91fc1a76a549d1895d57695ab2f7025ea4d4f8a09850,.ts,SOURCE_CODE,false
apps/core-service/src/core-service-runtime.ts,13592,e2ac6696cce5ebaad80e913740ec3619df92f292b2d4ddc4f57e10a65655ac40,.ts,SOURCE_CODE,false
apps/core-service/src/device-secret-protection-runtime.ts,2712,3820e2a9ef89f3fd3c432a54d590db90ceb1304d83c9452a738330f31cd25e3d,.ts,SOURCE_CODE,false
apps/core-service/src/distributed-core-cluster-runtime.ts,19046,47aac789fdcd81c7ffbd345e8b852c631c0bb461b4bcc560680d6479601f4f80,.ts,SOURCE_CODE,false
apps/core-service/src/distributed-operations-runtime.ts,45095,38c5e75d39fc4d8d13b58b51e49183fa99bd19a871fbf7b953c392335fa8afc5,.ts,SOURCE_CODE,false
apps/core-service/src/end-to-end-security-evidence-aggregator.ts,7295,f9b1cddf4f4420e54224b0f371affd57a4caecda24944ef4a915981bc3de82f7,.ts,EVIDENCE,false
apps/core-service/src/explicit-user-cutover-approval-receipt.ts,9989,8a904c47a7a6e28d89178aceeb2609292c669389d6570a851bad06cbef32fe7a,.ts,SOURCE_CODE,false
apps/core-service/src/family-data-cutover-guard.ts,1849,ce476a867613094a16daae1b0140399c3a1d8871921e5d57367beabe12d1a161,.ts,SOURCE_CODE,false
apps/core-service/src/family-data-cutover-readiness-ledger.ts,10163,fdb4e1bd8bce3392a19b03df73bdd9dfd516407038d1997e62c5b59a3131c630,.ts,SOURCE_CODE,false
apps/core-service/src/family-data-ownership-runtime.ts,3434,1d2c06e73e5aabded15ea5be11ec4b6e958788f2c2683d8931dc1a55310b972a,.ts,SOURCE_CODE,false
apps/core-service/src/index.ts,1149,f2b1a77cfd133f6c3da20eaee3c6e28cb985a672bf70fe7a75ce3a76ade2bcfa,.ts,SOURCE_CODE,false
apps/core-service/src/local-admin-server.ts,9001,35df64e4528dc71d2fe6f126055bf78c44166872e27513c79e3a2a73b2afd1f3,.ts,SOURCE_CODE,false
apps/core-service/src/main.ts,15088,e00b7fe3535957f086f3838e126de416284023f52d1ae653d2b3d32086b9c456,.ts,SOURCE_CODE,false
apps/core-service/src/policy-journal-monotonic-authority.ts,10111,532aec68ea790edeb65666bd47710099ae10c5aa7615aff496e6eee56e94afeb,.ts,SOURCE_CODE,false
apps/core-service/src/protected-cutover-readiness-journal-port.ts,2058,9c6031db1b42946a02d4cee8a6f92a3c19c7706393d1e90d778e9696c70e50d5,.ts,SOURCE_CODE,false
apps/core-service/src/service-state.ts,715,ca6b6b0533eee408b4d0b812c347ebf29677b776385b335cc8515569431e7432,.ts,SOURCE_CODE,false
apps/core-service/src/signed-cutover-readiness-evidence-verifier.ts,4592,e63ca3776f805427732fa8ad2adada2b30c9245175648eeec8af26f18f32102e,.ts,EVIDENCE,false
apps/core-service/src/synthetic-key-lifecycle-proof-harness.ts,10366,73dcb5b5306d2147e64e42b0b994fee1d5c20da55879d00197cf1fb6f0266f86,.ts,SOURCE_CODE,false
apps/core-service/src/synthetic-rollback-recovery-drill.ts,9278,9b2ac4ad69849414edce579d2cd92867c186b1e60d9b210a5d6555e9d62b6d2b,.ts,SOURCE_CODE,false
apps/core-service/src/synthetic-single-writer-proof-harness.ts,5736,f860c46c297e994f8c92581c370a8c5f6fd45eb59823adfe67b41bf07d1488d5,.ts,SOURCE_CODE,false
apps/core-service/src/versioned-core-service-api-use-case.ts,1269,a13b9931ea74b285c9d8cdd3ab87fea78f24f75df02b53a0038c160577c5b8dc,.ts,SOURCE_CODE,false
apps/core-service/src/versioned-cutover-decision-preflight.ts,11057,a68001d48caecca1c2b652739dfe39c9b64cd99657d1df5be21c3d0fd74276ba,.ts,SOURCE_CODE,false
apps/core-service/src/windows-service-control-server.ts,7051,743fa6e70f177b8b1b7b0d7258ffaa76d82a53e831e57b0fe73836b708cb76c6,.ts,SOURCE_CODE,false
apps/core-service/tests/core-service-companion.test.ts,4500,392081c8761bc2f08c159716ab13cc7a01a7e039398e9d52f6600144a93bfd8b,.ts,TEST_OR_GATE,false
apps/core-service/tests/core-service-method-dispatcher.test.ts,7873,5efbe46c69b17aff9ac9361b4512271b7646ca38b81495ff70921d0e2c2b5cee,.ts,TEST_OR_GATE,false
apps/core-service/tests/cutover-foundation-fuzz.test.ts,6249,499adb24de7588f7fe0737a1771207f3b33be931d95d98a009414c786754f79a,.ts,TEST_OR_GATE,false
apps/core-service/tests/device-secret-protection-runtime.test.ts,2740,34eb0fe6a0c967b78eaa1f5d2a6f2a1fe5051b97c0103d0c648b144513410814,.ts,TEST_OR_GATE,false
apps/core-service/tests/distributed-core-cluster-runtime.test.ts,14036,d7924540680094ae3236f146ad89afb97a0009cbead6fb4748434069a6de5416,.ts,TEST_OR_GATE,false
apps/core-service/tests/distributed-core-migration-boundary.test.ts,6997,512829357665b301a27e4d690b82cb6baefe9c63a3b7f10537f310c3f379d9cf,.ts,TEST_OR_GATE,false
apps/core-service/tests/distributed-operations-migration-boundary.test.ts,8959,b2191b53f9ca8e156cc485879bccb8518bb1bb2930bae7455c5230bd3097b026,.ts,TEST_OR_GATE,false
apps/core-service/tests/distributed-operations-runtime.test.ts,16333,255acdd2ada44b29c251a552039c53e9b163d32bd70f4fe079c56bf4cb3e2ee3,.ts,TEST_OR_GATE,false
apps/core-service/tests/end-to-end-security-evidence-aggregator.test.ts,5930,4c2b07becdd543f891e8bf97e983867a47f80a63c5626beb6b35ade264ed6103,.ts,EVIDENCE,false
apps/core-service/tests/explicit-user-cutover-approval-receipt.test.ts,10242,e5d3f88b3c0f6f650059e23a6f54368fb23abb96be4001e0377824b99a7d1a84,.ts,TEST_OR_GATE,false
apps/core-service/tests/family-data-cutover-guard.test.ts,2339,d4ebf321888d997296298be4c0894bd71ae06361d0f0fe5227744a9978ed413b,.ts,TEST_OR_GATE,false
apps/core-service/tests/family-data-cutover-readiness-ledger.test.ts,6635,23a5757b6860cf3cad2b108e53ddd7880d51df7df26e0885dc317654660ade80,.ts,TEST_OR_GATE,false
apps/core-service/tests/family-data-ownership-runtime.test.ts,2219,4275e3a2f2a39b919c38ff18983dcd54e3804e0a46a0d50c5f09af88a7591f71,.ts,TEST_OR_GATE,false
apps/core-service/tests/platform-policy-obligation-execution.test.ts,5222,a05751d59038cea267a8f14a45e1abed87b42345b6ffca8ce5a367362ab60edf,.ts,TEST_OR_GATE,false
apps/core-service/tests/policy-journal-monotonic-authority.test.ts,2274,3e85511cba76ecf22966a7e6aa89b02b257149f49b1f5ad09253e7b732c29682,.ts,TEST_OR_GATE,false
apps/core-service/tests/ppk014-versioned-core-service-api-boundary.test.ts,11448,0f9c075652d144a0c3d8e94d44eb3627a7ac470db81d093c8dd9d5e9d4c7c92d,.ts,TEST_OR_GATE,false
apps/core-service/tests/ppk024-policy-service-availability-runtime.test.ts,5827,314845c28535d3eba1db65bcda72beda5a8cdfd2ae782cff2f1fe57dc544835d,.ts,TEST_OR_GATE,false
apps/core-service/tests/protected-cutover-readiness-journal-port.test.ts,2049,b1c33ee423970b0301778f3fde55ba64d1dfcf205561bc3ac69af1c18c282ad9,.ts,TEST_OR_GATE,false
apps/core-service/tests/signed-cutover-readiness-evidence-verifier.test.ts,4956,0435f7040c2826d8b709b81a50cd00f8cef32cafba712e60aff6ba34529e8f43,.ts,EVIDENCE,false
apps/core-service/tests/synthetic-key-lifecycle-proof-harness.test.ts,6793,8e8babd21a4278814553cd658299d8054e8adb443fa3d59a07f398dc58dcae40,.ts,TEST_OR_GATE,false
apps/core-service/tests/synthetic-rollback-recovery-drill.test.ts,6082,f691b825617c8f958ae029256b62868fae6ee0b034519e842e1870ccdb243166,.ts,TEST_OR_GATE,false
apps/core-service/tests/synthetic-single-writer-proof-harness.test.ts,4416,7643015d1c911ca75c8686fe9ec4f1385ba36dc2fe37e833df2b18de9b90f52c,.ts,TEST_OR_GATE,false
apps/core-service/tests/versioned-cutover-decision-preflight.test.ts,8989,d9cb24be6234166e4eaf6570777dd041b5a1a7d49d9a26a5114b8be7a74c1940,.ts,TEST_OR_GATE,false
apps/core-service/tests/windows-service-control-server.test.ts,5982,b37e543329ff73e5d587b77603e7688032b253a9d40e4b733f8e828e2b07c7f9,.ts,TEST_OR_GATE,false
apps/core-service/tsconfig.json,230,de0428bc1bfd4dcc00c2a2f23553012bb3db1f305bdeda9b1716a981ebba2339,.json,ACTIVE_REFERENCE,true
apps/core-service/tsconfig.tsbuildinfo,22873,49d4b9bacd246943d051dd3a2f887b916fb7381dedece2f0a24710573ddcde67,.tsbuildinfo,ACTIVE_REFERENCE,false
apps/desktop/build/extractAppPackage.nsh,3454,51d0b95b3ce183100f3705ab1be11278eb391c3723aa285ff79e10d237a94d5b,.nsh,ACTIVE_REFERENCE,false
apps/desktop/build/icon-256.png,82528,eab3052dc22db9b78645bf344b0ece4076c7cf89ce5408f4620de94e3b0b5753,.png,ACTIVE_REFERENCE,false
apps/desktop/build/icon.ico,126788,d1e39b9c3113cd765d511efa38149951a13a72c18b73306b6f50b74964b7cab5,.ico,ACTIVE_REFERENCE,false
apps/desktop/build/installer-bronze-sidebar.bmp,154542,5a4d2e3557d84d1f3dedfa21f5a9a1b9ddfff7b975f0b293b46b226ca9b5f03c,.bmp,ACTIVE_REFERENCE,false
apps/desktop/build/installer-gold-sidebar.bmp,154542,cc42a782069d7a92c846ed08a1d3e090f12347da0739ddeada430da995ead80e,.bmp,ACTIVE_REFERENCE,false
apps/desktop/build/installer-narration.ps1,26234,8ab14fb7f94461b0028200aad85db7a1cbbfc14c9e25bdd68dcd85cee0a9ac9b,.ps1,SOURCE_CODE,false
apps/desktop/build/installer-silver-sidebar.bmp,154542,06460e792d2df124e4ddb31460605b65f08e334f73d75bf3d27cf71fb4931d17,.bmp,ACTIVE_REFERENCE,false
apps/desktop/build/installer.nsh,22547,d1843d57313ab2148e1e887648f6a966a7e06d6ef81bfd4633b9137b748ab450,.nsh,ACTIVE_REFERENCE,false
apps/desktop/build/LICENSE_en.rtf,640,16521d68d0adb3aa7c1f020dc9c05f797dcec83c2ea31ea5ebd1a10e52ac0318,.rtf,ACTIVE_REFERENCE,true
apps/desktop/build/LICENSE_TR.rtf,902,a61a8f7b65e3961876ddf916738effc6b803cb0e82e3943229143ded3f2ff24b,.rtf,ACTIVE_REFERENCE,true
apps/desktop/build/tray-icon.png,9174,e7d905e97ef86a0a948eaf872a1a951bb381958734a1853d12622bcc68928651,.png,ACTIVE_REFERENCE,false
apps/desktop/docs/LISANS_TR_KAYNAK.txt,551,f3fa8e2788ae636a3b99e4e919c4c7bf638bcd12f8a9dc0b67d7fc526059ac51,.txt,ACTIVE_REFERENCE,true
apps/desktop/index.html,577,d4f38dee193d5f3136c79987faedb5fa4295e5096075a67ad914192db678a1b1,.html,ACTIVE_REFERENCE,true
apps/desktop/package.json,3879,46ea00ec212c291a5d6479602df0c20b1812b5a67d1a9ae801c2e8fee0eabbb8,.json,ACTIVE_REFERENCE,true
apps/desktop/scripts/apply-electron-fuses.mjs,2982,4ce6867b4c3a22b27c14b9e06df47b9fba5d45e71bf1918192eb36cb4d9956ad,.mjs,SOURCE_CODE,false
apps/desktop/scripts/build-electron.mjs,5275,50ac2004fbccf8ec9c722cf8824b7b7fe3ad120b3ba1f79006063279d63ba16d,.mjs,SOURCE_CODE,false
apps/desktop/scripts/build-signed-windows-release.mjs,9449,dff538b52e4b0cd7eb0ebd5226f47c8509d965af48a4567bb53784f0fee14b86,.mjs,SOURCE_CODE,false
apps/desktop/scripts/dev.mjs,727,49cace126714fae314d37f3ff67e912b3359dfb79070368361b8e9c540c19cb0,.mjs,SOURCE_CODE,false
apps/desktop/scripts/electron-fuse-policy.mjs,452,b6bc24ee26cce0ac7ac7a239113d7fa7748e4c608aeb8d3574c5fc9ba7438ac8,.mjs,SOURCE_CODE,false
apps/desktop/scripts/generate-brand-assets.ps1,7141,136e3de3d7f25859f82d40d439a2697b270690a5b55e28dd1a77598f1829b1dd,.ps1,SOURCE_CODE,false
apps/desktop/scripts/generate-license-rtf.mjs,458,87304be584521bf870bdb835ad89a7014c3f577b0c3c3f68fa90823f1063e390,.mjs,SOURCE_CODE,false
apps/desktop/scripts/ilk-kurulum-gorselleri.mjs,1385,862dd73280eb77e864c70f3aa6cbfef50c90425c14b136d3a33a544f9c14d36c,.mjs,SOURCE_CODE,false
apps/desktop/scripts/ilk-kurulum-gorselleri/yakalayici.cjs,244,0b66929adabb383b6d5f547ec6b871c09c72667c15d9055ab425ff7f3c3ab576,.cjs,SOURCE_CODE,false
apps/desktop/scripts/ilk-kurulum-gorselleri/yakalayici.mjs,3290,e907e038258c65aed701723631e54fdffe7d6dbc6662aac076e63c3234c78e5f,.mjs,SOURCE_CODE,false
apps/desktop/scripts/legacy-upgrade-data-preservation.mjs,2826,39e09acc1f1a13f47ddacd4bf8400c76cb8617b1dc2c2b7ad4b49f1ac0689340,.mjs,SOURCE_CODE,false
apps/desktop/scripts/license-rtf-lib.mjs,813,b97fa12a9130dd8948e0c889befec900cb3930bf9f054014809a928c95f71bb1,.mjs,SOURCE_CODE,false
apps/desktop/scripts/repair-electron-asar-integrity.mjs,6124,65da8fab75777f67f14a86dd2e8d0b7ecb8f12e9bac8ac00da2c86b59c11a08f,.mjs,SOURCE_CODE,false
apps/desktop/scripts/run-electron-builder.mjs,19055,31f3cebd5832f835c5066a51736335d5a48c4446bf033f05b6fcc7fe8d69c69c,.mjs,SOURCE_CODE,false
apps/desktop/scripts/surum-palet-ekran-goruntuleri.mjs,1534,015f857c1d78e20e2f47641e6bdce527b4907724e4a0b57e95167004a989cf96,.mjs,SOURCE_CODE,false
apps/desktop/scripts/surum-palet-yakalayici/package.json,140,34a7f1701c2bf8316408b270db8833a26411bcd3c4490b6d2b2c6d288f1a552c,.json,ACTIVE_REFERENCE,true
apps/desktop/scripts/surum-palet-yakalayici/palet-yakalayici.cjs,206,f9feaf13ae257dcccf6e228b2fad6253607ad69d4568240364d2af2aae9dd06e,.cjs,SOURCE_CODE,false
apps/desktop/scripts/surum-palet-yakalayici/palet-yakalayici.mjs,11500,7e0baa8e85ad9a45fcf18a87ba0107a16ed8fea0ca412f4c299e29d8bc96d837,.mjs,SOURCE_CODE,false
apps/desktop/scripts/verify-installer.mjs,17675,975fe0c09577909380f7e55636f4d98c1db28cf9b8981b2133127ce109104fcd,.mjs,TEST_OR_GATE,false
apps/desktop/scripts/verify-license-rtf-sync.mjs,1016,b7bbfe8b06defbfd902d338c821486b46adeea921173f5ef83f10a4ee771d52d,.mjs,TEST_OR_GATE,false
apps/desktop/src/main/accessibility-preferences-application-adapter.ts,4843,fac146f2141605c0bf309d8abb544fc277908e766b818b5cb089b72008bace20,.ts,SOURCE_CODE,false
apps/desktop/src/main/ai-consent-application-adapter.ts,11064,c7d9ce6b5d856eaab4cb61a5fa5e48215f305f875f4cff5389fc8356e92e9848,.ts,SOURCE_CODE,false
apps/desktop/src/main/archive-application-adapter.ts,41550,4bc59b818f22cbb53e1d036ec179d8ae8f096288ddf23e286068365ef92e63ac,.ts,SOURCE_CODE,false
apps/desktop/src/main/archive-production-policy-runtime.ts,51482,9c68e63fd47f173c59773b0bf71ce0e1be9ac54cd4888bf3877ec7374a5223df,.ts,SOURCE_CODE,false
apps/desktop/src/main/archive-vault-file-application-adapter.ts,10877,2b728b5d7cbbce8eb83501a1a3e5aba1ff1929675b24493d0857d5b857caffa6,.ts,SOURCE_CODE,false
apps/desktop/src/main/archive-vault-key-provider.ts,7204,352903e3d492e5a1a8ef2808ea3d8b5123bfdb790bb4f5ef0ae74aa724e5a30d,.ts,SOURCE_CODE,false
apps/desktop/src/main/audit-read-application-adapter.ts,1127,3b79e57831b1606b6d815900f1ffe84a0fe275850fed422e4cb27d9bf0e86314,.ts,SOURCE_CODE,false
apps/desktop/src/main/audit-write-application-adapter.ts,1238,4e9ccc99adf1e183fc8675a74ad489d973d0d02843ad900782858987a996e91e,.ts,SOURCE_CODE,false
apps/desktop/src/main/auth-application-adapter.ts,17021,2a56d513bb8179b00c967448c009d235266fd75d315e9bc73d7f5d280c737b29,.ts,SOURCE_CODE,false
apps/desktop/src/main/auth-security-application-adapter.ts,4564,d778609c5588f4724a08541fa908a82e19e218efaa3fffc0a04bbca4b307f458,.ts,SOURCE_CODE,false
apps/desktop/src/main/authorization-application-adapter.ts,11903,a0fdda4dd88685d7ee2b337ce372f48db87f1c2bba78d8eccc101abf01e87bb3,.ts,SOURCE_CODE,false
apps/desktop/src/main/automatic-clean-backup-rewrite-service.ts,16089,ba44b1aca3ba79e529f2829cb6f79bc3028981f15e68279557c3a08bacece3eb,.ts,SOURCE_CODE,false
apps/desktop/src/main/automation-application-adapter.ts,15587,36bef2d544e63cf22d7f53c9e35b40db07fed4eaa06d61601ec81049b0a6c348,.ts,SOURCE_CODE,false
apps/desktop/src/main/backup-application-adapter.ts,2423,c926adf176006429197098492a17e53889519c135f59e1065999d8593e43290e,.ts,SOURCE_CODE,false
apps/desktop/src/main/backup-container-v3.ts,8229,c64c500b69fbedfd3bc1427c080f324feea790927fe0eaf1b1e667d171e9c64d,.ts,SOURCE_CODE,false
apps/desktop/src/main/backup-propagation-application-adapter.ts,3550,7e78ca2b3ba0a748f2e818fe72386fc6a11dc3775c290817dac220c17396bd62,.ts,SOURCE_CODE,false
apps/desktop/src/main/backup-purge-propagation-file-application-adapter.ts,5306,f2cefe45e90f65d4b138f8a7716c97be11e0c668a12ecba856f85f684b0f96a7,.ts,SOURCE_CODE,false
apps/desktop/src/main/backup-quarantine-application-adapter.ts,2952,c6247504ddd6d0d8301403c2820a6c1043e05744c706e6f1d3d181cdace59fdf,.ts,SOURCE_CODE,false
apps/desktop/src/main/backup-quarantine-file-application-adapter.ts,7937,c64f641641187b08146fded9466be01b839854ef5ded4f88d2dd172c449e82f2,.ts,SOURCE_CODE,false
apps/desktop/src/main/backup-target-file-application-adapter.ts,4088,97f3d9161947ab4840610a81dd0780903404558c3195ab6b607bb6289c84f233,.ts,SOURCE_CODE,false
apps/desktop/src/main/bootstrap-application-adapter.ts,2250,faefe3bcc79b09167665fc69e07a09a9dfa72fa13fa53f88db7952c999cb4ddd,.ts,SOURCE_CODE,false
apps/desktop/src/main/child-education-coordination-application-adapter.ts,10562,e35cf69de85cee9a067c931946ca3af2bba987876fa368dc4792a3ea70c81783,.ts,SOURCE_CODE,false
apps/desktop/src/main/communication-audit-archive-application-adapter.ts,5509,61b4d4ab616e58a091f539fb1d9558e1e6e6257beed1243ef4b26d83b0eff8c2,.ts,SOURCE_CODE,false
apps/desktop/src/main/communication-call-preflight-adapter.ts,10630,ce9f26cab65b4a4cebcb00aea4288f86ce684ec1b7ffe8ffcb98db8c08481fbb,.ts,SOURCE_CODE,false
apps/desktop/src/main/communication-file-payload-vault.ts,34638,b82c77f23a866d509c61359e28e3e3dc7534ef05c5503156689251e0af380164,.ts,SOURCE_CODE,false
apps/desktop/src/main/communication-file-sharing-application-adapter.ts,6798,4049fdda5965878253776844f1ddc5ccab4e79336864d43ce5e44e7e4a0640f2,.ts,SOURCE_CODE,false
apps/desktop/src/main/communication-message-payload-vault.ts,19402,da48f0066bdd71699f4396ffeed31912d08153c3429e0135626b94067a77b650,.ts,SOURCE_CODE,false
apps/desktop/src/main/communication-messaging-application-adapter.ts,12884,5f7ae7ec4421695fe2a9b79221423520b635022dff1b22325cead3548f88898d,.ts,SOURCE_CODE,false
apps/desktop/src/main/communication-realtime-calling-application-adapter.ts,8581,8171cf186e0f74f63ea8a06f6e0b3c25074bac467cafc4f0dd0447a57a97eb0a,.ts,SOURCE_CODE,false
apps/desktop/src/main/communication-recording-retention-application-adapter.ts,7649,5216d521c661756138cd2451807e0f0b684b025e12f24566f662fbf9a76a42ce,.ts,SOURCE_CODE,false
apps/desktop/src/main/communication-security-application-adapter.ts,12090,570be54b532ef45e778d8d32781f90e74ad50b26c4794b5bf77c6bd32e6dd78a,.ts,SOURCE_CODE,false
apps/desktop/src/main/companion-sync-envelope-adapter.ts,3592,453f4e626f157a29e4fdd4132250dad8c10b28abe02386189e2c9c2854935990,.ts,SOURCE_CODE,false
apps/desktop/src/main/core-service-application-adapter.ts,2953,845032c9abefd5bb9102e4a16faf2615226001572b25b92db658c9c33563ae92,.ts,SOURCE_CODE,false
apps/desktop/src/main/core-service-companion-manager.ts,11663,fcc8fde466d74cbe33a1b3d657f9b0706b3fc5f87548550e7bec851c8d87b037,.ts,SOURCE_CODE,false
apps/desktop/src/main/core-service-startup-connection.ts,22246,ccda4970cc6d4b1eccaaf9d7604d07a35df1e5b2cfd05e8524b039479ab74190,.ts,SOURCE_CODE,false
apps/desktop/src/main/dashboard-application-adapter.ts,2424,e801cf0b02e50564f6b07c10d892ba9325a9f173f409c8bcf6ce242b49c62af2,.ts,SOURCE_CODE,false
apps/desktop/src/main/data-lifecycle-application-adapter.ts,12559,6dc5037f1e8e293cd30ca405bc1e128928a252c9fb68e37f75955802b7272548,.ts,SOURCE_CODE,false
apps/desktop/src/main/data-repair-application-adapter.ts,4721,b22bf37524b72c65d6a0127ce43dbd2e9107eed33605161511041e26a34b318a,.ts,SOURCE_CODE,false
apps/desktop/src/main/data-store.ts,549996,912289b4b8c3a2ca5234ff7e14f9d7de00d0f02b4fcafe9a903ab70be78c0e16,.ts,SOURCE_CODE,false
apps/desktop/src/main/database-export-file-application-adapter.ts,1257,76bb34e34abec8765915ae6c9c255051a26f8fceaeb07278ba633f3796dd70b0,.ts,SOURCE_CODE,false
apps/desktop/src/main/database-migrations.ts,452,96147b84753b7e3f56667ed17671c047459ac44a0341f788c679e3c855ac1667,.ts,SOURCE_CODE,false
apps/desktop/src/main/desktop-repository-policy-scope.ts,8472,36d9713702f497eb91f1f4ba310977412883f75ead651b0450bacbc440deda5b,.ts,SOURCE_CODE,false
apps/desktop/src/main/desktop-universal-api-policy-enforcement.ts,12612,b862e8c131d00c1c577b690a818160a8a0a7c14cba91678b4d3ad5fa744b013c,.ts,SOURCE_CODE,false
apps/desktop/src/main/device-identity.ts,7914,4d6e4a2b141782e71444cce0b4c814f5a8b9e2061314118916dc479566deff8c,.ts,SOURCE_CODE,false
apps/desktop/src/main/device-secret-protector.ts,353,68f752eef443d470634d70cb1d4b248413012e8c7463eb9955b096455a65445b,.ts,SOURCE_CODE,false
apps/desktop/src/main/entity-catalog-service.ts,10780,c9f033247857767df57694965cc259816c3888a15ba53a8f312dc26534cccd23,.ts,SOURCE_CODE,false
apps/desktop/src/main/event-handlers.ts,8070,c0731f83f8020e18564a6e563b1dd47f5f1c6c1395c02eaa9084b28a75063103,.ts,SOURCE_CODE,false
apps/desktop/src/main/external-backup-evidence-crypto-adapter.ts,1874,f6718cb1f3a5615ef0f0f75d35c9c1d9ebc7820a87710d452d9b1bbf73105126,.ts,EVIDENCE,false
apps/desktop/src/main/external-backup-inventory-application-adapter.ts,8426,595111f98b606f6df5afdf724f6a630330b56e8ed8bca1351327bcf5d81e5051,.ts,SOURCE_CODE,false
apps/desktop/src/main/factory-reset-manager.ts,4558,4f13a25b2b3094647ba8cefcfc5d9470e1746e73fb2f41e1b4564039affcdcab,.ts,SOURCE_CODE,false
apps/desktop/src/main/family-ai-assistant-application-adapter.ts,14710,ccdf4392bf0d08e90a76547f730c0b181330679b3ce47b30d7eec994192965e6,.ts,SOURCE_CODE,false
apps/desktop/src/main/family-application-adapter.ts,6063,681b09bb2d4d0e48b3f98bc3d71e043c43a894ed58d1572bbe7acdc962eacf06,.ts,SOURCE_CODE,false
apps/desktop/src/main/family-data-import-policy-batch-runner.ts,6918,4af5d0bd53b05dbef3b8c9e78796043f4307691c4a123f8303f0117ffe846ebf,.ts,SOURCE_CODE,false
apps/desktop/src/main/family-data-import-service.ts,67653,b591b8b557e2b21eccbf2ae7da71206c5655d5a9e8e0fbe1f6803ba6154c2202,.ts,SOURCE_CODE,false
apps/desktop/src/main/family-database-runtime.ts,2494,6ea5852a1a305f5b5093e517176e707ed26ed047ea4f265a971edaccf402ba52,.ts,SOURCE_CODE,false
apps/desktop/src/main/family-meeting-application-adapter.ts,10840,3ec5563ae23cc6cb153c5d79d0b2801e85be80b040b7ea0a89030e2d1840081a,.ts,SOURCE_CODE,false
apps/desktop/src/main/family-meeting-minutes-vault.ts,16091,9c77575ea234970a996511122e9125d87ea2472832a93f6844b957a1d49c1fe7,.ts,SOURCE_CODE,false
apps/desktop/src/main/family-mutation-revision-service.ts,1441,bde5babcbc14fe07be12607600864abe9e12ce8d741329ad72fae6679166c859,.ts,SOURCE_CODE,false
apps/desktop/src/main/family-storage-layout-application-adapter.ts,1396,968e03119b51e6d2a072af4b76fbdad06ee2b08662917b3d88c510c94bbbc94f,.ts,SOURCE_CODE,false
apps/desktop/src/main/finance-application-adapter.ts,33802,8a185db1b1d11a0b4912d9a60cd3d6036203246ca852fa74b9f9f32c5a731ef9,.ts,SOURCE_CODE,false
apps/desktop/src/main/finance-import-file-session.ts,31997,d18ea81cb095dd14ea31e4489d67628b7e68749696c37f329d3f7d1d0acca5af,.ts,SOURCE_CODE,false
apps/desktop/src/main/finance-production-policy-runtime.ts,40661,4572aeee4f579a5e8827076f3bd377365d1bee8c4bdd69b4a0ed416f9a88f692,.ts,SOURCE_CODE,false
apps/desktop/src/main/form-draft-application-adapter.ts,4660,c8e8c580e0f7144d8a67f54b56bbdd56c9f0dabca14dfdcf2f6624b085af58eb,.ts,SOURCE_CODE,false
apps/desktop/src/main/full-backup-file-application-adapter.ts,27897,236b4deed8f9aa6580afb44da68921d73c114cb61eaa38c2e4e3b626bf59f8a6,.ts,SOURCE_CODE,false
apps/desktop/src/main/genealogy-application-adapter.ts,2546,985a651cb6065436d37a3d02b26f965a73464e72e1c0aa395cf4c382575800c6,.ts,SOURCE_CODE,false
apps/desktop/src/main/governed-network-egress-use-case.ts,3530,7b923a5a269dd03fc37cf5b2db5bf1073e20ca3799f6aeb849ad53b5a1c88aa9,.ts,SOURCE_CODE,false
apps/desktop/src/main/health-application-adapter.ts,31734,9457f8deff6d2d2627ceed8a4048e80b2847cf0bc069063acbbc4dbe0b6ec11f,.ts,SOURCE_CODE,false
apps/desktop/src/main/health-production-policy-runtime.ts,44625,c30f31b384363f61066a884b63d0c99f08aef84bd37dc6601f6bab03f5df6e46,.ts,SOURCE_CODE,false
apps/desktop/src/main/household-membership-application-adapter.ts,7420,3f0f374cf6f6776b116943c9239e11747ad11e011b7887cc3a888bb26c4a5a89,.ts,SOURCE_CODE,false
apps/desktop/src/main/household-operations-application-adapter.ts,6995,076d082eee6e8c7973d9babbb6291911ba1d90ed5d45e09aae14dfe1a8214fbb,.ts,SOURCE_CODE,false
apps/desktop/src/main/identity-access-credential-application-adapter.ts,16965,ecf37de28cb22598965f3c1e197ca7b90f7d9c7195bbddc83f268c32b42f4015,.ts,SOURCE_CODE,false
apps/desktop/src/main/identity-access-operation-token.ts,5668,8c4fa64a935d302d5a5ff403388fead4d7aef0f1a4859a50de4facf4fa4dda33,.ts,SOURCE_CODE,false
apps/desktop/src/main/invitation-token-application-adapter.ts,479,213852ed2deb7476efb3e4759eae4f9a8a36e9718ebfa2f9456131e8d35dfa35,.ts,SOURCE_CODE,false
apps/desktop/src/main/ipc-adaptive-budget-maintenance-authority.ts,3562,dafc081dfc3801a28b0d0a40f1cd0d1f42eef0fecc89186899042adb8bee2e00,.ts,SOURCE_CODE,false
apps/desktop/src/main/ipc-adaptive-budget-maintenance-lock-recovery.ts,6871,3cd66ae687163c49c2affef4285b9fed26a52892f35b427d44a96ed5cfc0fc2e,.ts,SOURCE_CODE,false
apps/desktop/src/main/ipc-adaptive-budget-maintenance-reauthentication-guard.ts,9706,dbec88461529f4946803528dfcf25057946010e1097b13021d93ef22adbaa0e3,.ts,SOURCE_CODE,false
apps/desktop/src/main/ipc-adaptive-budget-maintenance-reauthentication-state.ts,18954,e57815e55cdf64ddaf6c2efc9fa1f15db81ef8e479cdcddcbdf5853167e0f808,.ts,SOURCE_CODE,false
apps/desktop/src/main/ipc-adaptive-budget-maintenance-session.ts,6967,3bdb9f86f5549f07f5fcf85f956d9c7d794e38683b66f4f50202a9694ef08828,.ts,SOURCE_CODE,false
apps/desktop/src/main/ipc-adaptive-resource-budget-state.ts,25419,cedc0c94ebc963e8efeae08bb175be02100f85f412abc2f6146b7eb5746c85d8,.ts,SOURCE_CODE,false
apps/desktop/src/main/ipc-adaptive-resource-budget.ts,17701,9217e4e4141d6553a67cb5f75e16a98786a18283cb1242d94aa17c3eff72ff81,.ts,SOURCE_CODE,false
apps/desktop/src/main/ipc-integration-policy.ts,453335,d4784921a96a21226697239dbf5e2faa3dfca98c8ee30b5e8286b25bf1728bfb,.ts,SOURCE_CODE,false
apps/desktop/src/main/ipc-payload-security.ts,6162,be55599b4e89436c54a36021059e4cc202bfb1fcdebf311e33e577454332f2f4,.ts,SOURCE_CODE,false
apps/desktop/src/main/ipc-performance-telemetry.ts,13217,3598cca0312205dcc2aa452624a725f088e84b79ef2b05d2a26fd7a023a78478,.ts,SOURCE_CODE,false
apps/desktop/src/main/ipc-read-sharing.ts,18830,6afd17965b90c19a067b01d53fd970f8450d53e2566d42cd16cd68b0d7bcc565,.ts,SOURCE_CODE,false
apps/desktop/src/main/ipc-request-lifecycle.ts,56655,c3bd135fd7f2ba466f4011dfdda67f1d97cefb83b007357d8057f2085467bda3,.ts,SOURCE_CODE,false
apps/desktop/src/main/ipc-runtime.ts,24455,23ab618027324c2011d29b289f8ee83da65017157474a7aac2cc8713fadc33d3,.ts,SOURCE_CODE,false
apps/desktop/src/main/ipc-sender-trust.ts,3703,bbe00f9395b29919f6e789fd1e463ad0d4e1cd4a62d0c43de5fab1d16c81c9b9,.ts,SOURCE_CODE,false
apps/desktop/src/main/ipc-transport-context.ts,10693,a525324f7589517f4d9076d6ee5c7da31d0c84165fe29d5a2d1e6d7cbaec3e47,.ts,SOURCE_CODE,false
apps/desktop/src/main/large-family-read-model-service.ts,13736,24fe4e33fcc1cee727354fa8912eb060fe3ec4f605e4244d95862041eef019a7,.ts,SOURCE_CODE,false
apps/desktop/src/main/legacy-application-adapter.ts,8119,075850831c9ddfa1b7fb43315bb1da14f82ce313cc9a283260a73c9a3fdb6db9,.ts,SOURCE_CODE,false
apps/desktop/src/main/life-application-adapter.ts,29716,4e4295de4cf210aec32da9080481c364678ce11b21e5c9837b3e72ab56b0c07c,.ts,SOURCE_CODE,false
apps/desktop/src/main/life-production-policy-runtime.ts,61528,0db5a81edb258f285d362533b8b7122263bed0d86df843a388099bf315061b81,.ts,SOURCE_CODE,false
apps/desktop/src/main/local-family-ai-model-adapter.ts,7220,a8d2051e2d0a5fa85da57786a851c305057e56a4d58d7424c7c1bde9003d6975,.ts,SOURCE_CODE,false
apps/desktop/src/main/local-governed-ocr-application-adapter.ts,58562,8ba2a5aa6857f4d68b3bd85a086944c964ba1c968911486b96e70967a3a21b49,.ts,SOURCE_CODE,false
apps/desktop/src/main/local-governed-ocr-result-vault.ts,30232,eedc0b7a5444fe5915abd9ec902c27f9f0922efae213e44bb01c2a03159b23e1,.ts,SOURCE_CODE,false
apps/desktop/src/main/local-governed-ocr-runtime-adapter.ts,28262,af573ad4b8294093989391f88e9194a3011afb1af903dfff0ada881844497164,.ts,SOURCE_CODE,false
apps/desktop/src/main/local-governed-ocr-search-index.ts,9029,2b0d6613e1a85006eb5699ae93827808079a992de420aa320c37d9bded67cf4a,.ts,SOURCE_CODE,false
apps/desktop/src/main/local-ocr-engine-adapter.ts,2326,d7fc736778de407bc2b26ea4fe75469f534f2c6d0d33131ce75edad5249b1836,.ts,SOURCE_CODE,false
apps/desktop/src/main/local-ocr-input-adapter.ts,4794,d85b227b6387ddc66e1854d6b3ebc6f0b6261aa2dd0ab7dbfd41179ec81c18f3,.ts,SOURCE_CODE,false
apps/desktop/src/main/local-ocr-worker.ts,12652,bf720a23a3a3499cb870d721d60f1a2e9c768c5b21cc871833ef725ca98b13d3,.ts,SOURCE_CODE,false
apps/desktop/src/main/local-translation-language-application-adapter.ts,6625,7510355abd8d82da35b3d099f5a881f732890bfe4347944135e23d7ed1547c00,.ts,SOURCE_CODE,false
apps/desktop/src/main/location-application-adapter.ts,16380,7cd86d6a60ed17d809a05dfbb37746f7dd5712b6b58ef62b06dba35a95e0d90e,.ts,SOURCE_CODE,false
apps/desktop/src/main/location-production-policy-runtime.ts,45053,3468cee442e940fe43696f2a97d95911c45c575f5e4333c0d6365daba049bbc6,.ts,SOURCE_CODE,false
apps/desktop/src/main/long-term-portfolio-application-adapter.ts,15179,bb5bb40b73e0db403ef2843f7d727733786688eb5f9c4de360215be18c56ea8a,.ts,SOURCE_CODE,false
apps/desktop/src/main/main.ts,241456,c0feba99f68d781a8cf223615b3dee744ed4805db292c42949c86f57d2731f85,.ts,SOURCE_CODE,false
apps/desktop/src/main/managed-backup-password.ts,2858,f11fe683fd23313d162347ce77d24d9fd245a650a289a662287700dabb5376a3,.ts,SOURCE_CODE,false
apps/desktop/src/main/membership-application-adapter.ts,9325,29e519bfc8edba1bea120777401387f1aa804edd184061d5167346afcdab5bd1,.ts,SOURCE_CODE,false
apps/desktop/src/main/memory-studio-application-adapter.ts,7790,a559ac33581f7bccfb5d6f2f1f4c69f9d8bb379ca23280d46c058d4b9ff19549,.ts,SOURCE_CODE,false
apps/desktop/src/main/mfa-secret-protection.ts,2317,167768a32495b2a07e93eccb9a60a045c738e94db89eb2a6ce795a90c52562df,.ts,SOURCE_CODE,false
apps/desktop/src/main/offline-family-map-protocol.ts,5122,2f0514810bb29487396c5505232ca2e995d0ac99efc82889c7caf3545ea3c55d,.ts,SOURCE_CODE,false
apps/desktop/src/main/oidc-deep-link-callback-registry.ts,8781,128a3ae30898c97c544204be15c7b28dd619e677635531938551427620addd5f,.ts,SOURCE_CODE,false
apps/desktop/src/main/oidc-federated-identity-adapter.ts,21740,d13e23b3f777406856e48766c0353ec3bd18d609fc68f686cae7ac2343de5923,.ts,SOURCE_CODE,false
apps/desktop/src/main/oidc-provider-configuration-fingerprint.ts,2374,c938ea1adac5b86e21cd5e0a37d8627cc6126f0306329c38b22ce7ec899020b7,.ts,SOURCE_CODE,false
apps/desktop/src/main/oidc-token-vault.ts,30989,6918f5ebdd98265338b07a58d80b0d06477ff99fc185dfe24a26561ecc81559b,.ts,SOURCE_CODE,false
apps/desktop/src/main/operational-artifact-file-application-adapter.ts,6373,1789246ba742769fbe544ac23115e58936bcaba04b67011890cdb6ab0e5b813b,.ts,SOURCE_CODE,false
apps/desktop/src/main/operational-health-application-adapter.ts,7545,f4b9f30e0ee47210cc75974cf1b393f2e918014a8c3cba70920b11eab0de16d5,.ts,SOURCE_CODE,false
apps/desktop/src/main/person-lifecycle-application-adapter.ts,5571,9ea5f012fcb8a92c5caa1fe883e24f668a6f7a4117fc7c236b96085b5acaf30e,.ts,SOURCE_CODE,false
apps/desktop/src/main/places-travel-asset-pet-application-adapter.ts,9591,52926a187fbc6c5c6168b9af08b19ffc5c4bc934a4ceefe72b6cf5bf321b937e,.ts,SOURCE_CODE,false
apps/desktop/src/main/platform-policy-receipt-file-sink.ts,39698,2e42f2a968d87e7468b273a1bc673c435369dca56f173b868944e61f44b30a40,.ts,SOURCE_CODE,false
apps/desktop/src/main/policy-decision-audit-application-adapter.ts,509,41c57f7e366f248bab4f700769361d81a2a3aef4f1f6edbacc9c54da0cbc79ae,.ts,SOURCE_CODE,false
apps/desktop/src/main/policy-service-availability-application-adapter.ts,2445,d30f39f9afae1d8c71f35ccce46fa6b6963afe2791d6fc42706af40c52d5d786,.ts,SOURCE_CODE,false
apps/desktop/src/main/preload.ts,87684,d14b1f9f9538671e58b0b7f25f288f192ea26d025f671ba51a1fb531fed3b514,.ts,SOURCE_CODE,false
apps/desktop/src/main/privacy-control-application-adapter.ts,9957,b0796ad515e8e369b827dcc9641813bc21383b7b5887873a8b909ae768413928,.ts,SOURCE_CODE,false
apps/desktop/src/main/privacy-data-export-service.ts,6799,7cb059c852095d3096ab6629b292ab18a86ec41ee3586ce7bf4c74db3787d0e5,.ts,SOURCE_CODE,false
apps/desktop/src/main/privacy-ownership-data-rights-application-adapter.ts,22973,317a8444e29892eaa5a43d418d5750b6c0a97355afdc86b8b7257f8b531e3d6a,.ts,SOURCE_CODE,false
apps/desktop/src/main/product-license-manager.ts,8737,35646399dfc8d73b3180dc0cd7143daa40e02dfe514524598b3c686520a51ecc,.ts,SOURCE_CODE,false
apps/desktop/src/main/protected-side-artifact-logger.ts,3202,2bcea57ef85dad0d678124f26720f22e9e69f2227d9cba10ed583a1419fec7ad,.ts,SOURCE_CODE,false
apps/desktop/src/main/protected-side-artifact-store.ts,7056,d64429b77ed5c2745261db422fc7e50f8aceddf29928e661492b466c575279f9,.ts,SOURCE_CODE,false
apps/desktop/src/main/renderer-protocol.ts,1219,ecc9769494a124d5a864cca00746793d86adfe6034afc78c518b649e932e4528,.ts,SOURCE_CODE,false
apps/desktop/src/main/renderer-session-security.ts,4642,d20a9b90942a76fb616291b43ac81338a180577767d36683e0199fba236f7e51,.ts,SOURCE_CODE,false
apps/desktop/src/main/renderer-window-security.ts,2255,61dbfe403a8bd8f08ed2e7d0e7e2d07b9dd87f0bed40e2d06c672906810249c3,.ts,SOURCE_CODE,false
apps/desktop/src/main/report-application-adapter.ts,3964,8d9d0608d023de4f8e4287db6c306674177bae37f03c170333d63295f4b2187e,.ts,SOURCE_CODE,false
apps/desktop/src/main/repository-composition-root.ts,16666,cc54d018e034b1405d9179fbace5064222d09518ea8b1e36e7e1fd57e4f4ef82,.ts,SOURCE_CODE,false
apps/desktop/src/main/runtime-bootstrap.ts,3450,021d403c64a87718097d7151b96a7673a035b46d45740eb600b751de5fe57219,.ts,SOURCE_CODE,false
apps/desktop/src/main/secure-oidc-network-adapter.ts,29252,20a461c0e7d7f12639ede8af6f0616d0e46e43af0e8014ca72446c630a09004c,.ts,SOURCE_CODE,false
apps/desktop/src/main/secure-revocation-list-fetcher.ts,7388,365d1eab575076c628331a8100f10ecefe0771af9ac56f05a682ebbb2eadc878,.ts,SOURCE_CODE,false
apps/desktop/src/main/secure-revocation-sync-service.ts,21481,f3c786bf486c30989e36d890eaee80f2eaa95c7dba75e9c4e7fbde6a60293380,.ts,SOURCE_CODE,false
apps/desktop/src/main/secure-revocation-sync-state.ts,14063,6a4ebfa341a345ea8ef825953bf811917327e08e8ba9c576e6f425e5808510eb,.ts,SOURCE_CODE,false
apps/desktop/src/main/security-event-receipt-store.ts,5107,4ceaeb109b9f028beefc55f6c63316b4fda0f90d6e70ea62dd1b4da9f839b34a,.ts,SOURCE_CODE,false
apps/desktop/src/main/security-event-receipt.ts,3046,12556e1ad73edc4027d40676667ad31907c367115cc61d7d156b4596a6133a10,.ts,SOURCE_CODE,false
apps/desktop/src/main/signed-plugin-platform-application-adapter.ts,9621,b21d5f2ce9c4047e33ac74acf2961e11528fa0af36e964a9c63e0810c9800c9b,.ts,SOURCE_CODE,false
apps/desktop/src/main/smart-home-energy-application-adapter.ts,9969,19465c32b6a3fc79d49ee0a4bd540a46390dcfc94a5ee1ad3776890fd50e5255,.ts,SOURCE_CODE,false
apps/desktop/src/main/source-deletion-propagation-application-adapter.ts,2016,27c17b91dad2630b062885608a7eb692cc93366c96fa94a2e3d97eee01e5b2e7,.ts,SOURCE_CODE,false
apps/desktop/src/main/startup-security-preflight.ts,9500,c67711e0d1a932b2b4fefe3586cce40c15837f1052f6dd7080d75d458f11745f,.ts,SOURCE_CODE,false
apps/desktop/src/main/system-resource-snapshot-application-adapter.ts,2105,da60aa3b2286bb14e489452b5af0191f0bea4406c4582496c324e726b9b14d0d,.ts,SOURCE_CODE,false
apps/desktop/src/main/task-application-adapter.ts,2569,885cfb285a634fa4e8e18ad2f053ea167c997da78e167f4a241de550ff5ade6d,.ts,SOURCE_CODE,false
apps/desktop/src/main/temporary-credential-envelope-adapter.ts,18000,059ba132500b18278244888f174213744fa615e3770e8b43da3a68b36f5c7401,.ts,SOURCE_CODE,false
apps/desktop/src/main/timeline-application-adapter.ts,28662,cacdc4f9e328df089efb63a3d30dbcd8f1d7665b5ed9aa5b6cf129da6641829b,.ts,SOURCE_CODE,false
apps/desktop/src/main/timeline-production-policy-runtime.ts,84140,3b321350ec3ef7fcd25c2e23b64a360c9e46ba8ce3e17585fbd25d842d5a3286,.ts,SOURCE_CODE,false
apps/desktop/src/main/ui-language-preference-store.ts,3598,300ad0690169ce2ea05e3699164930ef6aa3621be9f8395aad5b2725693cfcc8,.ts,SOURCE_CODE,false
apps/desktop/src/main/unified-authorized-search-application-adapter.ts,5176,c42f0dde42a8d5d9e4c9c25fb96e1647f7fa9d22c2ef7bb993f98f18e876d7b6,.ts,SOURCE_CODE,false
apps/desktop/src/main/uninstall-backup-assistant.ts,7522,b118d9ff515bbe1fe8fb738f11c957fd8c46dfe787412ef37d618f82d74fb866,.ts,SOURCE_CODE,false
apps/desktop/src/main/user-data-vault.ts,22497,31dc1567f3492bfbf71e4ba93295f74879a30671d4968fadcedd277439ab8192,.ts,SOURCE_CODE,false
apps/desktop/src/main/vault-session-guard-policy.ts,1014,62acffee5c2230acb127ff851004268052a48258a4d2015ff677f909d4372857,.ts,SOURCE_CODE,false
apps/desktop/src/main/volatile-sqlite-session.ts,8416,3091d0046cdb06b6c6c9e2f2334457627c05be9771590ee91f7dfd1934a7baa5,.ts,SOURCE_CODE,false
apps/desktop/src/main/webauthn-ceremony-adapter.ts,9181,690f15735313e4c47dfd3b96e8c69638098ffe296eb3a67dc8aac56498b1c6c8,.ts,SOURCE_CODE,false
apps/desktop/src/main/windows-defender-local-ocr-malware-adapter.ts,1936,bdb54890443894cbb21ff1193d5dbd987f92c9736d25a70089000fc24924e3b5,.ts,SOURCE_CODE,false
apps/desktop/src/main/windows-efs-protection.ts,3054,4bd47248d933d47e1de1e3858343eef6dfd688c7cd4b55d32abd973defbc62da,.ts,SOURCE_CODE,false
apps/desktop/src/main/windows-hello-platform-adapter.ts,11798,6fab10a24f7fff712e577366b8d5861483f0be5c6fe56ae635d3ffe314f94fab,.ts,SOURCE_CODE,false
apps/desktop/src/main/windows-hello-platform-coordinator.ts,8576,b79b633767314367a7882bcfdf65a27de49bce7dd62e39db717c9a5fa4021ee3,.ts,SOURCE_CODE,false
apps/desktop/src/main/windows-media-ocr-engine-adapter.ts,18266,2b29923e98a275567f64dc4b6fcc4d03b7217c012e46f188d14f25432b24ffe4,.ts,SOURCE_CODE,false
apps/desktop/src/main/windows-open021-efs-evidence-probe.ts,4447,5c9279fefbd29deeac1739417ae84c0c5e242a6fd2ce74643447d94981ec1f3e,.ts,EVIDENCE,false
apps/desktop/src/main/windows-open022-side-artifact-evidence-probe.ts,8686,98f92c0466541c9e9c49269e7438769137645392402aea171f78c5525d917de3,.ts,EVIDENCE,false
apps/desktop/src/main/windows-security-evidence-probe.ts,6886,627da50919f15a41e15d34e85cbb8c21ac396b9b89b60f32bb12b18c280df9ad,.ts,EVIDENCE,false
apps/desktop/src/renderer/accessibility.ts,13650,627885dca8a7dc9c20066455a4592940b0cc19068f07a6516a33c2b3a3eaad67,.ts,SOURCE_CODE,false
apps/desktop/src/renderer/AileFormlariYerellestirme.tsx,7522,1460958278e7d37c8bae7ce2dbecb1e2bf3739e54a80f75c6e4f7162134de9b2,.tsx,SOURCE_CODE,false
apps/desktop/src/renderer/App.tsx,632505,9c564edcb8f5726291e7f701a1806056ca728e4c09db4f27ac4b268b8035ff75,.tsx,SOURCE_CODE,false
apps/desktop/src/renderer/ArsivMerkeziYerellestirme.tsx,10265,b5a09af921e256dc92733437ae3f9b5425c3a753fef1f301e240925dea44e342,.tsx,SOURCE_CODE,false
apps/desktop/src/renderer/assets/brand-mark.png,263237,8eed255430dd27c886ad2808071cfb114923230bd8712db8f03d46d2f0ef641a,.png,ACTIVE_REFERENCE,false
apps/desktop/src/renderer/async-state-guard.ts,4221,ed1bd992c40b8ca6ff2fe497d7797b235fb9e78dad63350e4cbea1430106cafb,.ts,SOURCE_CODE,false
apps/desktop/src/renderer/BankaKurumIsareti.tsx,5385,c89d9a43fcc54ffdf2575f25cc400cefb5a35010ceb9f960fdc8cd64f6b393ce,.tsx,SOURCE_CODE,false
apps/desktop/src/renderer/ChildEducationCoordinationPanel.tsx,20948,5667c9bca14299446603a614ac267ba36a4f7b76310320682e2e6f9c44501960,.tsx,SOURCE_CODE,false
apps/desktop/src/renderer/CommunicationAuditArchivePanel.tsx,8512,827d7c2cb2f43cb6031eebbc173ac8d447bbab9f9ee3fbcc9bd649f6dcab3d6f,.tsx,SOURCE_CODE,false
apps/desktop/src/renderer/CommunicationFileSharingPanel.tsx,26736,2e464a0a361cef13c67f6d7409943d60eff81067a1a3487a9cc6ccb4baebcfa9,.tsx,SOURCE_CODE,false
apps/desktop/src/renderer/CommunicationMessagingPanel.tsx,26089,e67cbd5afbb22aba7d2e9fd44f7575b74530580693ce5f42d4afb17dd8497ca7,.tsx,SOURCE_CODE,false
apps/desktop/src/renderer/CommunicationRealtimeCallingPanel.tsx,16385,199b3817f733a9b397020857b37f7c98dd5c7a63fa902bf984f982410b84d7ab,.tsx,SOURCE_CODE,false
apps/desktop/src/renderer/CommunicationRecordingRetentionPanel.tsx,12418,d9029720cb039d93108ea433b922ad66ae08e67d761ed2ef64462558d4969671,.tsx,SOURCE_CODE,false
apps/desktop/src/renderer/CommunicationSecurityPanel.tsx,15773,93e7995e18503cf881eddbbfbc21dd43321f4374a807c1f96961183f0fd75c4e,.tsx,SOURCE_CODE,false
apps/desktop/src/renderer/DijitalMirasYerellestirme.tsx,4596,a151164d168384039fba4e73498b728bd03c4f3cb2089b501143a0fb63ce1797,.tsx,SOURCE_CODE,false
apps/desktop/src/renderer/DistributedOperationsPanel.tsx,4285,8181b2f5ff1f00c63f7af33cd53c4c8856c498b996d9cf8d0dce07c3ced0586a,.tsx,SOURCE_CODE,false
apps/desktop/src/renderer/FamilyAiAssistantPanel.tsx,14812,82ef33c5b4c7999e659f4c8154ac078e4ca24d2e9794d7e8ca2fdb6b07adbe46,.tsx,SOURCE_CODE,false
apps/desktop/src/renderer/FamilyLocationMap.tsx,9649,be870320ef861c5b7d43f666d013e5e59ff8872a86ef319a978c5968762f12de,.tsx,SOURCE_CODE,false
apps/desktop/src/renderer/FamilyMeetingPanel.tsx,37775,b72ae2ea4250a0ac38b1066a539580164da6258e23b8da4990558c5d81cda038,.tsx,SOURCE_CODE,false
apps/desktop/src/renderer/FinanceImportPanel.tsx,16834,c48fbffd219895d0306d81bd5ca6ae29eb25e4ae350569c18f978681b77fd47c,.tsx,SOURCE_CODE,false
apps/desktop/src/renderer/FinancePlanningPanel.tsx,28712,2eeed56764548cb7932ec40b33c417406051fbe18f467f6313a1cb766adf5c5b,.tsx,SOURCE_CODE,false
apps/desktop/src/renderer/form-ux.tsx,10866,d5efa283a2286284df7fd18e5ed53ade7a3596169bc0e7800f2ecd3929a25b5e,.tsx,SOURCE_CODE,false
apps/desktop/src/renderer/GizlilikSahiplikYerellestirme.tsx,9378,221145484f39c08a749431699d6cfad06a9560a90db129abd09645b3d28f2fb7,.tsx,SOURCE_CODE,false
apps/desktop/src/renderer/global.d.ts,54552,3ef6eea1fdb68ac9ad673075a3745f6836d398d6eff9fc814f96ad819b4ca611,.ts,SOURCE_CODE,false
apps/desktop/src/renderer/HaneKisiDavetYerellestirme.tsx,9702,4740b0362685b325d0d36935f66c00b649e8feead0b5964fcb87ffa82e53925f,.tsx,SOURCE_CODE,false
apps/desktop/src/renderer/HealthCareCoordinationPanel.tsx,18481,897f0ccffc8e2a94091976221d6d90b398dba97a64d54946c11439db562cdd2e,.tsx,SOURCE_CODE,false
apps/desktop/src/renderer/HouseholdOperationsPanel.tsx,23917,20631ee59e3cf9941f204140202bb29e65351db01bad77a99693107b398bdec7,.tsx,SOURCE_CODE,false
apps/desktop/src/renderer/KimlikErisimYerellestirme.tsx,16567,575491bd5dddf583b94fd7611d4e30b1f7fc34f274a591202548ce652a26070e,.tsx,SOURCE_CODE,false
apps/desktop/src/renderer/LocalGovernedOcrPanel.tsx,24983,58cca5847777ec781046842c444564670db46b7481a61a6e1669d41d69d6ee36,.tsx,SOURCE_CODE,false
apps/desktop/src/renderer/localization.tsx,12878,73813738b07e725a9a41fffabcf11f21a460d4ca0079bd86e1dded7e5fb27943,.tsx,SOURCE_CODE,false
apps/desktop/src/renderer/LocalTranslationLanguagePanel.tsx,15053,74d8df8d71dadfc4f05a74956c7e7e0d12c841ea1bfab3c93c5ef11b3b11bc62,.tsx,SOURCE_CODE,false
apps/desktop/src/renderer/LongTermPortfolioPanel.tsx,60187,50411120acbefc6a7f4698775a79ade64bf8932cc7e693c373a89a83d071ea5a,.tsx,SOURCE_CODE,false
apps/desktop/src/renderer/main.tsx,1809,6882f402248756c8fc784378a382be1cafdba0a4890321cacc830ef9e501f125,.tsx,SOURCE_CODE,false
apps/desktop/src/renderer/ManagedLifePanel.tsx,116092,bf994e84417fc363f9d53df61a9d8d77607c281b8a059ce372adf3612ab13bbc,.tsx,SOURCE_CODE,false
apps/desktop/src/renderer/MemoryStudioPanel.tsx,17830,80ebc6d1d8abea30ceee56322b34f779e84d42b3f8af9d2c598371c98815bbea,.tsx,SOURCE_CODE,false
apps/desktop/src/renderer/menu-first-visit-narration.ts,6704,ab4428657b04231490a3a3c535d4a87b688f79d108171661cac5bcef879a0fa0,.ts,SOURCE_CODE,false
apps/desktop/src/renderer/NarratedHelpCenter.tsx,14455,c596e1daf936a7ae0990c67edb251045632a290ee16328f6ffde80e7bbe847d2,.tsx,SOURCE_CODE,false
apps/desktop/src/renderer/navigation.ts,1784,5f1d0e85dc850ba803b809c2e3e36b905f0f67a6f66ef074f2cd09eeeb21bb03,.ts,SOURCE_CODE,false
apps/desktop/src/renderer/PlacesTravelAssetPetPanel.tsx,24888,a11a7c757ba2920929d9d67b9382fa5c9e320c23169b7327f68199e038253395,.tsx,SOURCE_CODE,false
apps/desktop/src/renderer/route-async-state.ts,3069,ebf9185bf825765b3918d00c1f9c4575a310cfbd546ded470ae8ee971e29f551,.ts,SOURCE_CODE,false
apps/desktop/src/renderer/security-center-navigation.ts,1190,a9ad602e45f7fc67677cc4c802a1579379b72ed82ecf1b156d3f33a8352e8eb6,.ts,SOURCE_CODE,false
apps/desktop/src/renderer/SignedPluginPlatformPanel.tsx,8807,e0bc92493a1582c7627b5604afab2ecafba6d71a5767d4be6430774f7d3e0b45,.tsx,SOURCE_CODE,false
apps/desktop/src/renderer/SistemBakimYerellestirme.tsx,32235,2df6efe47617444ba3b56d669ff181660761b6935d0cb7d10c98338f319496de,.tsx,SOURCE_CODE,false
apps/desktop/src/renderer/SmartHomeEnergyPanel.tsx,14448,4f904fe3c388f6771f069238ad56115184cebf1f47c1085e52f089b537756a0d,.tsx,SOURCE_CODE,false
apps/desktop/src/renderer/styles.css,175428,c7d9ee28dca5ad8fd977d2c470526b1e1b365338c54f5d7474ae1d0909d8570b,.css,SOURCE_CODE,false
apps/desktop/src/renderer/TaslakMerkeziYerellestirme.tsx,4758,942e69477c79b26bb6074c7d500feb2a6868f2e7e4a21c976bfddb699fa95acf,.tsx,SOURCE_CODE,false
apps/desktop/src/renderer/typography.css,10286,29988b66afb8a1097db65948da7d5710de0d2232b6bc05b5b0c86918d522d5f5,.css,SOURCE_CODE,false
apps/desktop/src/renderer/ui.tsx,5336,59d6c7c81a777ee1c9b6b2d564f05bc405b2b3020cf42c5abaca66783c8257c0,.tsx,SOURCE_CODE,false
apps/desktop/src/renderer/UniversalUxConsolidationPanel.tsx,8570,7be52d9b00bb44429654624c816bc51d7a870c7188857040f142664c853f3db3,.tsx,SOURCE_CODE,false
apps/desktop/src/renderer/user-facing-error.ts,2033,b84486ee6a1a7b28b5709dbafbd219414a4fede176c246adb0f9db86803abd7c,.ts,SOURCE_CODE,false
apps/desktop/src/renderer/VeriOnarmaOturumYerellestirme.tsx,7412,8f49f2e1f61e3dd2f49bca9493a0e0835ff6568c06d3e1d15d7d8bf56a336221,.tsx,SOURCE_CODE,false
apps/desktop/src/renderer/VeriYasamDongusuYerellestirme.tsx,17421,f3cd9d3dbfe244a7b6eb318993b32eaee795404c9bc978c67bb723a5bf8042f8,.tsx,SOURCE_CODE,false
apps/desktop/src/renderer/WindowsHelloYerellestirme.tsx,5088,b9d4f8a2b6750a3e79b529ddd9e300c750c61d20cc8e987637b1ad55217d3ae9,.tsx,SOURCE_CODE,false
apps/desktop/src/renderer/YapayZekaYonetisimiYerellestirme.tsx,5298,5be9a8542f590ca4fd38436e314f9c844cb7aa7c25453d02e9282742abb44bfc,.tsx,SOURCE_CODE,false
apps/desktop/src/renderer/YasamSaglikOtomasyonYerellestirme.tsx,6808,31b4cecbfe40929054a9742add0a13cbb73b770f2ada0fbd15876113fe7bb800,.tsx,SOURCE_CODE,false
apps/desktop/src/renderer/YetkilerYerellestirme.tsx,7969,ddd4301d83c73ecd6649e612e4b36071ba5c4f4c2b354df827a3d927844d52a7,.tsx,SOURCE_CODE,false
apps/desktop/src/renderer/YonetilenYasamYerellestirme.tsx,35413,8f1752926e5ad45961c8cc290b5dd0073c61b4e8308a540e3b1631aef6b08bf3,.tsx,SOURCE_CODE,false
apps/desktop/tests/accessibility-preference-center.test.ts,7657,0987072e0e92172ed31e93e6e3950062205b966a066b4ffbef8dc4099c7a6c07,.ts,TEST_OR_GATE,false
apps/desktop/tests/accessibility-preferences-ipc-integration.test.ts,2145,cab7143f109ab34a0c55fc8341e1b4247bb1d9948ae91915362b4d184eaa421a,.ts,TEST_OR_GATE,false
apps/desktop/tests/app-shell-localization-wave-nineteen.test.ts,4917,fa100aff9f600e26208daec295567ab7edae203e67d726e9e30ad614a225de3f,.ts,TEST_OR_GATE,false
apps/desktop/tests/app-shell-localization-wave-thirty-five.test.ts,1586,b42924821a084382ebf767e2a5e27a752e93188a24e51c29a9b9b08c74a4f80f,.ts,TEST_OR_GATE,false
apps/desktop/tests/app-shell-localization-wave-thirty-four.test.ts,1893,6d176454c3550fb0ddd05ce1b8d0b720f8f62d12cde4c7340d9c8f005291dda9,.ts,TEST_OR_GATE,false
apps/desktop/tests/app-shell-localization-wave-thirty-one.test.ts,2226,da36332583e3e3a4bf8aec53820439b1b6de50326be7869cabd338e72a6490cc,.ts,TEST_OR_GATE,false
apps/desktop/tests/app-shell-localization-wave-thirty-six.test.ts,1497,5e28dd39148af6831cacf90daef4bf8f437266b1574bc09b7b6007fe41e289b8,.ts,TEST_OR_GATE,false
apps/desktop/tests/app-shell-localization-wave-thirty-three.test.ts,2066,f1a95d5ceee2505628d7c86e3fdddd087901070c9205a07f509fe7da241ca886,.ts,TEST_OR_GATE,false
apps/desktop/tests/app-shell-localization-wave-thirty-two.test.ts,4320,abf0f2ea48115535f873bc74f23e26500f6240e5bf1479e4136008654004504b,.ts,TEST_OR_GATE,false
apps/desktop/tests/app-shell-localization-wave-thirty.test.ts,2095,258fcf5b05abe6df5ff0dcda95ef37b50a780171ad52be85d6e88d5171b305ea,.ts,TEST_OR_GATE,false
apps/desktop/tests/app-shell-localization-wave-twenty-eight.test.ts,2273,fdd7cd8810abc80ee1a00cafa7f949250f48e9e31d6c7279d7d2dc843db2db71,.ts,TEST_OR_GATE,false
apps/desktop/tests/app-shell-localization-wave-twenty-five.test.ts,1184,35aa4e8083f7d8ed7cba47dd7c371b9bef72bd5f94d65681f15b6dffe2f0efa1,.ts,TEST_OR_GATE,false
apps/desktop/tests/app-shell-localization-wave-twenty-four.test.ts,2701,065b82afb09cebe1fa060e670d6248a1cc9fb5263bdbed642cba3e77aff7ea0a,.ts,TEST_OR_GATE,false
apps/desktop/tests/app-shell-localization-wave-twenty-nine.test.ts,1628,c355be338af95f874f5e3858b922ca48cb296cc3cd873ae5980f1ce14ee9a04a,.ts,TEST_OR_GATE,false
apps/desktop/tests/app-shell-localization-wave-twenty-one.test.ts,1106,f3685b2fb0a510946a47eba3b11c43eab7efcba02805dc5dc1bade817f3ed745,.ts,TEST_OR_GATE,false
apps/desktop/tests/app-shell-localization-wave-twenty-seven.test.ts,1604,55a4d4a2ca7048830b9f16fa686e8fe5814e50430d181695831f4df78fb23cc4,.ts,TEST_OR_GATE,false
apps/desktop/tests/app-shell-localization-wave-twenty-six.test.ts,1666,f20e490b067dfbfc63c4d78742ee53f6ad3a6cfe041eb6afe79c24aa6465a7bb,.ts,TEST_OR_GATE,false
apps/desktop/tests/app-shell-localization-wave-twenty-three.test.ts,2583,efac27c1e491428c0cf64d36307792e83a2d279bf1c76b6bde58666bdab3b975,.ts,TEST_OR_GATE,false
apps/desktop/tests/app-shell-localization-wave-twenty-two.test.ts,2059,dccf4db12c10723d0276d64ea8964e08c4dc86e62bd5d1acdc0a0a65cbc9750e,.ts,TEST_OR_GATE,false
apps/desktop/tests/app-shell-localization-wave-twenty.test.ts,2662,f0b8c6cd13c9332a1504fe692cee1ba99cc3969e8b8c20d4c6af6e9a0b4605a2,.ts,TEST_OR_GATE,false
apps/desktop/tests/app-storage-enum-labels.test.ts,9682,5f45467639a6cb5e9943c86d907e02f7cb8eeae9c67f368b0ccfd871ea5b1e43,.ts,TEST_OR_GATE,false
apps/desktop/tests/archive-accessory-receipt-fence.test.ts,18381,08410f2e956e381c8d226b0a66da1c35fbeb8ddccbd39222c39cd1919fefad7e,.ts,TEST_OR_GATE,false
apps/desktop/tests/archive-core-table-receipt-fence.test.ts,19795,e6cbaa1872a0083084edf14cd44f02d315e278441bed121f73df3d1f5d16c9bf,.ts,TEST_OR_GATE,false
apps/desktop/tests/archive-durable-policy-transaction-runtime.test.ts,54834,5c8f7091c81712b785fb6310afd68ddf504f26472209966cd1b46e2b66c287e0,.ts,TEST_OR_GATE,false
apps/desktop/tests/archive-evidence-media-data-store.test.ts,7380,58b1f59e4e6f4ea5693810ef36ad7235f2cd1b6dbbe59ea11ce2d2b720c79774,.ts,EVIDENCE,false
apps/desktop/tests/archive-evidence-media-ipc-ui.test.ts,6721,4eab1678f2a0e89a502ce84ea0090119248c6e6595c0fe970680466e10b3bea0,.ts,EVIDENCE,false
apps/desktop/tests/archive-legacy-ownership-reattestation-data-store.test.ts,11951,3f376d78e0a856f268ca357c133f646101b0dbcd28f74c20271e02c29d362993,.ts,TEST_OR_GATE,false
apps/desktop/tests/archive-legacy-ownership-reattestation-ipc-ui.test.ts,6562,505036f3784148a54ee834306f0485e674e5cb5efbe88114dfb73635bd9507d7,.ts,TEST_OR_GATE,false
apps/desktop/tests/archive-operation-idempotency-runtime.test.ts,26131,480b896737c1cce33ba563e0440c9b52c57b1ca4d672a534dce5eb9bd879e1f9,.ts,TEST_OR_GATE,false
apps/desktop/tests/archive-pending-operation-data-store.test.ts,7301,9a0b9b7fa79594d88da555ed81a13661839b97d946aad6f92a7c3992088846d3,.ts,TEST_OR_GATE,false
apps/desktop/tests/archive-pending-operation-restart-runtime.test.ts,20920,9dcfe62475c5e6a44e0a0639dfdc35c86e849c9a5ec04d75f8d9363be6fbd1a3,.ts,TEST_OR_GATE,false
apps/desktop/tests/archive-production-policy-runtime.test.ts,29053,59417b0b2e77f9901bf0ad254f942e5278ac644e24cbb3a7f1fdac39f236f9f5,.ts,TEST_OR_GATE,false
apps/desktop/tests/archive-replay-reservation-pruning.test.ts,6608,27996e76ad83de1b4d14750b26d247c0b39a65bd6dc297c80e7bf7c49ff4fbd0,.ts,TEST_OR_GATE,false
apps/desktop/tests/async-state-guard.test.ts,2811,000ff0cbcc0d17737e5e652aa87d9597bd0ff00e32fdbc98bd5efbce2b04d107,.ts,TEST_OR_GATE,false
apps/desktop/tests/authoritative-source-exact-commit-backup.test.ts,3051,4047ddca4eaf8f353c93baf4cd613b6e1041e5bae17c8ed889bbc3229a83b2ba,.ts,TEST_OR_GATE,false
apps/desktop/tests/aym-governance-channel-receipt-path.test.ts,5094,815f0730b6358aac25580ecdab07411f6536ceab0122e801b66bb3422791a596,.ts,TEST_OR_GATE,false
apps/desktop/tests/b0-product-surface-governance-integration.test.ts,2715,3bbe2a02f409bd3091b58923cae908318ac43931c2d254244c9f6c58a7b97681,.ts,TEST_OR_GATE,false
apps/desktop/tests/b2-b6-sensitive-data-consent-integration.test.ts,5081,c8b8576240b13888218d8f7c8b68dd182024f3fa3b10cad61f01894fdb8d6c05,.ts,TEST_OR_GATE,false
apps/desktop/tests/b2-desktop-security-integration.test.ts,7653,3564b02e3f8117ab52d85ec980078936a466dadcbb9408ca0050b2027ee5ee04,.ts,TEST_OR_GATE,false
apps/desktop/tests/b4-banking-ipc-integration.test.ts,3234,e265cced6c046abece2eeb647c3172ebb7986660ff1e77b54363f940d8ecf21e,.ts,TEST_OR_GATE,false
apps/desktop/tests/b4-finance-import-ipc-integration.test.ts,3316,474bdb736dcb8c5af4110d15cd53e085ae843283fd57fc389c8f833d551c3485,.ts,TEST_OR_GATE,false
apps/desktop/tests/b4-finance-planning-ipc-integration.test.ts,3468,930c05756f7a3f8d441f3afa439c946e653a2b2fb6364d8d2b234cbb16f70661,.ts,TEST_OR_GATE,false
apps/desktop/tests/b4-loan-management-ipc-integration.test.ts,3749,ad1807f4898c51cb0d38ea0669a5bab5d6a6fbd81d35f0cedb0885e878366886,.ts,TEST_OR_GATE,false
apps/desktop/tests/b4-long-term-portfolio-ipc-integration.test.ts,7878,e0d53c30e45181b64ec72d51fdd73de79b5ad21ee0d4f945f05e551f5b0e4c90,.ts,TEST_OR_GATE,false
apps/desktop/tests/b4-payment-card-ipc-integration.test.ts,2898,108f22f9d5a28e12a9694aab0c6f6aa52d9ec4695fd79e2bb135c2709a9deb32,.ts,TEST_OR_GATE,false
apps/desktop/tests/b5-family-emergency-assistance-ipc-integration.test.ts,11964,1e371a9cc918d6caf0764033bbdd7dab4060068a841c47bde934a749eda36211,.ts,TEST_OR_GATE,false
apps/desktop/tests/b5-family-emergency-card-portability-ipc-integration.test.ts,23413,2bad41073b4ba690507be3beb8b14f86ed6749d294d139e4262dd76b9526ef28,.ts,TEST_OR_GATE,false
apps/desktop/tests/b5-family-emergency-ipc-integration.test.ts,6511,44c328b1aa31afbf59e51473a7362675cdc0b2e90407d4ef424f85c3df64cdb7,.ts,TEST_OR_GATE,false
apps/desktop/tests/b5-family-emergency-preparedness-ipc-integration.test.ts,5932,2f8b43c3cc04fc923853aecc2f0ca799de789b2fed671616eb3dfdf3e8835ca4,.ts,TEST_OR_GATE,false
apps/desktop/tests/b5-managed-life-ipc-integration.test.ts,11710,c18a1c91a3782f4943a4d84865f1b5503c623d62df6d5b06588b95e8b3a94830,.ts,TEST_OR_GATE,false
apps/desktop/tests/b5-privacy-control-ipc-integration.test.ts,3548,ec98ce9a3937fd0d48f33c18ffbcd94f6af3f0a65491a6d9367762a382a93c03,.ts,TEST_OR_GATE,false
apps/desktop/tests/b7-15-route-async-state-governance.test.ts,3436,0e2794a7d11ea54586f9a7928d4cb57c8738badf0fe517224f27c996c1225d62,.ts,TEST_OR_GATE,false
apps/desktop/tests/banka-kurum-isareti.test.ts,1359,ee133a51e87cce9708ec856000d905d52d6cff491bb4956cbef4a709e5205faf,.ts,TEST_OR_GATE,false
apps/desktop/tests/brand-release-visual-contract.test.ts,27197,c9115e891b26b285822459aef8677f5a8f2f41f1e7e504890fd0dd685db7bb9d,.ts,TEST_OR_GATE,false
apps/desktop/tests/bronze-final-local-test-delivery-contract.test.ts,95743,43a4437fc7cf67198e8d215397576438b28c64023f3cd74e88c4272e9be57467,.ts,TEST_OR_GATE,false
apps/desktop/tests/canonical-product-navigation-authority.test.ts,2081,4bbeeac3e2a2b3c43fd3e8c456967b966bfee29806d0929ee3f756b9bd3ba163,.ts,TEST_OR_GATE,false
apps/desktop/tests/child-education-coordination-data-store.test.ts,12706,42cad357e9544349c6c22c16bea6f48e6e641b143c142ea6de7d41fdd33fa24a,.ts,TEST_OR_GATE,false
apps/desktop/tests/child-education-coordination-ipc-integration.test.ts,7960,6660ce09b75b8eac5016e7577d66bb3b97dcffd5a54729c203fdabaab6c097d8,.ts,TEST_OR_GATE,false
apps/desktop/tests/child-education-coordination-ui.test.ts,3717,25497073642944ba736d0b803f9db584a8f580627ba4cf06aa7df4439f7682a6,.ts,TEST_OR_GATE,false
apps/desktop/tests/close-to-tray-lifecycle.test.ts,2436,e77d0a76fabf74711d97bbdbe7952563e0cdb468eb8351b164c6da2c74a27fed,.ts,TEST_OR_GATE,false
apps/desktop/tests/communication-audit-archive-ipc-bridge.test.ts,3254,b1fba180dae13f8ea61cc5bc74b76488d4ef942909ff6b8fe302677d267bf541,.ts,TEST_OR_GATE,false
apps/desktop/tests/communication-audit-archive-ipc-integration.test.ts,3530,ff0283b45fed77c19211a36d5ecc53821242eb4b5edf50d1e742ed63fc556a3e,.ts,TEST_OR_GATE,false
apps/desktop/tests/communication-call-preflight-adapter.test.ts,5975,12dcbebf188e0fb1fac5c2ee0c2d5b078ec5e604c1d16b92143e15beae53eca6,.ts,TEST_OR_GATE,false
apps/desktop/tests/communication-file-payload-vault.test.ts,13192,62a1e058958d06b3a1ad0e0f406dfc7c597816875ecf7890d7fd9743af9e379c,.ts,TEST_OR_GATE,false
apps/desktop/tests/communication-file-sharing-ipc-bridge.test.ts,5310,7c7e18ec683678a1092ccaac8291c94d375601f1eb91a8ad54d310fd0cdb5765,.ts,TEST_OR_GATE,false
apps/desktop/tests/communication-file-sharing-ipc-integration.test.ts,11080,8863e4d63794e31b08679e9473fa488f01dbf9a15f17dc7f38df590ebfaf806b,.ts,TEST_OR_GATE,false
apps/desktop/tests/communication-file-sharing-noop-ui.test.ts,1686,453bdbee041cd9e1009f048bfc0d8d099dcfdac3d1f2f2278dafc81e5b00af5a,.ts,TEST_OR_GATE,false
apps/desktop/tests/communication-message-payload-vault.test.ts,7727,f613c954f544ab31802ef5d631485223f9f0d17fd1761d6927e6febbf1df5ff6,.ts,TEST_OR_GATE,false
apps/desktop/tests/communication-messaging-data-store.test.ts,24421,11c92754122c195308bdb7caf1e0ba4e1ffc1c8683addb48557dbd7bc083cabc,.ts,TEST_OR_GATE,false
apps/desktop/tests/communication-messaging-ipc-integration.test.ts,10540,1b20f35593e97bc7c710698b711082054ed5de1386536a0210068dec2c54e444,.ts,TEST_OR_GATE,false
apps/desktop/tests/communication-messaging-ui.test.ts,3964,4a38806e5eb63a3f7662585940ee2c4ed4b82dff08f0994f0ac4fd21e6467644,.ts,TEST_OR_GATE,false
apps/desktop/tests/communication-realtime-calling-data-store.test.ts,11739,e0fc1b90fc7d425b39b6853854711590be66da38a817dd29d905a0bc1cdc5094,.ts,TEST_OR_GATE,false
apps/desktop/tests/communication-realtime-calling-ipc-integration.test.ts,10094,ec6643731336ad33fc577fdac1a7eb5e71f7a6eade39e43264fbe9a3d1875d5c,.ts,TEST_OR_GATE,false
apps/desktop/tests/communication-realtime-calling-ui.test.ts,3367,30af6c7881d0599f5b904b4280acf5018beeccb0f15d0d37a370f43acd3e0822,.ts,TEST_OR_GATE,false
apps/desktop/tests/communication-recording-retention-data-store.test.ts,14970,d07dfc8d21a975a83554bb100d227ca2e658076edf78732567356fb981211eaf,.ts,TEST_OR_GATE,false
apps/desktop/tests/communication-recording-retention-ipc-integration.test.ts,6755,0c4ed0aa708b6a4bf34339b76481038ec2b36395b3c20a5d9e22b458db34d685,.ts,TEST_OR_GATE,false
apps/desktop/tests/communication-recording-retention-ui.test.ts,3278,64901efad04e1bfcee603bd6ad83d398f1a9cbe622f548123f5edf0e2513f06f,.ts,TEST_OR_GATE,false
apps/desktop/tests/communication-security-data-store.test.ts,14533,cef6f3d2a96595f9d68adf9ac3b7f414ccdfde5f3d354052ac6a050708e1b959,.ts,TEST_OR_GATE,false
apps/desktop/tests/communication-security-ipc-integration.test.ts,11060,c20f1f30f8687a5f53accc6cbe917a9f93b2e62af2893e0d9b07574d4944b04e,.ts,TEST_OR_GATE,false
apps/desktop/tests/communication-security-ui.test.ts,4508,648f6650bf4526aa7f4aae4dce103abfec6c7ffc850651ec4bfb7236681e900c,.ts,TEST_OR_GATE,false
apps/desktop/tests/companion-sync-envelope-adapter.test.ts,3592,fba891734e319d59538ba687872d662c4fffd42f91ad7ae36d31d9c2943cb3b4,.ts,TEST_OR_GATE,false
apps/desktop/tests/core-service-companion-manager.test.ts,5763,e3d1a2605ac92d2eaaf565fe7e227c06aeb9f2b1e96c5c70046e361707806728,.ts,TEST_OR_GATE,false
apps/desktop/tests/core-service-cutover-readiness-validation.test.ts,2831,c4ca51e33dd7aacacf38db0ab27097d39d29377c22031a738b688a934284abb9,.ts,TEST_OR_GATE,false
apps/desktop/tests/core-service-policy-reevaluation.test.ts,10381,1a018d3214bfd91802c858214998e448ddb7b1c8c8715c175d1cfd7727a5ca59,.ts,TEST_OR_GATE,false
apps/desktop/tests/current-delivery-output-boundary.test.ts,3537,152a236f29dce622d98473a75a0abba351a562615618c071dee83a6bc2690168,.ts,TEST_OR_GATE,false
apps/desktop/tests/current-master-documentation-v5-governance.test.ts,1765,b2fd87a7b2810fcee2e1b87ec117c9bfe28d6863667162cb97d9735bfaa0a851,.ts,TEST_OR_GATE,false
apps/desktop/tests/data-lifecycle-strong-auth-forms.test.ts,944,3ef4b0a5edaaa1de1cbc61ec82cf7c96abdac1c1d90be27f131e61e62cbf51b9,.ts,TEST_OR_GATE,false
apps/desktop/tests/data-store.test.ts,114955,5036042307ee45aa09c553e1b47bc0afcb5189f93c47e4f41f3bc8fcb1d8ffbf,.ts,TEST_OR_GATE,false
apps/desktop/tests/desktop-universal-api-policy-enforcement.test.ts,21193,c5c5120b4d32a4bc0f2253b0f8c960f1633a3b0e3f7f0c087b5118502e179222,.ts,TEST_OR_GATE,false
apps/desktop/tests/entity-catalog-service.test.ts,2479,e8fc4e94e4e3e4b8487f00fb44a5e33257522a621c251721806377bf86e6045a,.ts,TEST_OR_GATE,false
apps/desktop/tests/exclusive-evidence-run-root-guard.test.ts,3010,c2464a039e18b52ecb836553d0711aee5a2903a2a9239f2040fc4a6645f66be4,.ts,EVIDENCE,false
apps/desktop/tests/factory-reset-manager.test.ts,3786,c8253bf93e9c79430c1cc316da7e009f7ebe4593ec3f11769afb0eb47aab7870,.ts,TEST_OR_GATE,false
apps/desktop/tests/family-ai-assistant-data-store.test.ts,11270,047e7ebc120569911c2976c001e08fa9f08d649cb9c803a968a705cf5a68af5d,.ts,TEST_OR_GATE,false
apps/desktop/tests/family-ai-assistant-ipc-integration.test.ts,10132,dfc6e106f35dfb2be1b9a08f64d2a392369884406065a9c3184708bf49a82eab,.ts,TEST_OR_GATE,false
apps/desktop/tests/family-ai-assistant-ui.test.ts,3544,a2d512dee5ff3015f2bb52bc715c2a2804b0635c2154a514a37f28ea10684e43,.ts,TEST_OR_GATE,false
apps/desktop/tests/family-data-import-governed-rollback-runtime.test.ts,8840,8e505f78480d0ae0fe9ea58a375ce4ac2d60ff8ff7fb31401bad37ef4b224fb9,.ts,TEST_OR_GATE,false
apps/desktop/tests/family-data-import-location-read-receipt-runtime.test.ts,12890,9df8938211984b67207ad8d7571949d3642a84ed1a08e5b073e2245e3a471852,.ts,TEST_OR_GATE,false
apps/desktop/tests/family-data-import-policy-batch-runtime.test.ts,23311,dc8ddf917beb9ba36754726eb91617fd0311e4ed08471dc3d6ea5c2d64714b6d,.ts,TEST_OR_GATE,false
apps/desktop/tests/family-meeting-data-store.test.ts,13312,4aa51beb0713c77b0b3b07ba9572a9583691f22afc129256855e2041c52c478c,.ts,TEST_OR_GATE,false
apps/desktop/tests/family-meeting-ipc-integration.test.ts,11599,4647a65ff268fa79c0bd3d35ece08567f898c0200b534b2ca743750b4dc2f2ac,.ts,TEST_OR_GATE,false
apps/desktop/tests/family-meeting-minutes-vault.test.ts,6688,04ef15c8c2e03ac8c85dd6c303ac0555d65d545869bdfe44dcdeed7597809657,.ts,TEST_OR_GATE,false
apps/desktop/tests/family-meeting-ui.test.ts,4208,5e0bc7a6d6e47ebb5be48dd01a82ff00a23546356dc4ac64031221db48cd2075,.ts,TEST_OR_GATE,false
apps/desktop/tests/feature-panel-localization-wave-eight.test.ts,3929,b1cb32cfd3a5f4e5f7698344f55b949511ae84a67830091922bfc9ed82c7192d,.ts,TEST_OR_GATE,false
apps/desktop/tests/feature-panel-localization-wave-eighteen.test.ts,4367,8cd4bc4bd25626673d1807e9d5e2f755fda87dd333cc84c5ec017ebecb03e788,.ts,TEST_OR_GATE,false
apps/desktop/tests/feature-panel-localization-wave-eleven.test.ts,1120,9e24277c34540fb3527df076eb9c3215ac73897bbef271ae9dc26906b866b36c,.ts,TEST_OR_GATE,false
apps/desktop/tests/feature-panel-localization-wave-fifteen.test.ts,1219,57776d6bf6d0aecbd9165852aaa1d22a3fd70422df509142b5df912fe44fb92f,.ts,TEST_OR_GATE,false
apps/desktop/tests/feature-panel-localization-wave-five.test.ts,993,f8f44d2d506bbe692a296267c7956442ebef2ae55d4fb510473044140fa8e44d,.ts,TEST_OR_GATE,false
apps/desktop/tests/feature-panel-localization-wave-four.test.ts,1062,93243d9163977c0892d26b9b05ec2bf951c45f24dc6166d8c8b05a12c372fb12,.ts,TEST_OR_GATE,false
apps/desktop/tests/feature-panel-localization-wave-fourteen.test.ts,1082,fb3161e698484479ac2819492ca4f317bd396340bb38da5d88de62923f4be623,.ts,TEST_OR_GATE,false
apps/desktop/tests/feature-panel-localization-wave-nine.test.ts,1032,39929fc337b4151fab91ff8014ea2dd1bad10c1b9cd08bc726c1834f75aa3a7b,.ts,TEST_OR_GATE,false
apps/desktop/tests/feature-panel-localization-wave-one.test.ts,1653,fb7d86ad03b434f2984908444b0f94a66e9b86eab5638edec1e079c94b265c0c,.ts,TEST_OR_GATE,false
apps/desktop/tests/feature-panel-localization-wave-seven.test.ts,1107,584d957280972888c4283f8bac0c0bb9124ba0e756598b599a3618333327e2c3,.ts,TEST_OR_GATE,false
apps/desktop/tests/feature-panel-localization-wave-seventeen.test.ts,1132,8f1f1278a25a3604dc9170faf4c5a6f2a774d2ef541ddc0f56563902fcba4896,.ts,TEST_OR_GATE,false
apps/desktop/tests/feature-panel-localization-wave-six.test.ts,1109,10b4ec9dd16c2ef61c0288944aaef06d9bc9684f1f254c470744a4ea475cb0ec,.ts,TEST_OR_GATE,false
apps/desktop/tests/feature-panel-localization-wave-sixteen.test.ts,1148,3848ea41c75e1e50460db1f9a1166465977ba611c2602f7d896dcc159a980d89,.ts,TEST_OR_GATE,false
apps/desktop/tests/feature-panel-localization-wave-ten.test.ts,1797,677c32017abbba47b294dfb8dc4047d503c425f44bd31539225e5cdb5fadf0bb,.ts,TEST_OR_GATE,false
apps/desktop/tests/feature-panel-localization-wave-thirteen.test.ts,1095,2d98e541266ac05c58bb0ee526093ff0c5f4a8125c70a3c4007bb3eb5b9b28df,.ts,TEST_OR_GATE,false
apps/desktop/tests/feature-panel-localization-wave-three.test.ts,1715,d154876bd477c0b85c29e310d77d02f7014af357ad223f15aae702d78b1751a9,.ts,TEST_OR_GATE,false
apps/desktop/tests/feature-panel-localization-wave-twelve.test.ts,1095,38373d1caba6339060f42774e2ae9606446d352475c8285d5f00c17f460fc701,.ts,TEST_OR_GATE,false
apps/desktop/tests/feature-panel-localization-wave-two.test.ts,1854,604381c7942ec9b00428b45c05193d1c8c38c520864555d1514f09303a07fa16,.ts,TEST_OR_GATE,false
apps/desktop/tests/final-user-surface-natural-copy.test.ts,5879,9c206bc4847f9523d93c64afc761933758c46063f6eebaad2a50a2b3cc0490c1,.ts,TEST_OR_GATE,false
apps/desktop/tests/finance-import-file-session.test.ts,11560,d2f0fe301d74e9fe5924d839671ff6ec68aa6b829db3361c481e27ac2b29531c,.ts,TEST_OR_GATE,false
apps/desktop/tests/finance-policy-enforcement-runtime.test.ts,12386,9bcad913abebce8864ecc53879feb8a455fc837bb9578b12ef2d224f72d9f9b0,.ts,TEST_OR_GATE,false
apps/desktop/tests/first-family-production-composition.test.ts,3709,68294eb3670685ef346c45e16e55200fa85303e05bd8d7bff3ed8f3a8b663069,.ts,TEST_OR_GATE,false
apps/desktop/tests/fixtures/surum-paletleri/bronze-200-yuzde-tipografi-ekran-goruntusu.png,338901,821cefe4f07ce81332f4a3fb5aefbd35aec250b7a8d853f9a6900ec00345e3b5,.png,TEST_OR_GATE,false
apps/desktop/tests/fixtures/surum-paletleri/bronze-opak-erisilebilirlik-ekran-goruntusu.png,219210,90d5a7d79d1f2ecccbb70374bedf3716e676129052a170a9f3ebd343dadba8a6,.png,TEST_OR_GATE,false
apps/desktop/tests/fixtures/surum-paletleri/bronze-palet-ekran-goruntusu.png,305121,0119cb4e3adb014b904ba4eba7eea820c442847b9eefaf18ad33d0fc66945863,.png,TEST_OR_GATE,false
apps/desktop/tests/fixtures/surum-paletleri/gold-palet-ekran-goruntusu.png,307071,963aa37e8054ed99dac6879f0bbe803e4fdba63b63342ec538e26dec841b4f5c,.png,TEST_OR_GATE,false
apps/desktop/tests/fixtures/surum-paletleri/PALET_EKRAN_GORUNTUSU_MANIFESTI.json,22318,eae8eb038f92331ff11591c952a5c800ada0db4cc72c21966188cc337c2cd2ed,.json,TEST_OR_GATE,true
apps/desktop/tests/fixtures/surum-paletleri/silver-palet-ekran-goruntusu.png,305301,6944e51b113e234627cd17011b8506c7462bffd4ccdd4b9f75d078b7fc7ead70,.png,TEST_OR_GATE,false
apps/desktop/tests/form-draft-ipc-integration.test.ts,6285,05a0521c9ffbfe4202640371bf4c545b3b98c70eb6d06421b7da8931c52bcb0d,.ts,TEST_OR_GATE,false
apps/desktop/tests/form-ux.test.ts,10107,d96f22996018b0f2252583e272201f9bae8277c9258e2c91c6f5b352346dd3df,.ts,TEST_OR_GATE,false
apps/desktop/tests/gold-activation-manager-contract.test.ts,4096,448dbc85b2f226f13089f57bd6098858aa194cc810f9243e9f66a04a36d35029,.ts,TEST_OR_GATE,false
apps/desktop/tests/governed-form-draft-startup-retry.test.ts,960,afbb5f357e327efbbb5ccfa3da05e608f564674b5efa51df0b2cacfbbf57e929,.ts,TEST_OR_GATE,false
apps/desktop/tests/governed-source-root.test.ts,1709,8c68d156f95465bfa8ec4c5efa96c8d738bef72190abfca4d803e24f38fd4b9b,.ts,TEST_OR_GATE,false
apps/desktop/tests/health-care-coordination-data-store.test.ts,9786,1773244faad2ae4a60ccd207d84a52938ef5c94c51e08b14f8012712fdf0c652,.ts,TEST_OR_GATE,false
apps/desktop/tests/health-care-coordination-ipc-integration.test.ts,8766,e70baf882b26f09d996cf86269474abb124f0221c4524ecd6714838da9019a16,.ts,TEST_OR_GATE,false
apps/desktop/tests/health-care-coordination-ui.test.ts,3077,4928221b158e0ca74843825c58766cc37b76725c8bffb12100874e0525468158,.ts,TEST_OR_GATE,false
apps/desktop/tests/health-cross-projection-privacy-runtime.test.ts,6450,4c4f01027680d3341601e016bccb95ed06af1f103aeb4e45f662f39bf6dc8ade,.ts,TEST_OR_GATE,false
apps/desktop/tests/health-policy-enforcement-runtime.test.ts,27391,7850aadef595e06edb47bb3bbb90bc901191e3ba82ebde7c62c73572cf4c0bb6,.ts,TEST_OR_GATE,false
apps/desktop/tests/health-repository-row-visibility-runtime.test.ts,13018,27642901bca8ac7b59c9903a2becdb4ce659b0a16e932f2b9410e29ce75fc619,.ts,TEST_OR_GATE,false
apps/desktop/tests/household-operations-data-store.test.ts,13049,b30acf5724077de993b14cfcef10da0b909ceb2b8f34d4b1198f8f261188217f,.ts,TEST_OR_GATE,false
apps/desktop/tests/household-operations-ipc-integration.test.ts,8937,b7f4f6fc037750ca7f1ecc0652342c866f129b2642b7645d806b12bea0807630,.ts,TEST_OR_GATE,false
apps/desktop/tests/household-operations-ui.test.ts,3937,7a7b2bf173320dc5a9cbf1245b752644f8770619cf43cf8b864e5573c0810470,.ts,TEST_OR_GATE,false
apps/desktop/tests/identity-access-credential-application-adapter.test.ts,19722,e35ab2e2b5b42b4eae7065af63d696db61207a8505029dc42eafa93990c6a056,.ts,TEST_OR_GATE,false
apps/desktop/tests/identity-access-credential-ipc-integration.test.ts,24283,65c2d8057d4068436bacf3012070783414cea8c17fe162bd6eeaa9255b16ad3b,.ts,TEST_OR_GATE,false
apps/desktop/tests/identity-access-credential-ui.test.ts,9015,f72c15e0aaba2517814faefccb50bebd7468b89ac00a1a537dc02e05ffea3616,.ts,TEST_OR_GATE,false
apps/desktop/tests/identity-access-data-store.test.ts,17210,26edd41439b137faf85511a2205ccb5def29f9a691f2b08e260e5a93606fb7c8,.ts,TEST_OR_GATE,false
apps/desktop/tests/identity-access-main-bridge-composition.test.ts,5292,4b57f58bdea5202a458dfab45615ce661f07b7f070a991a6dcc3def6a0193d47,.ts,TEST_OR_GATE,false
apps/desktop/tests/identity-access-operation-token.test.ts,5091,94fa42c6a3d584b045f75e29e5f5e9026d4bc8b78b5fb8d407d96692f96badd1,.ts,TEST_OR_GATE,false
apps/desktop/tests/identity-access-production-policy-runtime.test.ts,9601,6bbc0d3a545094f36344131186f094a69d41a9c5917cbfe0895fb71a907afe10,.ts,TEST_OR_GATE,false
apps/desktop/tests/ilk-acilis-deneyimi.test.ts,10573,0f13e369ed205eba5fb66aed050f787293969102ccf38b831d1003f288818726,.ts,TEST_OR_GATE,false
apps/desktop/tests/installed-frontend-user-uat-contract.test.ts,15986,1697f44693531bcb52164a886c317e9658f89807c19602645aa20b3d74e540ea,.ts,TEST_OR_GATE,false
apps/desktop/tests/installed-frontend-user-uat-receipt.test.ts,15376,7705fa66c14e927e41a28a940bfeb32ea985a5e778d255669cfa78342e7cb090,.ts,TEST_OR_GATE,false
apps/desktop/tests/installed-ui-interaction-coverage-engine.test.ts,43921,119768e834e55dece3736f60f7034598de6a2c220cc3a5e8111639f50ddb5b18,.ts,TEST_OR_GATE,false
apps/desktop/tests/installed-ui-native-file-dialog-harness.test.ts,7291,afc2c592edbabffb44d7f7edca888237d1760393cbc2c87c2975b95466854102,.ts,TEST_OR_GATE,false
apps/desktop/tests/installer-narration-experience.test.ts,13767,06f1629eff20ba6a0797d55f848af1cc2ba64f219bc2b9183c3987148ca84947,.ts,TEST_OR_GATE,false
apps/desktop/tests/installer-upgrade-data-retention.test.ts,4250,b88d4570b6051e9fd82a297df455ec5ad024be6a39596bf7c26003e8bfcb6da3,.ts,TEST_OR_GATE,false
apps/desktop/tests/ipc-catalog-concurrency-and-error-transport.test.ts,3575,fbb47ad5ca2236df79c59a00f84f1e4ef13b0c00dce90d4614db9a1640e0157e,.ts,TEST_OR_GATE,false
apps/desktop/tests/ipc-prepared-policy-operation.test.ts,1683,6c9182e9caad28c1f3aa44453b8d9c3565b9ae9302f083158a63557c2452f100,.ts,TEST_OR_GATE,false
apps/desktop/tests/kalan-is-siniflandirma.test.ts,1686,9a6a166de97cff768201ac491c03b19403d0ed3e6839ac3872c0dd605f698d3b,.ts,TEST_OR_GATE,false
apps/desktop/tests/large-family-read-model-correlation.test.ts,2317,4a28e2361eb0c03453d760ec3e1beeb4bb2c304919b601e75f9df7207e4bc09a,.ts,TEST_OR_GATE,false
apps/desktop/tests/large-timeline-location-privacy-runtime.test.ts,10374,9811f6c0d40026e7d01744e134fcec2b1ff7e8680fe4ea3016a3acfcf2fb51a0,.ts,TEST_OR_GATE,false
apps/desktop/tests/life-center-lazy-modules.test.ts,1476,11f0d4dcd429f263baa0896a2e60e32b2790ee28dbd9990aad1d25b6dde69eb2,.ts,TEST_OR_GATE,false
apps/desktop/tests/life-cross-projection-privacy-runtime.test.ts,28978,86d6ef7af469d5b1cc855888e536e0bfc2a25f53ed6e25998433cc0b3b48c3ba,.ts,TEST_OR_GATE,false
apps/desktop/tests/life-policy-enforcement-runtime.test.ts,22522,65a0982fffda0c6fa2456df561362fdfb01626bbf89bffbe3b6be5948f55e497,.ts,TEST_OR_GATE,false
apps/desktop/tests/local-family-ai-model-adapter.test.ts,4478,15da020cc6c54e9073f3c711e202b800f70ede98818e5494fc2ad3ce1cc54a63,.ts,TEST_OR_GATE,false
apps/desktop/tests/local-governed-ocr-application-adapter.test.ts,36735,121c172d588066475fca02c101aa53a56c7ecfb91a4b98d177f17cb8056d3caa,.ts,TEST_OR_GATE,false
apps/desktop/tests/local-governed-ocr-data-store-production.test.ts,51785,7256317be0fe16ceab721e0a9ed2fd78ceca3f97707e51b29d952e0034b01fff,.ts,TEST_OR_GATE,false
apps/desktop/tests/local-governed-ocr-ipc-bridge.test.ts,5930,4a9f5de63f07254960dabf3a86649b6ed80b5c77b116792c4031c9022b69b117,.ts,TEST_OR_GATE,false
apps/desktop/tests/local-governed-ocr-ipc-integration.test.ts,20552,8ac8ee18ad1f6e1277cc4fdd3a52056d24caa1ca21112ba57487eab9b500da47,.ts,TEST_OR_GATE,false
apps/desktop/tests/local-governed-ocr-malicious-document-matrix.test.ts,6916,c9db2fa8ea7c87e9f2eb48339d84b09b986dbefaca0583bfe1e00dc0118aeb86,.ts,TEST_OR_GATE,false
apps/desktop/tests/local-governed-ocr-production-policy-runtime.test.ts,14266,7e9d7e39a97c1f4f30459fa29437129a41e47b9c58b589567afbab00ef064b6c,.ts,TEST_OR_GATE,false
apps/desktop/tests/local-governed-ocr-runtime-adapter.test.ts,34893,4f200f14667ee63885c7d9bc1778079f2c5e4b02c0454f8f059b2cdccefa9e4b,.ts,TEST_OR_GATE,false
apps/desktop/tests/local-governed-ocr-search-index.test.ts,4184,c3938bf691e11dad3e157730ec578da643404937806cf4dd82594f7c176b3e61,.ts,TEST_OR_GATE,false
apps/desktop/tests/local-governed-ocr-ui.test.ts,4290,0ccb0084b837e9ee854284ff37ab51bfb55e072bbfa88c8d582d5ea5b18615bc,.ts,TEST_OR_GATE,false
apps/desktop/tests/local-ocr-input-adapter.test.ts,4045,0351cd6e758301176022e1405337d703a8ad97a91c250f159df53ab8d43c691d,.ts,TEST_OR_GATE,false
apps/desktop/tests/local-ocr-worker.test.ts,10909,453f99cdf35bea7bdab274910fc3359de25ddf183839f55adbef08ae5cd682fd,.ts,TEST_OR_GATE,false
apps/desktop/tests/local-translation-language-data-store.test.ts,11281,b34a3f592983cb5407d32359c38aa34ca59307ae8877d587dd4864936e1fe09a,.ts,TEST_OR_GATE,false
apps/desktop/tests/local-translation-language-ipc-integration.test.ts,7801,5b585256708934409c8ca35dcaab1e417a962f309761417f81308918cca764a4,.ts,TEST_OR_GATE,false
apps/desktop/tests/local-translation-language-ui.test.ts,2954,f165f7b6c1a8298152826e39c099d359e16a6bbc80b47b34f646123568eb5e46,.ts,TEST_OR_GATE,false
apps/desktop/tests/location-cross-surface-privacy-runtime.test.ts,20259,8363f5fd5731567774313b33e74ee59bfb559b32e92d89d6552f0d2c2781d53e,.ts,TEST_OR_GATE,false
apps/desktop/tests/location-policy-enforcement-runtime.test.ts,24425,1188281049b6a5893bf06fa29d5dfff0eb163773100626c90b51c7e319573e04,.ts,TEST_OR_GATE,false
apps/desktop/tests/location-sensitive-ipc-cache-policy-runtime.test.ts,2929,e7a62b62633d8d0d05369a5d2f0eceabad9e3d67c64e423b17cb7c0328ab88d8,.ts,TEST_OR_GATE,false
apps/desktop/tests/memory-studio-data-store.test.ts,8471,d150f3a69e995f5e66fccee95cc135212646c126d0f77f82721f3cdb63d30d29,.ts,TEST_OR_GATE,false
apps/desktop/tests/memory-studio-ipc-integration.test.ts,8766,0099a93c914b13331ac70f562c85e9da9155d61274230513a272590657ffdba5,.ts,TEST_OR_GATE,false
apps/desktop/tests/memory-studio-ui.test.ts,2563,4e7309e1eebb629d9e1a1d84892368ebe1783e3159103ede3b38f0f0cc59e422,.ts,TEST_OR_GATE,false
apps/desktop/tests/menu-first-visit-narration.test.ts,2090,1236298c707dbc19b00eb54f00f8bf5ea4df0c6894d6c5b5cd63a7a680b766cc,.ts,TEST_OR_GATE,false
apps/desktop/tests/module-navigation-collapse.test.ts,1397,8bb5e5aa183b9cd85904ebafefe50264971372402e820bb44cbc428c64f0ead4,.ts,TEST_OR_GATE,false
apps/desktop/tests/monthly-release-version.test.ts,5436,16429bc31ccbbeb7c9c4b50ccec105bb0e18aa929d89703f6c91a61e15e2b74a,.ts,TEST_OR_GATE,false
apps/desktop/tests/mutation-release-evidence-producers.test.ts,25747,6655921c877fd28e5f74527437257432d2e4fe60d55d06299efdedfb16f8cac4,.ts,EVIDENCE,false
apps/desktop/tests/mutation-release-readiness-contract.test.ts,17346,0648ddda1a7c251df5f42c6c4c5a9ccfd7ca8c580d71439c1238be091a79e1dc,.ts,TEST_OR_GATE,false
apps/desktop/tests/narrated-help-center.test.ts,2444,db2853527f227907dafb145cbb1f774b3592211cdfc382422dcde2db949807fa,.ts,TEST_OR_GATE,false
apps/desktop/tests/object-permission-finite-allow-contract.test.ts,1949,bc053b13ae890abf14d86856d5fe14db9430af63e3e8036bbc695331e897cf21,.ts,TEST_OR_GATE,false
apps/desktop/tests/offline-family-map.test.ts,4348,60cd70d9515162b3992351b6901c4987f85f8ad7a8d5863268964a9f151a7f02,.ts,TEST_OR_GATE,false
apps/desktop/tests/oidc-deep-link-callback-registry.test.ts,4451,a2aa8349af92edca2443ce55521abd9cb838546d8b15698bcf270e85ac339603,.ts,TEST_OR_GATE,false
apps/desktop/tests/oidc-federated-identity-adapter.test.ts,14772,baa3e87474612b5af3f77189a28d85039255def9fab571e5df84d493a59b8291,.ts,TEST_OR_GATE,false
apps/desktop/tests/oidc-token-vault.test.ts,5351,bb4be3f01b29e49c81dbb36f09d6c3033f111d8767fd27725fbcc6383d173367,.ts,TEST_OR_GATE,false
apps/desktop/tests/operation-rule-check-policy.test.ts,15219,2025d453e12cfccaca726490aecec433b60ebdf1b95d47153f7ae5cc5beb6b0b,.ts,TEST_OR_GATE,false
apps/desktop/tests/places-travel-asset-pet-data-store.test.ts,12643,19727f44d7a33c25e135ce93a051512402dadb484caadab70b6bea73e3bbff6c,.ts,TEST_OR_GATE,false
apps/desktop/tests/places-travel-asset-pet-ipc-integration.test.ts,9908,f81bb56ff8e28a2688783a81e44d802148f0bee04e1700d57b32cc11d5c341b5,.ts,TEST_OR_GATE,false
apps/desktop/tests/places-travel-asset-pet-ui.test.ts,3906,987d263ce731159521dd03e3ae805605207607dd54b1597d6e284afbcb1f73bb,.ts,TEST_OR_GATE,false
apps/desktop/tests/ppk011-contextual-ownership-policy.test.ts,6663,32827ac79e28c5045b15ac8821a6b0a4e03ade67a494c88eda7e470686df2838,.ts,TEST_OR_GATE,false
apps/desktop/tests/ppk012-offline-capability-lease-cache-fence.test.ts,6249,0860016446e87aba7cfd8f96779333b6fbb79ce0790c24b0139d0c57190d20e4,.ts,TEST_OR_GATE,false
apps/desktop/tests/ppk013-client-data-access-boundary.test.ts,8509,f862dfc23b801663bfe9bed54bddac97072ae90ea23e6376e77e3d9107b9cf16,.ts,TEST_OR_GATE,false
apps/desktop/tests/ppk015-network-egress-governance-ratchet.test.ts,6271,3b7bf4e958dbb741d22f1af27e5d1f1f71f1c2412c4dc3d43fc003dff8bd1cd3,.ts,TEST_OR_GATE,false
apps/desktop/tests/ppk015-network-egress-policy.test.ts,10614,73a58fd73ba67d2d580ab45312078b027192cc2ea1bb728f83d22176fb811c01,.ts,TEST_OR_GATE,false
apps/desktop/tests/ppk016-derived-data-policy-inheritance.test.ts,70424,fb64bf961e5aad37ef31ea41b2f31d21cf800904ec4d17773b8a34ce99ed98db,.ts,TEST_OR_GATE,false
apps/desktop/tests/ppk016-protected-operational-artifact-composition.test.ts,3695,51c8aefbb8d7583019b2a60d716f98f28a9cec3360787b6b8cf2b7adc7ce6ada,.ts,TEST_OR_GATE,false
apps/desktop/tests/ppk017-sensitive-log-policy.test.ts,15017,ef0951c3a61db1f529195f3a7b0d4b6d52439f44ff8b35f5e231c95cae8cf3d4,.ts,TEST_OR_GATE,false
apps/desktop/tests/ppk018-immutable-policy-decision-audit.test.ts,21055,1c212016a971e55fd1a780fb7867d309712f6f816a1ede3f8c73c5755e97f52a,.ts,TEST_OR_GATE,false
apps/desktop/tests/ppk019-source-deletion-propagation.test.ts,32228,36a199c0843b4c98adcff68db1fb211cbad140b97c5bd693b372faf4e9171320,.ts,TEST_OR_GATE,false
apps/desktop/tests/ppk020-policy-conformance-integration.test.ts,2779,93d5d9a80067a072bcaaafe7c17f8efbd50d108d880d9f21613321411278c0ab,.ts,TEST_OR_GATE,false
apps/desktop/tests/ppk021-platform-policy-ast-gate-integration.test.ts,2750,24962bc83a86dd7da6a72b7cbc35b0fea2a736191941fff2eae6b4abfffc57bf,.ts,TEST_OR_GATE,false
apps/desktop/tests/ppk021-platform-policy-ast-gate.test.ts,5218,1479f8d6a74f954550a67f0de01e12f36880ff645b9f3334774141f249006f6e,.ts,TEST_OR_GATE,false
apps/desktop/tests/ppk022-capability-manifest-gate.test.ts,6751,88c297fbdc221402b8e3cd15bf5fcc3b370649c903d3a2504a09c58008055d78,.ts,TEST_OR_GATE,false
apps/desktop/tests/ppk022-capability-manifest-integration.test.ts,4064,20c8874f182ad500c47865d619cb61b29a79d8bdb2293572ac2034f1b098ab99,.ts,TEST_OR_GATE,false
apps/desktop/tests/ppk023-application-security-profile-gate.test.ts,3026,5c0392228fe8367a18819f381cc409ae40225cfcc2615a70d516e30cb31a5c0b,.ts,TEST_OR_GATE,false
apps/desktop/tests/ppk023-application-security-profile-integration.test.ts,3329,23cbb893ff8b93158f0983d4888aacee5bc31447ace45d240fa2c038fc019971,.ts,TEST_OR_GATE,false
apps/desktop/tests/ppk024-policy-service-availability-integration.test.ts,13829,5755c09cef9cd3be637212882451879c72444b0e435e6fa7a9b239d223a774cf,.ts,TEST_OR_GATE,false
apps/desktop/tests/ppk024-policy-service-availability.test.ts,13841,c301df6c30473f6de2cc0e5a119efa4a47cfbcd96da55bd13705d4fff0e6bd36,.ts,TEST_OR_GATE,false
apps/desktop/tests/ppk025-software-supply-chain-gates.test.ts,12273,a101e986f1303738e07a504f815f29079c225498e68a1fc57dc1ae89ca4e5e75,.ts,TEST_OR_GATE,false
apps/desktop/tests/ppk026-typed-policy-sdk-integration.test.ts,2408,d5c84ca0f84329dda96682a16c15ea0e937c98eba14ee82e3397236070fd2135,.ts,TEST_OR_GATE,false
apps/desktop/tests/privacy-data-export-service.test.ts,5658,7ee6e93ab63e1bebfda82ecdc3c27658f1b77f30b805a979a190161ad892bd0d,.ts,TEST_OR_GATE,false
apps/desktop/tests/privacy-ownership-data-rights-application-adapter.test.ts,15119,7983a88cf954c415d695771aa593cd00a03e094ef553d08263b14a3c29034c97,.ts,TEST_OR_GATE,false
apps/desktop/tests/privacy-ownership-data-rights-ipc-bridge.test.ts,3115,b72c165f56be3642cc2ed7d70838710fea7a5d21ffde2336c987c2bcffdca054,.ts,TEST_OR_GATE,false
apps/desktop/tests/privacy-ownership-data-rights-ipc-integration.test.ts,9760,e59290b9c6bdc78c391107a92d59acaa0bb142967242406388b7534877359a28,.ts,TEST_OR_GATE,false
apps/desktop/tests/privacy-ownership-data-rights-ui.test.ts,5591,a1929a43557c29556abd88021632f4ca2d1b587f977526cc5b4a21aab90fc331,.ts,TEST_OR_GATE,false
apps/desktop/tests/privacy-ownership-data-store.test.ts,31221,b80a46367deee60e3350d5b06666ae4571360c65e8dacdb47e411a933852f0a5,.ts,TEST_OR_GATE,false
apps/desktop/tests/product-brand-identity.test.ts,3515,a1e2d83bb5705ae8dbd1ee756cf5c8304a4b37ddbfd93bf9ad3274fcd24d49bb,.ts,TEST_OR_GATE,false
apps/desktop/tests/product-license-manager.test.ts,4210,029ebf27e022b0a1db901c805f35d8b871716d536786fb0f5776b943479d5f71,.ts,TEST_OR_GATE,false
apps/desktop/tests/product-license-startup-integration.test.ts,1926,b83fbc6bc10cfa7fa04df364e60e479b9a7ee4a6f78adfaf587b2ec8b26633a5,.ts,TEST_OR_GATE,false
apps/desktop/tests/registered-ipc-integration-coverage.test.ts,2717,9502e18e924c9313935e1c87b21de0d4f4d31be92242150dcf080eb31652e8a2,.ts,TEST_OR_GATE,false
apps/desktop/tests/release-channel-isolation.test.ts,9691,0d1a0448ffab45133aa1caacf9e0afe1b27e55f0415e61ca31981e9e78b4b8b3,.ts,TEST_OR_GATE,false
apps/desktop/tests/release-source-provenance.test.ts,19475,9d658f25f82ceee5238147da444907c742f059ba1911eda58ab02d9ed6a87c26,.ts,TEST_OR_GATE,false
apps/desktop/tests/remaining-communication-distributed-ui.test.ts,1224,f0d432252b5478c3a33b05f8414741bba89644e006ce98c4d9baba32d1716688,.ts,TEST_OR_GATE,false
apps/desktop/tests/renderer-asset-security-contract.test.ts,700,247eda7e1cbb9b47d13f6b1e031ff01b9a10f1d7c8f228e06b48356d8cfd7a2c,.ts,TEST_OR_GATE,false
apps/desktop/tests/renderer-snapshot-request-serialization.test.ts,786,faf7c7c7d8284fa56daf04fbc8df1fc35550880b9e6a06c248d91910bf83ce94,.ts,TEST_OR_GATE,false
apps/desktop/tests/renderer-storage-enum-localization.test.ts,3234,07360aad52f8c182a3158af53ae9dfde46a11ee410d378678376143c20f0c620,.ts,TEST_OR_GATE,false
apps/desktop/tests/renderer-user-facing-error.test.ts,3154,512ab25bb1c47847129ece4744b53d6fa2a5f35409959565a923a4c1c1b76291,.ts,TEST_OR_GATE,false
apps/desktop/tests/secure-oidc-network-adapter.test.ts,13677,832b9eda4e6d96da672072604828cea136adf1d7e484cc66ae3bc06fded805b8,.ts,TEST_OR_GATE,false
apps/desktop/tests/security-center-lazy-modules.test.ts,1521,41392f674e261a8c0237d934343333b1fe920a01283669f8a93062a3806b8eb1,.ts,TEST_OR_GATE,false
apps/desktop/tests/signed-plugin-platform-data-store.test.ts,11704,afe3ca7390257248c47cad1e0c7043cd8c23d166e78620d1f1c939bb69535ab2,.ts,TEST_OR_GATE,false
apps/desktop/tests/signed-plugin-platform-ipc-integration.test.ts,8042,fba1e5265d34476a94c0ee34864b452367ac5eba34c15fb2a30d94689a2c11a9,.ts,TEST_OR_GATE,false
apps/desktop/tests/signed-plugin-platform-ui.test.ts,3407,338a9f65127b65aca4792937ada2a84de335c23b34556a9498977294a29894b6,.ts,TEST_OR_GATE,false
apps/desktop/tests/smart-home-energy-data-store.test.ts,9351,1dbedbb374ed9aac39860840687b5852ef3d5726b68378137679fd272088dc12,.ts,TEST_OR_GATE,false
apps/desktop/tests/smart-home-energy-ipc-integration.test.ts,8910,0efbf8e5642fd8cddb681ac2ecd19394e77f5e20da37bee918f2335f086a5f29,.ts,TEST_OR_GATE,false
apps/desktop/tests/smart-home-energy-ui.test.ts,3191,e90152a40d1a63f155eaef6abd8967d304941fef795027a1af25741a81903ce4,.ts,TEST_OR_GATE,false
apps/desktop/tests/source-manifest-worktree.test.ts,903,a192a8ca6f4c8a628c43e6d33f0b6a083822f19104140a5a312f0d8ca0ac537d,.ts,TEST_OR_GATE,false
apps/desktop/tests/system-management-lazy-modules.test.ts,3226,55c1816b41b628469a5da961ca84d7763ce535d0e54c9fd1550f58637d9a7b1f,.ts,TEST_OR_GATE,false
apps/desktop/tests/temporary-credential-envelope-adapter.test.ts,8725,b78dbf5fd6415b0078c23e56a7d533d0cb27aa00f53ce7cb89d4d1e5cebdfd86,.ts,TEST_OR_GATE,false
apps/desktop/tests/teslimat-calisma-agaci-envanteri.test.ts,2298,ba8858a60e48a2a5f73eef476a5278dff05ad2cc4bfce2bda48fefcc8801c274,.ts,TEST_OR_GATE,false
apps/desktop/tests/turkish-interface-copy-and-contrast.test.ts,2882,d30b676ae29e8493e76750177337efa241a1a38a138b69d4e9af66e6e1408183,.ts,TEST_OR_GATE,false
apps/desktop/tests/ui-language-preference-store.test.ts,1699,0cf06a0583433826aaf98106fc0ba4048dba7749e7005cace5127255933e0da3,.ts,TEST_OR_GATE,false
apps/desktop/tests/ui-system-localization.test.ts,8860,827cdbe51a3662f3395f27783899b2175c369e408f635e8d476575742ce817d4,.ts,TEST_OR_GATE,false
apps/desktop/tests/unified-authorized-search-application-adapter.test.ts,3188,310915630776442df09595629132146f4cabcfd3cd289f5b3e3ed98114ea05be,.ts,TEST_OR_GATE,false
apps/desktop/tests/unified-authorized-search-ipc-ui.test.ts,4742,de1c6febfa476aef9d35fbfe50f297924cd0dd5d255afb18c9d3ffe31ce616e6,.ts,TEST_OR_GATE,false
apps/desktop/tests/unified-control-visual-contract.test.ts,7514,9f9aa7254d75f7a9f9dd7a48730a349a07abbfdd7fab8b2d0d8c0b4d4265e402,.ts,TEST_OR_GATE,false
apps/desktop/tests/uninstall-backup-assistant.test.ts,2862,1270e2f02e16da9e4e9a3a3a59eea4e563f75623f3ed0f58448c8a816e7c081d,.ts,TEST_OR_GATE,false
apps/desktop/tests/universal-ux-consolidation-ui.test.ts,1129,b9b290bacad3a4b88fc93b5b61bce5b40cd46513aa0dcc303ea43a0e20f68f52,.ts,TEST_OR_GATE,false
apps/desktop/tests/upgrade-data-preservation.test.ts,4065,87ff70a46494b6065e14dff91b3cfa2a1954764fef9ff4530a28a6f34d5e9461,.ts,TEST_OR_GATE,false
apps/desktop/tests/user-facing-ui-copy.test.tsx,1593,1a79e3d848210d62a4b4d83bd06e0134803d5c7aba1b87fb0b032dc8263baa2d,.tsx,TEST_OR_GATE,false
apps/desktop/tests/user-visible-release-boundary-runtime.test.ts,2471,a6fb97740ac14e052bb372ee35932f3fcbc33ab6b8daa41d328332759ea1bb1c,.ts,TEST_OR_GATE,false
apps/desktop/tests/webauthn-ceremony-adapter.test.ts,8127,746deefc0d4778b95919311a15bdec73235e5a5379996a0ed8889dc99d5f7c63,.ts,TEST_OR_GATE,false
apps/desktop/tests/windows-defender-local-ocr-malware-adapter.test.ts,3681,6b3cb7deb5ddb2955d0b51ddb67b988e1195bae1252b87c884eac31e04fbc548,.ts,TEST_OR_GATE,false
apps/desktop/tests/windows-installed-release-uat-contract.test.ts,8329,56f020e4ade26d3e556f8d12a0c6b79d3b0b8f6f35798e0c420e2826eac7be71,.ts,TEST_OR_GATE,false
apps/desktop/tests/windows-installer-experience-uat-contract.test.ts,7665,0096a624b5209de41335d40984aa1b0668701fc171545147d2123c225106a034,.ts,TEST_OR_GATE,false
apps/desktop/tests/windows-installer-retention-policy.test.ts,6592,4cd359e22d8998943ff67d9d1e83c8780576a1c16076baab5264b90d785aab49,.ts,TEST_OR_GATE,false
apps/desktop/tests/windows-media-ocr-engine-adapter.test.ts,7243,157478db4c1768abea0abbe3ed42251c49d647a2f57f8fe4f78bbda5c93120f0,.ts,TEST_OR_GATE,false
apps/desktop/tests/windows-package-provenance-history.test.ts,21490,7080e681d9e83cffc84bf00ed725c5fdd6fd84d59a86e2c2a9563882f659d433,.ts,TEST_OR_GATE,false
apps/desktop/tsconfig.electron.json,211,ea4781abdb59766e241d1b7aeb6d10732e0f63e7dd99d53fdbdd27821302552c,.json,ACTIVE_REFERENCE,true
apps/desktop/tsconfig.renderer.json,314,133a79ee3768df3c8163157b10f5aa09a02548c523e19a8c0d5716a8c492dd52,.json,ACTIVE_REFERENCE,true
apps/desktop/vite.config.ts,583,dabaee019620bb1b57af7626c1f967d17ccd314df44075893ded162334b5a241,.ts,SOURCE_CODE,false
artifacts/checkpoints/33-L_COMPLETION_RECORD.json,2779,d435cacdee739a744644625ef996c0e1c19b1748638ec34f703b811febd194ed,.json,GENERATED,true
artifacts/checkpoints/33-L_COMPLETION_RECORD.json.sha256,94,023b3ae889bdd8341095c301551fe29d65ca26f775fc2ed9561a4f37efb2fb90,.sha256,GENERATED,false
artifacts/checkpoints/33-L_LIBRARY_RECEIPT.json,3194,a687e67af8291eb292f5b62fa18380ed113164d9b9848603c43851710fb7ce55,.json,GENERATED,true
artifacts/checkpoints/33-L_LIBRARY_RECEIPT.json.sha256,92,a638953187ac159fd0d98464d9b237c7ab68174ec65c56274004e71129f1de5f,.sha256,GENERATED,false
artifacts/checkpoints/33-M_COMPLETION_RECORD.json,2586,0c093bf8cc89a32423583c7b3f1f5a89f2805be3d7a4c85a48b6b650a9ebd398,.json,GENERATED,true
artifacts/checkpoints/33-M_COMPLETION_RECORD.json.sha256,94,581e0a4f5426c891e9335e3becccd42d5461238440435a4f37b64912019b39e3,.sha256,GENERATED,false
artifacts/checkpoints/33-M_LIBRARY_RECEIPT.json,2774,c2205f59dd9e22ce1e83daebc2e7597d7ae3f2caa5f9ff87ffd934414edcfa25,.json,GENERATED,true
artifacts/checkpoints/33-M_LIBRARY_RECEIPT.json.sha256,92,8985dfa04a17a463bc2e7c24c7a175ae501b02c773ee3ba7194a56ce8cbd8d94,.sha256,GENERATED,false
artifacts/checkpoints/33-N_COMPLETION_RECORD.json,2539,a60064022b72fd62a9f8bfed874dd95d3f27e01db761b6eaf68c8710e991a31f,.json,GENERATED,true
artifacts/checkpoints/33-N_COMPLETION_RECORD.json.sha256,94,62ae429853e024dfe59deee5e7b3dbe4adf8b082246accf2018b970069216915,.sha256,GENERATED,false
artifacts/checkpoints/33-N_LIBRARY_RECEIPT.json,2727,5d7d24750b738e4f9812bb168999ce0d94f9ada549af92b1e12964b74c85ed39,.json,GENERATED,true
artifacts/checkpoints/33-N_LIBRARY_RECEIPT.json.sha256,92,f29a808d98509438db3a4c1c9630d5feb691b4d5dea6eac9e79c1db15c4c7f16,.sha256,GENERATED,false
artifacts/checkpoints/33-O_COMPLETION_RECORD.json,3021,9b84712e2563964a4857e2122b9a1c1d11cb9240baa3527f7110c721bfab4a51,.json,GENERATED,true
artifacts/checkpoints/33-O_COMPLETION_RECORD.json.sha256,94,2b612b6853616e96ac952ee241bc2d5c3adc912498a19efe3bc2e326fc8fb533,.sha256,GENERATED,false
artifacts/checkpoints/33-O_LIBRARY_RECEIPT.json,3209,b092325280a98c8c68d8f8831e842e3c52249e1481decf0836abe8626d34e94d,.json,GENERATED,true
artifacts/checkpoints/33-O_LIBRARY_RECEIPT.json.sha256,92,86a055d2d2fe5d41ba313a32e795c616dbfb81924cb758220dd141e13b1c80dc,.sha256,GENERATED,false
artifacts/inventory/BRONZE_CURRENT_COMPLETION_AUDIT.json,190705,2ac25ba18f7eafbb13e8413598f29e9cff390d924042cdcf8cb4824e6db55eb0,.json,GENERATED,true
artifacts/inventory/TESLIMAT_CALISMA_AGACI_ENVANTERI.json,,SELF_GENERATED_AFTER_INVENTORY,.json,GENERATED,true
artifacts/manifests/30-Z_FINAL_VALIDATED_STABLE_SOURCE_MANIFEST.json,263193,b9f553b1f6f0050f3c84e310a18862860ab5293c0eafa8eb17b85ed5a4aec53a,.json,GENERATED,true
artifacts/manifests/32-U-ppk-025-cyclonedx-sbom.json,622644,69de8b685b909d892ddccad0586a3afaa7c61beeade66bed1375271940636d1b,.json,GENERATED,true
artifacts/manifests/32-U-ppk-025-third-party-notices.json,185983,eacffeaa5f0a8f68e74f8c21a1e72af0cf59a498fc80eaa10f3ae7551b411a7a,.json,GENERATED,true
artifacts/manifests/32-U-ppk-025-third-party-notices.txt,92161,45e5cc0c8b1941e738fbfc92c84a5330742b3dc63b1bf4a7629f772e5b9ff4f6,.txt,GENERATED,true
artifacts/manifests/32-V-ppk-026-generated-policy-client.json,604,ede81b54ba501972ddde459c6d5715ed4b7fae2b6c622b183444e41214cd2119,.json,GENERATED,true
artifacts/manifests/AI_CONSENT_VERIFICATION_BUILD73.json,698,a6c4ccb3a974326a093a2d6708452ccc180656840d10d1d83dfb19eecfd35894,.json,HISTORICAL,true
artifacts/manifests/ALL_DOCUMENTS_INDEX.csv,,SELF_GENERATED_AFTER_INVENTORY,.csv,GENERATED,true
artifacts/manifests/ALL_DOCUMENTS_INDEX.json,,SELF_GENERATED_AFTER_INVENTORY,.json,GENERATED,true
artifacts/manifests/ALL_DOCUMENTS_INDEX.md,,SELF_GENERATED_AFTER_INVENTORY,.md,GENERATED,true
artifacts/manifests/ALL_PROJECT_DOCUMENT_FORMAT_AUDIT.json,15706047,3d6243eba2f179674827aed25dc6c04da916dd90b0bce6b3862a13602429056b,.json,GENERATED,true
artifacts/manifests/ARCHIVE_CLASSIFICATION_VERIFICATION_BUILD72.json,746,bc6fafa77a8d63f95702c7303ae810d740fdbab489240de706bb266d85b251ad,.json,HISTORICAL,true
artifacts/manifests/ARCHIVE_OPEN_VERIFICATION_BUILD77.json,322,f89c2d2d82832198b53ff669f86c8411de9b477f2e87ef68645b5bbca435fd22,.json,HISTORICAL,true
artifacts/manifests/ARCHIVE_SEARCH_VERIFICATION_BUILD78.txt,555,db35b9f26dbbfaefe359f4baa66c672bbc86483d9c4d2057305e944d4cf19471,.txt,HISTORICAL,true
artifacts/manifests/ARCHIVE_USE_CASE_VERIFICATION_MVP56.json,1031,383b2467bb76f7de171774fc0aeafe6221874e874968e518fd802cb4afebac49,.json,HISTORICAL,true
artifacts/manifests/AUTH_SESSION_VERIFICATION_MVP50.json,1182,ffe2b356a9f45b6028fba0c880de81a95cd97849ef4967f93b710cf857e812c6,.json,HISTORICAL,true
artifacts/manifests/AUTH_SESSION_VERIFICATION_MVP51.json,1174,b3109f862909a275cbe893511c63102ac9309b745ea6838d174f7919d208a5f9,.json,HISTORICAL,true
artifacts/manifests/AUTH_SESSION_VERIFICATION_MVP52.json,1164,617c6c176c2a642de9b862fd2ce1dad390ab1eb831e011c20a598ef4c6e3d8a8,.json,HISTORICAL,true
artifacts/manifests/AUTH_SESSION_VERIFICATION_MVP53.json,1176,ae9d3046dc8ffe7e1710942d4372e98aec4be64ce00d494a7cfbc0ef5d1ee483,.json,HISTORICAL,true
artifacts/manifests/AUTH_SESSION_VERIFICATION_MVP54.json,1185,016016903d346e392b6551d192b61aabbb94fbee0a6b1fc2d7363459895e228e,.json,HISTORICAL,true
artifacts/manifests/AUTH_SESSION_VERIFICATION_MVP55.json,1185,138284a8c017918856ed41f2bc0a464559a71832e0bb566cb6c6b49e909a7ddc,.json,HISTORICAL,true
artifacts/manifests/AUTH_SESSION_VERIFICATION_MVP56.json,1147,f8c0dd6ffe51ea60868455606a32d7f41c618ef76b909b0f3e641a886446c0a6,.json,HISTORICAL,true
artifacts/manifests/AUTHORIZATION_AUDIT_VERIFICATION_MVP52.json,836,27e7598867035b9b4ed703e9042bef0b77c4a3fab8aa01b4bf5e4e9d5d2bd292,.json,HISTORICAL,true
artifacts/manifests/AUTHORIZATION_AUDIT_VERIFICATION_MVP53.json,836,2d8a35723569cc7de30952f604dbb47545d09894ce6d8415726cd78fef6413da,.json,HISTORICAL,true
artifacts/manifests/AUTHORIZATION_AUDIT_VERIFICATION_MVP54.json,836,2bb44d2e892d452c9b4fa7506c239cc1ca04f489396dabe724a8f129500383c3,.json,HISTORICAL,true
artifacts/manifests/AUTHORIZATION_AUDIT_VERIFICATION_MVP55.json,836,f24e7a5fd385c3e3ad47eaaed37c2afb983a9e252cf08db6f8bc9e8b017521bf,.json,HISTORICAL,true
artifacts/manifests/AUTHORIZATION_AUDIT_VERIFICATION_MVP56.json,1122,b665620f19429f98e843144251ff45ffd0f9b3db1541039e96592b4690c0b290,.json,HISTORICAL,true
artifacts/manifests/BASELINE_MVP40_21.07.2026.40.json,39554,8ad575aa9ee56d6d6541b8075cf709d18a9473159a9edf4bd6280294e94899bc,.json,HISTORICAL,true
artifacts/manifests/BASELINE_MVP43_23.07.2026.43.json,54754,cbc093baf76177547ca175707d7f380d217dc04b242afb33215a14716c368c89,.json,HISTORICAL,true
artifacts/manifests/BASELINE_MVP44_23.07.2026.44.json,58624,80b95f90fb71345332472a8b2fb562234dc2652b51bf254ee310a53f71fbde9f,.json,HISTORICAL,true
artifacts/manifests/BASELINE_MVP46_23.07.2026.46.json,65948,f17c509b01e8945a383fffec1446db7efb8aaca724b5259ed7f8ded25e5e81d8,.json,HISTORICAL,true
artifacts/manifests/BASELINE_MVP47_23.07.2026.47.json,69825,65abd47cbcea3b8aa3ec734e810056d9880e45fcba618023b602e991d9421d45,.json,HISTORICAL,true
artifacts/manifests/BRONZE_DATABASE_GATE_MVP43.txt,297,4d7861f23507d61774d5d687df630428fb5aff035d0a007fb9f76330fe52df29,.txt,HISTORICAL,true
artifacts/manifests/BRONZE_DATABASE_GATE_MVP44.txt,127,78a3de66677a6031a5390475de99475a670b85a384f9cbb1a2c0038795899118,.txt,HISTORICAL,true
artifacts/manifests/BRONZE_DATABASE_GATE_MVP46.txt,153,d317dd48d749b7e07cac4767f56a9585778137fd44f3d500deb5308ba69feff3,.txt,HISTORICAL,true
artifacts/manifests/BRONZE_DATABASE_GATE_MVP47.txt,155,29985640814d882e6ea4d02b462577c88e0cc242aea4771373421627393875ac,.txt,HISTORICAL,true
artifacts/manifests/BRONZE_DATABASE_GATE_MVP48.txt,143,b416e3fecfbcf81c363def7ec58c0aae240bf8e64fef86addeb1bf0804d166a4,.txt,HISTORICAL,true
artifacts/manifests/BRONZE_DATABASE_GATE_MVP49.txt,145,1dece369e0e00bb8702d9a1566ffba2a3c4677183b343343af24c0e3f7250d54,.txt,HISTORICAL,true
artifacts/manifests/BRONZE_RUNTIME_GATE_MVP42.txt,85,11b7556324266c5cba514c806283de3f666715e84adc9fd631a2ae7c23ed22b6,.txt,HISTORICAL,true
artifacts/manifests/build199-sha256s.txt,197107,5bb2abaafbadfa621cc35edbb5d10af4b7ebe6e1e31479f478383be7c135ef3f,.txt,HISTORICAL,true
artifacts/manifests/build199-source-manifest.json,256376,e45125ce8828e88826e6c2523846a7cf51635aa984428abe60e3cb88a4cf76b1,.json,HISTORICAL,true
artifacts/manifests/CHANGESET_MVP41_23.07.2026.41.json,2127,3d4f7c727448006370ea8327a8ecb9fe09fb1edab3d49dc1c3edf7d6556c518e,.json,HISTORICAL,true
artifacts/manifests/CHANGESET_MVP42_23.07.2026.42.json,957,ff8029d9ffb33b839d8a31644424de47ecc195e9193d7ffe685c8de73526b115,.json,HISTORICAL,true
artifacts/manifests/CHANGESET_MVP43_23.07.2026.43.json,2126,cf9a50c153cfd142d4e4f3f5ac3b4bcc4480cc2bbe42e308980a0fd48492ea62,.json,HISTORICAL,true
artifacts/manifests/CHANGESET_MVP44_23.07.2026.44.json,1796,95248dd64de14b60b6ecb3c8fc099f252a0874adaca81ac2201c03303fc0a81c,.json,HISTORICAL,true
artifacts/manifests/CHANGESET_MVP45_23.07.2026.45.json,1057,0ae80fa589feb549e3dc37e6cfd9965549c982ea8ae35a755271d2b6d5fcf7bf,.json,HISTORICAL,true
artifacts/manifests/CHANGESET_MVP46_23.07.2026.46.json,1548,e39a186f20f63002d8686dba2964417bfd6e68e8b18aa830b44e9cbc68b550ff,.json,HISTORICAL,true
artifacts/manifests/CHANGESET_MVP47_23.07.2026.47.json,1118,9826b3bbb62329b1414218d720b76394fb3e0591a674eefaeadfc072cab1c697,.json,HISTORICAL,true
artifacts/manifests/CHANGESET_MVP48_23.07.2026.48.json,1338,e6631e45ef0edd42990428ce949b21f7be3e0d81f906e4c1f44a626f3f905d71,.json,HISTORICAL,true
artifacts/manifests/CHANGESET_MVP49_23.07.2026.49.json,1785,fcc3bae117861f7b024cf60ddeedb54cf0ebd024a084988a52805aaf366126d0,.json,HISTORICAL,true
artifacts/manifests/CHANGESET_MVP50_23.07.2026.50.json,994,35f848240098c66d2ceec56d83f0caeae86961858c429220af2ea7e6bf3f182c,.json,HISTORICAL,true
artifacts/manifests/CHANGESET_MVP51_23.07.2026.51.json,1471,d7e20fba002ddbb90711aebde5bc280ba06d8ca6db0340c675ff3c9970d65e70,.json,HISTORICAL,true
artifacts/manifests/CHANGESET_MVP52_23.07.2026.52.json,1259,a4bc58912e53b5d7a12072ab2d271b535aa5837c022ba8d81591cdba07b9798c,.json,HISTORICAL,true
artifacts/manifests/CHANGESET_MVP53_23.07.2026.53.json,1510,a461b45fa3f7fd3aa6efb25e71536e08ec60d734da285efd2ca1007303c52846,.json,HISTORICAL,true
artifacts/manifests/CHANGESET_MVP54_23.07.2026.54.json,1197,14de920c696e078e14578c9395e35dfc4e711b5d79ef9a7bd819c8f14d49d84d,.json,HISTORICAL,true
artifacts/manifests/CHANGESET_MVP55_24.07.2026.55.json,751,102213a06d062ac03406afcada3b4be2205e0c5195000b9b647b17952cb897ba,.json,HISTORICAL,true
artifacts/manifests/CHANGESET_MVP56_24.07.2026.56.json,730,3c9287024d3e5131a2cd0028059fadfd2893809d5472b24ac5e5a8c98d715906,.json,HISTORICAL,true
artifacts/manifests/DASHBOARD_OVERVIEW_VERIFICATION_MVP49.json,1340,56787ccee9800e8c6e518f01871d85c12640e8196be05b047052a0c4667b5586,.json,HISTORICAL,true
artifacts/manifests/DASHBOARD_OVERVIEW_VERIFICATION_MVP50.json,1353,e2668aa8c0b6c259593f9fa4f033b57acf990ab7a721b57221880ac98925221a,.json,HISTORICAL,true
artifacts/manifests/DASHBOARD_OVERVIEW_VERIFICATION_MVP51.json,1345,9c3f3e67ee18cf3650b4f8f5940c732a18d6ff250a0c4919cf648517ed7d3eb0,.json,HISTORICAL,true
artifacts/manifests/DASHBOARD_OVERVIEW_VERIFICATION_MVP52.json,1335,afff9210e93ddf155d2c35b5352e5dc5b1b6b0fa360bcc775b3156950b03de73,.json,HISTORICAL,true
artifacts/manifests/DASHBOARD_OVERVIEW_VERIFICATION_MVP53.json,1347,1ce6e6e8614d6e0df497be4c116397bdf7f6a736f049055bb5f0ff11629534a2,.json,HISTORICAL,true
artifacts/manifests/DASHBOARD_OVERVIEW_VERIFICATION_MVP54.json,1356,a24fb190642debd76f0d0a2998e9ae898e4588a90564b9908c902222cd14da1b,.json,HISTORICAL,true
artifacts/manifests/DASHBOARD_OVERVIEW_VERIFICATION_MVP55.json,1356,de9ad5fa355748e34b580c569a51c13733e10d94763daa7364fc39e98df16579,.json,HISTORICAL,true
artifacts/manifests/DASHBOARD_OVERVIEW_VERIFICATION_MVP56.json,1335,cb1c8ace215105666dc5aae52ef28cefe8349725286a3ea2ea6f9f34889983d7,.json,HISTORICAL,true
artifacts/manifests/DATA_STORE_SMOKE_MVP41.json,106,23c57898f4abbae26157d789a4fcd686039b6c0ea7a59834bae1f5cf4db04281,.json,HISTORICAL,true
artifacts/manifests/DATA_STORE_SMOKE_MVP42.json,106,23c57898f4abbae26157d789a4fcd686039b6c0ea7a59834bae1f5cf4db04281,.json,HISTORICAL,true
artifacts/manifests/DATA_STORE_SMOKE_MVP43.json,366,cc638906b35928dee0cff91a70157d7beb25ab70238a1e6a29a48a4d8b953c9c,.json,HISTORICAL,true
artifacts/manifests/DATA_STORE_SMOKE_MVP44.json,374,1e8e9c4557a36659650a296542ee99a130840ac003d77073df982787094448b1,.json,HISTORICAL,true
artifacts/manifests/DATA_STORE_SMOKE_MVP45.json,381,0f15920aad48457315f5bcdd7761ad86d5f7890f264dc246331c1e29ed46dfee,.json,HISTORICAL,true
artifacts/manifests/DATA_STORE_SMOKE_MVP46.json,410,7bb12d5bb4b8fa34d46a81a264aff697409943062991bf05db8a9756b9ce6bc5,.json,HISTORICAL,true
artifacts/manifests/DATA_STORE_SMOKE_MVP47.json,402,4c15617a92cb185fc8b6d2ded1c38fab0d2300915f35b02d6d89182ecdfb2994,.json,HISTORICAL,true
artifacts/manifests/DATA_STORE_SMOKE_MVP48.json,386,8f6d655ebd9d1b66e4e526ce3ae7394df143d547f3cab2fe54cba3d8aaa86b6c,.json,HISTORICAL,true
artifacts/manifests/DATA_STORE_SMOKE_MVP49.json,373,48db49a41da00b4912a91be39186084b0ddc4302fbd05a98618382c5cb3acda3,.json,HISTORICAL,true
artifacts/manifests/DATA_STORE_SMOKE_MVP50.json,385,b2e12bac5f5c6afa3650c97ca561393d8d74fc2547ca3bcaf9873d161b722427,.json,HISTORICAL,true
artifacts/manifests/DATA_STORE_SMOKE_MVP51.json,428,04944855fcc058bc768f5057b4be15799bcd8eb7c8c11f3e48fe268227840c78,.json,HISTORICAL,true
artifacts/manifests/DATA_STORE_SMOKE_MVP52.json,425,acb94c6ad88b0d5db05f9304bdb46f76348e2a0feac36dd4130a71d66bb2cef1,.json,HISTORICAL,true
artifacts/manifests/DATA_STORE_SMOKE_MVP53.json,444,7ca57016144fc48ceae03018159db82670df0e50b05069617175a6816cde0711,.json,HISTORICAL,true
artifacts/manifests/DATA_STORE_SMOKE_MVP54.json,460,e5791f0160747897cc15421bae0b76de0e0975ca26af62110b3383c592f430ed,.json,HISTORICAL,true
artifacts/manifests/DATA_STORE_SMOKE_MVP55.json,468,46f4d21874a67cd00f99dbdfd64dc024fc20df3f7aa9fc10cf1a88b57e7446ea,.json,HISTORICAL,true
artifacts/manifests/DATA_STORE_SMOKE_MVP56.json,478,a05b7e462e8eb6714b9c527bf5109647e1569f447969b66eb46b3218cb0bcc2e,.json,HISTORICAL,true
artifacts/manifests/DATA_STORE_SMOKE_MVP59.json,475,71e50cac6a73553f018ca06e89d58f6ede6f116445a5b372d1746e1bf2443b82,.json,HISTORICAL,true
artifacts/manifests/DATA_STORE_SMOKE_MVP60.json,1357,41f83242324b6973babdd3a1aef51c43c9974fb601c738719903d3b67cd56f8c,.json,HISTORICAL,true
artifacts/manifests/DATABASE_MIGRATION_VERIFICATION_MVP43.json,1297,8320f6e87d1707309f8d43480129be585e41500bdc2f36b29f6d55c3bf248294,.json,HISTORICAL,true
artifacts/manifests/DATABASE_MIGRATION_VERIFICATION_MVP44.json,1611,e0cb0893f71140bac97a4d160ea40d31832a1557c6665f823c1264753685e77f,.json,HISTORICAL,true
artifacts/manifests/DATABASE_MIGRATION_VERIFICATION_MVP45.json,1611,e0cb0893f71140bac97a4d160ea40d31832a1557c6665f823c1264753685e77f,.json,HISTORICAL,true
artifacts/manifests/DATABASE_MIGRATION_VERIFICATION_MVP46.json,1640,2cda8d2acd11b394408d8eb0b655cfac1a231fb388408f11ade9a53731ec6934,.json,HISTORICAL,true
artifacts/manifests/DATABASE_MIGRATION_VERIFICATION_MVP47.json,1632,6e308d5ff36626029d6550797379457c8a24d547fb3df811220db5143180132d,.json,HISTORICAL,true
artifacts/manifests/DATABASE_MIGRATION_VERIFICATION_MVP48.json,1659,c4c4af89eb332bc28ca1d9df763ea64749f846d9a15ee6c178cc51c18475a0bc,.json,HISTORICAL,true
artifacts/manifests/DATABASE_MIGRATION_VERIFICATION_MVP49.json,1646,ce4b98b6f56e3e92592fd5b73a2e95e6499945f389faf468fcfa0a621eea7268,.json,HISTORICAL,true
artifacts/manifests/DATABASE_MIGRATION_VERIFICATION_MVP50.json,1659,1482efc93b23bd07fd795d13bec2051eef8419de200cfc4415102ba2cc25527c,.json,HISTORICAL,true
artifacts/manifests/DATABASE_MIGRATION_VERIFICATION_MVP51.json,1802,12751fae69a442557288d045f765047d99ad0fafb7ff455a262da8e4b6f923e1,.json,HISTORICAL,true
artifacts/manifests/DATABASE_MIGRATION_VERIFICATION_MVP52.json,1957,e81757a38a10f09de00c3b0c25589f632e3bfbde8a2ef5c8e5065f9c6273c342,.json,HISTORICAL,true
artifacts/manifests/DATABASE_MIGRATION_VERIFICATION_MVP53.json,2143,00643bf5b2660c1f0ab1e2ccfeca45c5828d067e4691335878675ad8f9ab986d,.json,HISTORICAL,true
artifacts/manifests/DATABASE_MIGRATION_VERIFICATION_MVP54.json,2314,fd0594769952f42eef2670514ddc51649875b566b4359975b110e5a93453a6d5,.json,HISTORICAL,true
artifacts/manifests/DATABASE_MIGRATION_VERIFICATION_MVP55.json,2478,7ae9270fb23c4b529044430ef376ca1ce95b12983a2ca792e1a6f80e442b12d6,.json,HISTORICAL,true
artifacts/manifests/DATABASE_MIGRATION_VERIFICATION_MVP56.json,21659,b3e9609adf86777e980f7249653922af3cda3a1c479403f9bd98f01e397b94b8,.json,HISTORICAL,true
artifacts/manifests/EVENT_DISPATCHER_VERIFICATION_MVP45.json,329,0e33b35273cb4d5ad8239868c7696b363c9c81ae0bdfd9c782ffc6d2f656ba93,.json,HISTORICAL,true
artifacts/manifests/EVENT_DISPATCHER_VERIFICATION_MVP46.json,327,465e3dd94afb738834ace1aa1f79203aa893804eb6f0709dfb2a0efde6e53346,.json,HISTORICAL,true
artifacts/manifests/EVENT_DISPATCHER_VERIFICATION_MVP47.json,319,80a00f0d161a42ed2aaf1eae8227da8a27d283d41c2cdbccb088cb71399c0f1a,.json,HISTORICAL,true
artifacts/manifests/EVENT_DISPATCHER_VERIFICATION_MVP48.json,457,fa22836daa2e08f4a1cb57bc7d38787c5fba9119b8225dd785f92e98a9de0d7c,.json,HISTORICAL,true
artifacts/manifests/EVENT_DISPATCHER_VERIFICATION_MVP49.json,444,64c4374b227b797310ac85c46b1cd317cf7b1962c901a7b8d9d56094804a032e,.json,HISTORICAL,true
artifacts/manifests/EVENT_DISPATCHER_VERIFICATION_MVP50.json,306,0cec96862667cfc10d0a4b80b331cd9ee0bdfa1b714cc476d97e0b0c01fa7c6c,.json,HISTORICAL,true
artifacts/manifests/EVENT_DISPATCHER_VERIFICATION_MVP51.json,338,1e3ac4ebc8ac754754f7f2c17fd25e82a355b5557c49369f12b6d56508f76fe8,.json,HISTORICAL,true
artifacts/manifests/EVENT_DISPATCHER_VERIFICATION_MVP52.json,328,34209e2da7382aee583e3dae35d3f17c9059bbb30d32ac1108595b855ab74913,.json,HISTORICAL,true
artifacts/manifests/EVENT_DISPATCHER_VERIFICATION_MVP53.json,340,8b48e1ca83ca59161b5aa52c6effc19c4acb87d4e1878ee68d757c49554572a7,.json,HISTORICAL,true
artifacts/manifests/EVENT_DISPATCHER_VERIFICATION_MVP54.json,349,0feaad4c96d944380ddd47be81812331e813ae2e808f91904aefd9b537c29783,.json,HISTORICAL,true
artifacts/manifests/EVENT_DISPATCHER_VERIFICATION_MVP55.json,349,f5c1021e04df8856779163c531ba0dc72dccbdcf53bf6b423891b9edb30228af,.json,HISTORICAL,true
artifacts/manifests/EVENT_DISPATCHER_VERIFICATION_MVP56.json,311,2d084d4e1a9c246bea96e0e705397cd8aa9ced6dfcf8e4603033d5e8dfe6d160,.json,HISTORICAL,true
artifacts/manifests/FAMILY_USE_CASE_VERIFICATION_MVP46.json,877,4afd05884d16cb4c1e6ea846bcc5015ac9a6da571ab398c45bbad5ce526ecd24,.json,HISTORICAL,true
artifacts/manifests/FAMILY_USE_CASE_VERIFICATION_MVP47.json,869,3f49a902f3943b58f94e90d6ca0aacb056ecd85bc93e38f97bc2ba184e9637b1,.json,HISTORICAL,true
artifacts/manifests/FAMILY_USE_CASE_VERIFICATION_MVP48.json,292,9720d711471645e9a0a61a8b246f3733ec53d8a880f7ac835fb53d8f625a8d08,.json,HISTORICAL,true
artifacts/manifests/FAMILY_USE_CASE_VERIFICATION_MVP49.json,243,d3e107dd797cdc3d6f81527b5a895e1327fe1455b2da2452798cc178f5f1c5d8,.json,HISTORICAL,true
artifacts/manifests/FAMILY_USE_CASE_VERIFICATION_MVP50.json,287,4b1df7b9cad8ac7274e0fc00479699f17ed33805a64fde91197b29adae127dc0,.json,HISTORICAL,true
artifacts/manifests/FAMILY_USE_CASE_VERIFICATION_MVP51.json,888,fdac03ab33d5faaf248f424326ed669b30c904c022e402a74a8fcdd5438e0be2,.json,HISTORICAL,true
artifacts/manifests/FAMILY_USE_CASE_VERIFICATION_MVP52.json,878,ece4fd91effb1864972f2ab695066e63ce0994a994ae43ff72c0ef81191fdf10,.json,HISTORICAL,true
artifacts/manifests/FAMILY_USE_CASE_VERIFICATION_MVP53.json,890,e711e0d8c05ea7876043b3593a1e958984ae0187d5282fb7e629dcc45f3f93b7,.json,HISTORICAL,true
artifacts/manifests/FAMILY_USE_CASE_VERIFICATION_MVP54.json,899,73aee1ee69add27bb08075589e42f10769b286eb7627825e481bbf1c20ef249b,.json,HISTORICAL,true
artifacts/manifests/FAMILY_USE_CASE_VERIFICATION_MVP55.json,899,d22d593a4535d11e30453e31bd914f767ace1e1141042188ca3dcadf40c47b1f,.json,HISTORICAL,true
artifacts/manifests/FAMILY_USE_CASE_VERIFICATION_MVP56.json,861,0cb5c03fa4dd617390e4ba6ccddee35e4bf0a237945302b26934598d2ddb70dd,.json,HISTORICAL,true
artifacts/manifests/FINANCE_USE_CASE_VERIFICATION_MVP55.json,824,9ee0cbde5ffc38f1f7dabe587716ecc47b2e18e8c288c89b04b36c034147526f,.json,HISTORICAL,true
artifacts/manifests/FINANCE_USE_CASE_VERIFICATION_MVP56.json,894,eb6d7d13b52c26a9d4f4084b512ff3b61fc89ce649dc216eaae6846da9cd358e,.json,HISTORICAL,true
artifacts/manifests/FOUNDATION_VERIFICATION_MVP41.json,476,05a92e471d2fe3e2a9d0abc15de2a545a91a3105b288851c63907cf612453830,.json,HISTORICAL,true
artifacts/manifests/FOUNDATION_VERIFICATION_MVP42.json,476,05a92e471d2fe3e2a9d0abc15de2a545a91a3105b288851c63907cf612453830,.json,HISTORICAL,true
artifacts/manifests/FOUNDATION_VERIFICATION_MVP43.json,476,05a92e471d2fe3e2a9d0abc15de2a545a91a3105b288851c63907cf612453830,.json,HISTORICAL,true
artifacts/manifests/FOUNDATION_VERIFICATION_MVP44.json,476,05a92e471d2fe3e2a9d0abc15de2a545a91a3105b288851c63907cf612453830,.json,HISTORICAL,true
artifacts/manifests/FOUNDATION_VERIFICATION_MVP45.json,476,05a92e471d2fe3e2a9d0abc15de2a545a91a3105b288851c63907cf612453830,.json,HISTORICAL,true
artifacts/manifests/FOUNDATION_VERIFICATION_MVP46.json,476,05a92e471d2fe3e2a9d0abc15de2a545a91a3105b288851c63907cf612453830,.json,HISTORICAL,true
artifacts/manifests/FOUNDATION_VERIFICATION_MVP47.json,476,05a92e471d2fe3e2a9d0abc15de2a545a91a3105b288851c63907cf612453830,.json,HISTORICAL,true
artifacts/manifests/FOUNDATION_VERIFICATION_MVP48.json,617,a7966119a3dfb6bf6557865675f84393665a78c2791fbea0b33961b623d08f87,.json,HISTORICAL,true
artifacts/manifests/FOUNDATION_VERIFICATION_MVP49.json,678,c809e5c26d1fd832b156b0fe4c9af07400986ecc0fe4aeb40fcb5bd1ff8e1fe1,.json,HISTORICAL,true
artifacts/manifests/FOUNDATION_VERIFICATION_MVP50.json,255,8e73760d090ff949c4e5ec30622e47f25d2e0c91fcc62bb7dce5e20468e66b3f,.json,HISTORICAL,true
artifacts/manifests/GENEALOGY_READ_MODEL_VERIFICATION_MVP47.json,608,f258f897cbdf7fe488834c4d69f2bb57c05ed543e0ae8d2684b8d14a5bcef010,.json,HISTORICAL,true
artifacts/manifests/GENEALOGY_READ_MODEL_VERIFICATION_MVP48.json,635,34e2a99576b550ef2eb597161f68e9712b584e3225cf218fe4619246f7a85ef9,.json,HISTORICAL,true
artifacts/manifests/GENEALOGY_READ_MODEL_VERIFICATION_MVP49.json,622,88c8c5e2f8b30e2d13b86bb2ebc886dfe9a5c7ee12f29ac7a451a4053a146036,.json,HISTORICAL,true
artifacts/manifests/GENEALOGY_READ_MODEL_VERIFICATION_MVP50.json,635,b82b75c2c646bd4a4127d494d06853c07fe0ef5af34598e1958fae954cdbd442,.json,HISTORICAL,true
artifacts/manifests/GENEALOGY_READ_MODEL_VERIFICATION_MVP51.json,627,50c3a382f82c04ba9cdb6c1d417983e5044886c05aa82a2983ed5830bde00598,.json,HISTORICAL,true
artifacts/manifests/GENEALOGY_READ_MODEL_VERIFICATION_MVP52.json,617,e5bba2db0c555ec92e5bb5de76489b05d46eb5c84eba7ae3f1fa5698ce0f4c8c,.json,HISTORICAL,true
artifacts/manifests/GENEALOGY_READ_MODEL_VERIFICATION_MVP53.json,629,b133fb690283be43192037bf89957f375bf029fb8a9dd4fdf9357d6b0621044b,.json,HISTORICAL,true
artifacts/manifests/GENEALOGY_READ_MODEL_VERIFICATION_MVP54.json,638,c99665eba8bc810c28e1e469e6e6940fe0e0ac5b61252bb02d936a35d191fa76,.json,HISTORICAL,true
artifacts/manifests/GENEALOGY_READ_MODEL_VERIFICATION_MVP55.json,638,9ddb687e72bb9ea62e0f287171c575c84ab70d545d95f1054ea3c75318ffaffa,.json,HISTORICAL,true
artifacts/manifests/GENEALOGY_READ_MODEL_VERIFICATION_MVP56.json,613,968ef9557ffdab6d1bc88d72a5f8c1a84185102d69c7fa6d7bd4f301cd9c9192,.json,HISTORICAL,true
artifacts/manifests/HEALTH_USE_CASE_VERIFICATION_MVP54.json,1239,352e00d0aa2f91893834f691906421348433495698acc984da4ee25865237e6d,.json,HISTORICAL,true
artifacts/manifests/HEALTH_USE_CASE_VERIFICATION_MVP55.json,1239,a0de071b61d6116dc42f450b79bfde43db2734b568a0a42301b594da14f1110f,.json,HISTORICAL,true
artifacts/manifests/HEALTH_USE_CASE_VERIFICATION_MVP56.json,1201,8a98b4d0a64aac4212a0969694995c6d54af5c509b79e2b3caf691933c610437,.json,HISTORICAL,true
artifacts/manifests/LEGACY_USE_CASE_VERIFICATION_MVP57.json,807,98083096f86c4e9bf3f809c504d7baffd7e62b18e4bc18690e205de2d0ea29a9,.json,HISTORICAL,true
artifacts/manifests/LIFE_USE_CASE_VERIFICATION_MVP56.json,1777,1fc99a9634fa0efcfb32674e968e1df107d2573cf9a20d83516f1d543d90b800,.json,HISTORICAL,true
artifacts/manifests/MEMBERSHIP_COLLABORATION_VERIFICATION_MVP53.json,1517,e3d7a31a1a57ff48ed75b08b16cd97e04b48977918adb18966940570ef994e6f,.json,HISTORICAL,true
artifacts/manifests/MEMBERSHIP_COLLABORATION_VERIFICATION_MVP54.json,1526,9e8acf0c37a29d8fc8ccbed4c8fb563e3b00741ce0b9b31ff98daaf7f22ec4fd,.json,HISTORICAL,true
artifacts/manifests/MEMBERSHIP_COLLABORATION_VERIFICATION_MVP55.json,1526,eb0afd7d2f5f856977cec90e749429788f96f250693cf59cf405f69c4f1fc46d,.json,HISTORICAL,true
artifacts/manifests/MEMBERSHIP_COLLABORATION_VERIFICATION_MVP56.json,1578,98c9b2c8dad27617200cc09270a11dcf7c7c8314887adae284a1b3fb95a62091,.json,HISTORICAL,true
artifacts/manifests/MFA_TRUSTED_DEVICE_VERIFICATION_MVP51.json,1268,2eb899636a71b65d110c75bc76ceb76838d9ac099e77c2e4f14393a5bcc1c4a9,.json,HISTORICAL,true
artifacts/manifests/MFA_TRUSTED_DEVICE_VERIFICATION_MVP52.json,1258,de9364f54611ef60687d828d1e606f7b92aa6fdecc14a963be4818090de624ae,.json,HISTORICAL,true
artifacts/manifests/MFA_TRUSTED_DEVICE_VERIFICATION_MVP53.json,1270,44d7c46be02baa154a768da2785d9ab3124057ed9b87ad65c90029a65b7185fc,.json,HISTORICAL,true
artifacts/manifests/MFA_TRUSTED_DEVICE_VERIFICATION_MVP54.json,1279,bd47bfe8ed5b2209896bbc48de891497cdc08281c36542bd0ac1540543c71ac9,.json,HISTORICAL,true
artifacts/manifests/MFA_TRUSTED_DEVICE_VERIFICATION_MVP55.json,1279,aa185ba4f239f614e3445cc89e6c6e73ca6039fa49af452e18b241e9b0a9f9e8,.json,HISTORICAL,true
artifacts/manifests/MFA_TRUSTED_DEVICE_VERIFICATION_MVP56.json,1241,053900478bf9417689377afe8f2d82cb5460dd052dad0c01fcefcdfaaabd0f46,.json,HISTORICAL,true
artifacts/manifests/MONTHLY_SOURCE_INVENTORY.json,403177,96735f7df30ccd7345147b77fddedaaa6721d4d737ffb03e6920075148c4f2fb,.json,GENERATED,true
artifacts/manifests/PACKAGE_MANIFEST_MVP52.json,82034,d2992f84d1e4af88ab82cf4e8de63175a1f0bfd6c891dff920fcf3e2c274aa33,.json,HISTORICAL,true
artifacts/manifests/PACKAGE_MANIFEST_MVP56.json,103978,210113228d712bfe1b4b77ff0cddc3cfd3e35272732183077abf9ab66e3fb299,.json,HISTORICAL,true
artifacts/manifests/PACKAGE_SHA256_MVP55.txt,59400,347548f7f2ea74eda16c398c573848aed373a4eb75d68f2e591678687c97b9c5,.txt,HISTORICAL,true
artifacts/manifests/PACKAGE_VERIFICATION_MVP53.json,736,6ff5e85f5bed55f84b377a83406251d434b9f23d4eb467d282671eb6d1f10c17,.json,HISTORICAL,true
artifacts/manifests/PACKAGE_VERIFICATION_MVP54.json,745,7489a1451af162a6b034d9e43eb7f2d9ebe29806d1d88b11f69f4b38de39815f,.json,HISTORICAL,true
artifacts/manifests/PACKAGE_VERIFICATION_MVP56.json,371,325ca71f2fa7ea54622dfd3f9ea494caae717336190c4bca4580faaa84507e80,.json,HISTORICAL,true
artifacts/manifests/PROJECT_ARTIFACT_INDEX.csv,,SELF_GENERATED_AFTER_INVENTORY,.csv,GENERATED,true
artifacts/manifests/PROJECT_ARTIFACT_INDEX.json,,SELF_GENERATED_AFTER_INVENTORY,.json,GENERATED,true
artifacts/manifests/PROJECT_ARTIFACT_INDEX.md,,SELF_GENERATED_AFTER_INVENTORY,.md,GENERATED,true
artifacts/manifests/REPORT_SUMMARY_VERIFICATION_BUILD74.txt,601,8357b8c442eaa3df71a46b7f5e9bb8fb6a9f64921436bfa187cba627548c4db9,.txt,HISTORICAL,true
artifacts/manifests/REPOSITORY_OUTBOX_VERIFICATION_MVP44.json,97,7e8ce9b00e818e311b44ad9c87bc745928ababa31f73c8da4685bf3f6598626d,.json,HISTORICAL,true
artifacts/manifests/REPOSITORY_OUTBOX_VERIFICATION_MVP45.json,97,87dab968fdf9c0865bad2d4e5525924e477b8aebfc4c6e4e4d774fbb1c862ae5,.json,HISTORICAL,true
artifacts/manifests/REPOSITORY_OUTBOX_VERIFICATION_MVP46.json,126,43a085641050a8d70150bc213cc68f1d1e9a46e2cf6d6171474f11b71431a3a0,.json,HISTORICAL,true
artifacts/manifests/REPOSITORY_OUTBOX_VERIFICATION_MVP47.json,118,60aba1cdb41b3afcbb1052a7c2673c131d3dd4c8327cb32686bc9be8899f66fe,.json,HISTORICAL,true
artifacts/manifests/REPOSITORY_OUTBOX_VERIFICATION_MVP48.json,325,81f69f1312197eb2c8ba046a5e484e6219f7d8c4f151c899b2d25200b402fbd3,.json,HISTORICAL,true
artifacts/manifests/REPOSITORY_OUTBOX_VERIFICATION_MVP49.json,243,af49ed0d27c398528da8214bb029cdd4a203fcebc425da09d3e18f716109fb9f,.json,HISTORICAL,true
artifacts/manifests/REPOSITORY_OUTBOX_VERIFICATION_MVP50.json,289,5428cac3014ccb8a4806a1141f3561d656fc2be731577c1d8fbcfbe6e7304a02,.json,HISTORICAL,true
artifacts/manifests/REPOSITORY_OUTBOX_VERIFICATION_MVP51.json,137,7ebe1b591c65eb79cd90d8d4a3f09cfe93d8e0c3649b50f991aecd9e5571666d,.json,HISTORICAL,true
artifacts/manifests/REPOSITORY_OUTBOX_VERIFICATION_MVP52.json,127,4e3b33208ba091d12fccbd2f56c19c7b4fb747bdd0c7e1e7f85a2d282a762f9f,.json,HISTORICAL,true
artifacts/manifests/REPOSITORY_OUTBOX_VERIFICATION_MVP53.json,139,ee8e47bc2aa88c8d63461c4e570bcc6ada4ba0b6962cfedc95feb1d97a2b2517,.json,HISTORICAL,true
artifacts/manifests/REPOSITORY_OUTBOX_VERIFICATION_MVP54.json,148,1036241a4fb4ac52326bdb44d0eb685489907102c6c63792560e38ef2aa3cb98,.json,HISTORICAL,true
artifacts/manifests/REPOSITORY_OUTBOX_VERIFICATION_MVP55.json,148,6146ce52802312f69a9106900c2bc87ae1ff57e60fc2dd057923d0aeb9618b57,.json,HISTORICAL,true
artifacts/manifests/REPOSITORY_OUTBOX_VERIFICATION_MVP56.json,116,54213210fb0d91095c072067d3c2a24d4b7091c8f7d89e070612005bde2a0e89,.json,HISTORICAL,true
artifacts/manifests/RUNTIME_FOUNDATION_VERIFICATION_MVP42.json,368,88848493bc7db60f99329e2a2eff5046fb470acb5fb0dac53278923ac90514cf,.json,HISTORICAL,true
artifacts/manifests/RUNTIME_FOUNDATION_VERIFICATION_MVP43.json,368,88848493bc7db60f99329e2a2eff5046fb470acb5fb0dac53278923ac90514cf,.json,HISTORICAL,true
artifacts/manifests/RUNTIME_FOUNDATION_VERIFICATION_MVP44.json,368,88848493bc7db60f99329e2a2eff5046fb470acb5fb0dac53278923ac90514cf,.json,HISTORICAL,true
artifacts/manifests/RUNTIME_FOUNDATION_VERIFICATION_MVP45.json,368,88848493bc7db60f99329e2a2eff5046fb470acb5fb0dac53278923ac90514cf,.json,HISTORICAL,true
artifacts/manifests/RUNTIME_FOUNDATION_VERIFICATION_MVP46.json,368,88848493bc7db60f99329e2a2eff5046fb470acb5fb0dac53278923ac90514cf,.json,HISTORICAL,true
artifacts/manifests/RUNTIME_FOUNDATION_VERIFICATION_MVP47.json,368,88848493bc7db60f99329e2a2eff5046fb470acb5fb0dac53278923ac90514cf,.json,HISTORICAL,true
artifacts/manifests/RUNTIME_FOUNDATION_VERIFICATION_MVP48.json,509,7d08b0bfffea036c62e083f190a2c8ba6f47249196ead8051a3610f03fadd977,.json,HISTORICAL,true
artifacts/manifests/RUNTIME_FOUNDATION_VERIFICATION_MVP49.json,570,e92d419ebcea42ae0c33cefd7eb811da76faed17b7a55088c5f5015f5642d07d,.json,HISTORICAL,true
artifacts/manifests/RUNTIME_FOUNDATION_VERIFICATION_MVP50.json,254,bdadf7a85a31f225d075b4847edfdc55ad038d72d3fac2b893c211dd9ce67034,.json,HISTORICAL,true
artifacts/manifests/SOURCE_INVENTORY_MVP41_23.07.2026.41.json,45928,cc6fe2fc97353d0815f49df25c0150f66ebd724e13e9ddb2323b3b75b69ad896,.json,HISTORICAL,true
artifacts/manifests/SOURCE_INVENTORY_MVP42_23.07.2026.42.json,48408,9257116b313f968325a1393b36e5fbd4ad438e414636d5e0f3a6246609087f75,.json,HISTORICAL,true
artifacts/manifests/SOURCE_INVENTORY_MVP43_23.07.2026.43.json,54746,dae6ee4d986242e452f7ba2d094175b9baf7bccdd27603ed4e5427aa51cf53db,.json,HISTORICAL,true
artifacts/manifests/SOURCE_INVENTORY_MVP44_23.07.2026.44.json,58624,80b95f90fb71345332472a8b2fb562234dc2652b51bf254ee310a53f71fbde9f,.json,HISTORICAL,true
artifacts/manifests/SOURCE_INVENTORY_MVP48_23.07.2026.48.json,74080,9d8a3a48d4b5e598b20e14676e6a0cf0ad28d1d6ee37bc34c60ad68d923976b4,.json,HISTORICAL,true
artifacts/manifests/SOURCE_INVENTORY_MVP49.json,78593,625dd03b04caad6211f39f2011924cfb6893160727a3073373a4dac98c74874a,.json,HISTORICAL,true
artifacts/manifests/SOURCE_INVENTORY_MVP50.json,25113,33d7f3d65940b3ac3ac2ec901fa4caadc8331f71524a0d7eb6ad68f75cb76b3e,.json,HISTORICAL,true
artifacts/manifests/SOURCE_INVENTORY_MVP51.json,27520,aacc85e038fd7c73bfeb593248863265b40c80879a702fe63cec000b908a5f16,.json,HISTORICAL,true
artifacts/manifests/SOURCE_INVENTORY_MVP52.json,28797,7b1e42e076426c11b0a6c130c30e5b9358cc737df7e196dcf95807c59d73c31c,.json,HISTORICAL,true
artifacts/manifests/SOURCE_INVENTORY_MVP53.json,97402,6ab708921a739f10cf9787886b617832240c29b7f084c1a3528079d9f36a43b1,.json,HISTORICAL,true
artifacts/manifests/SOURCE_INVENTORY_MVP54.json,102269,841790f9b0eedc1d77e57aef82625c77b1e4b96d02d69fc8a0630b31006a5aa0,.json,HISTORICAL,true
artifacts/manifests/SOURCE_INVENTORY_MVP55.json,98780,b66c7c4575cd05b1a5673bf81847d787994c081efe0be6bd7393161f18bb31bc,.json,HISTORICAL,true
artifacts/manifests/SOURCE_INVENTORY_MVP56.txt,24481,75758190cfa0e2697f763109f2427106b78decc0177779f7f3e50a5aad2de884,.txt,HISTORICAL,true
artifacts/manifests/SOURCE_INVENTORY_MVP57.json,29206,733dad1127702fc37709a54572e43b6de5cbbad5cfd5264555e87d6d14ca2fbd,.json,HISTORICAL,true
artifacts/manifests/TIMELINE_USE_CASE_VERIFICATION_MVP48.json,1491,4c3aa1bae31f9bf54983442a2f7b869dc06dbfd16363ae6805e4fac732b42332,.json,HISTORICAL,true
artifacts/manifests/TIMELINE_USE_CASE_VERIFICATION_MVP49.json,1478,3cddb2198a31b556a7b92960efd844af1e4074eb357d77d795a3dd761f9db91f,.json,HISTORICAL,true
artifacts/manifests/TIMELINE_USE_CASE_VERIFICATION_MVP50.json,1491,e478157671b1ce41525abd7deb9cdf313bfe64248c3aff9b74897be730be55aa,.json,HISTORICAL,true
artifacts/manifests/TIMELINE_USE_CASE_VERIFICATION_MVP51.json,1483,2483d533e5e70a8e9a4a6a0f34d7e15d4bf704ca0c336ce57e7ce9cabdb98415,.json,HISTORICAL,true
artifacts/manifests/TIMELINE_USE_CASE_VERIFICATION_MVP52.json,1473,8e8b8ef2cb37f55fa29f1726ff991f3a77dea2536f9ae7dadf7278c8f0952317,.json,HISTORICAL,true
artifacts/manifests/TIMELINE_USE_CASE_VERIFICATION_MVP53.json,1485,8abe9af6e72fc6c04f0b6aff8102daa57c2237b6674c1584d6f6d8cafbc889f4,.json,HISTORICAL,true
artifacts/manifests/TIMELINE_USE_CASE_VERIFICATION_MVP54.json,1494,f2c39ae343d3208c0468136397a9c389e04a735ffcfd8f05d0bbc2f5502377af,.json,HISTORICAL,true
artifacts/manifests/TIMELINE_USE_CASE_VERIFICATION_MVP55.json,1494,105791a7415221dc3abe4eddd59ea8c72488457512fc34ca68cd7a16ad679d25,.json,HISTORICAL,true
artifacts/manifests/TIMELINE_USE_CASE_VERIFICATION_MVP56.json,1641,d5f8a5122b3391a02c25c85f6619bb366d0bc32bb868be0bc0d20360d515b601,.json,HISTORICAL,true
artifacts/manifests/TRANSACTIONAL_ATOMICITY_VERIFICATION_MVP44.json,146,3ad5621229618f956dd21f65524d5b8c85c3fe3d09ad23226bb4868257490150,.json,HISTORICAL,true
artifacts/manifests/TRANSACTIONAL_ATOMICITY_VERIFICATION_MVP45.json,146,dd43c2d5791071a3f82738b1c0b1c6a482bfe8e04c5e6c167336b3488801fd6b,.json,HISTORICAL,true
artifacts/manifests/TRANSACTIONAL_ATOMICITY_VERIFICATION_MVP46.json,175,a26d356986244d3c2de4f63d5b33a2785e5251334f6bef2a6cf67bc315cffcd6,.json,HISTORICAL,true
artifacts/manifests/TRANSACTIONAL_ATOMICITY_VERIFICATION_MVP47.json,167,0f1910b070b416804a1c6af29b53d25d749f782a15073904f95159db4de049df,.json,HISTORICAL,true
artifacts/manifests/TRANSACTIONAL_ATOMICITY_VERIFICATION_MVP48.json,305,c8ded001fc2231c66358a0183d76b84e7a219760b3de5062b33b7009e6f18b05,.json,HISTORICAL,true
artifacts/manifests/TRANSACTIONAL_ATOMICITY_VERIFICATION_MVP49.json,292,463defd7af24442e11d16798fba67f3f357b3fc4485a5ae4e1b30c82cb86b9a6,.json,HISTORICAL,true
artifacts/manifests/TRANSACTIONAL_ATOMICITY_VERIFICATION_MVP50.json,304,52129bd28095e6ca2a6e5b911519cacfa9bbda74fd2bd8869a9ddaf03af32e58,.json,HISTORICAL,true
artifacts/manifests/TRANSACTIONAL_ATOMICITY_VERIFICATION_MVP51.json,186,9c95ebcc39df094d9d208e6fb69ee094e61b6b71ac04a6bb433de0daa911dd77,.json,HISTORICAL,true
artifacts/manifests/TRANSACTIONAL_ATOMICITY_VERIFICATION_MVP52.json,176,6b37abe7c48d41afa445511d0e2a41a8d4cc19abe1f22234810665370e6ab3d3,.json,HISTORICAL,true
artifacts/manifests/TRANSACTIONAL_ATOMICITY_VERIFICATION_MVP53.json,188,cd29342b09ce42a78264c9db43ab261202bdc85296f5c1422dec2249dc2bf476,.json,HISTORICAL,true
artifacts/manifests/TRANSACTIONAL_ATOMICITY_VERIFICATION_MVP54.json,197,8e02d51f0150247229d5a09f0cdeae2556c7514b9e77e4f9496678549c62fc15,.json,HISTORICAL,true
artifacts/manifests/TRANSACTIONAL_ATOMICITY_VERIFICATION_MVP55.json,197,9c6796adac9f7084125818a47fa69351a755e77b7888c3cacec7210b26ec175d,.json,HISTORICAL,true
artifacts/manifests/TRANSACTIONAL_ATOMICITY_VERIFICATION_MVP56.json,199,a672d1279a1dbfaa7ede17c6ba6042617307550b2ae3c53f5312c85529bcfdf3,.json,HISTORICAL,true
artifacts/manifests/VALIDATION_REPORT_MVP41.json,2445,a84fa84d454cf027b4e1a502d93c2564649766a9ef35d3fcb7a025f2289a35bc,.json,HISTORICAL,true
artifacts/manifests/VALIDATION_REPORT_MVP42.json,1286,79d8b50a0bcac0d4e990088052f0dc64a0c3323099c01089682fc253e7fa377c,.json,HISTORICAL,true
artifacts/manifests/VALIDATION_REPORT_MVP43.json,2007,7ae88404a1ea33f126b68d478ceb914fc2de5914ed4c9e93c4ded255ceb98a0c,.json,HISTORICAL,true
artifacts/manifests/VALIDATION_REPORT_MVP44.json,2367,78dc525e119d8f8078945e1f39213b15a6e30ed10f5e7051430a386b9e36610d,.json,HISTORICAL,true
artifacts/manifests/VALIDATION_REPORT_MVP45.json,1099,a0ae9fd81972f47501db775c75659c17643bb0331093c8a7289106215cdc9189,.json,HISTORICAL,true
artifacts/manifests/VALIDATION_REPORT_MVP46.json,2015,e0e1a5b37d48e7707b02dfff559850fa75829cac3337dc27f2bbb1bef4cce278,.json,HISTORICAL,true
artifacts/manifests/VALIDATION_REPORT_MVP47.json,2152,d234bd343f22b4ac6eb71f82311c161da045d45140d7072211abf2e7b9ed93b8,.json,HISTORICAL,true
artifacts/manifests/VALIDATION_REPORT_MVP48.json,2604,8880952c656261c184b48525d7e076f2782f064bfb50dcfdec2de714ccd1d944,.json,HISTORICAL,true
artifacts/manifests/VALIDATION_REPORT_MVP49.json,3265,86542966ec52306ee0afd74a24d9b1c0bb292174fe81b4c29db75bfa785eb798,.json,HISTORICAL,true
artifacts/manifests/VALIDATION_REPORT_MVP50.json,1075,e95a381ebb8bc90985ea1cb4bb95b860900bd402f9e032547f4694ed75baebf6,.json,HISTORICAL,true
artifacts/manifests/VALIDATION_REPORT_MVP51.json,1543,4af17f2548193c69b4b50861e9ed07140ab70218dfee22fda453cb616df9d8bf,.json,HISTORICAL,true
artifacts/manifests/VALIDATION_REPORT_MVP52.json,1644,85fc1084f48a97d7472d2f02b5abd72a4852dbf2c681c43adac4a90c3474a4a5,.json,HISTORICAL,true
artifacts/manifests/VALIDATION_REPORT_MVP53.json,2606,43ac6e98223c3220d8a3b9aec3b4bef823e5a88eed6a9350938bb8a28c1d170a,.json,HISTORICAL,true
artifacts/manifests/VALIDATION_REPORT_MVP54.json,2415,f134c455b02c2bded8f2b8fce0ec8611df32f24419d0ca0103da7e9c1e9e02bf,.json,HISTORICAL,true
artifacts/manifests/VALIDATION_REPORT_MVP55.json,630,a2561205a23ae42af42b6e95a8c4591176a4359932df9b36d7f39213727ff01f,.json,HISTORICAL,true
artifacts/manifests/VALIDATION_REPORT_MVP56.json,1392,4976e9ac2add45caadceb7268ae611543ca5060927fbde538700fb91ea0f99fa,.json,HISTORICAL,true
artifacts/manifests/VALIDATION_REPORT_MVP57.json,428,1f53f856e1a65d966fdb2d89757d4bd96f9682458b24ce1b97054d9b9a3facb4,.json,HISTORICAL,true
artifacts/manifests/VERSION_GATE_MVP46.txt,68,5e270c16586410521f6db0713a20f7d84329c6bfcae1a481934231933ffabd3d,.txt,HISTORICAL,true
artifacts/manifests/VERSION_GATE_MVP47.txt,68,1c6cfcbefa2403ed6534fc17693bf05fd4521501e02c7443b221123fed20c1f3,.txt,HISTORICAL,true
artifacts/manifests/VERSION_GATE_MVP48.txt,68,37237d22c3ec5af26af0aa684bc94d01469ff5c491290681b44b9aa8d66ec940,.txt,HISTORICAL,true
artifacts/manifests/VERSION_GATE_MVP49.txt,68,b028b979dbf706287fab806ff3a95cbfe990274c4950b06421a4a3246fbf6695,.txt,HISTORICAL,true
artifacts/manifests/VERSION_LEDGER.json,80695,05bc98c6037d80efd785338d2464e4cc8bcb7437e6ca1227dea6931a111c5a4f,.json,GENERATED,true
artifacts/manifests/VERSION_SEQUENCE_MVP43.txt,220,2a4797c747b6a8ee9f9bae31431a3b1c15c5a18fe126c405c4b57955be3a608d,.txt,HISTORICAL,true
artifacts/manifests/VERSION_SEQUENCE_MVP44.txt,68,e005c92a7ebbbc42d9c8fae5212e8fc4453bcc8040778e85972728e3a198de3e,.txt,HISTORICAL,true
artifacts/validation/31-U-W-ppk-002-remaining-boundaries-contract.json,3321,9b63390dde3226539fd042f234b62cc20bd4d2b7aa4e1d2cfd29ae3ce4c85af1,.json,EVIDENCE,true
artifacts/validation/31-U-W-ppk-002-remaining-boundaries-runtime.json,6565,64f67d83c60488f6a2513cfb0df6e93ac7441f6bb4e8cea07288c21f1380d1eb,.json,EVIDENCE,true
artifacts/validation/31-X-ppk-002-top-closure-contract.json,3652,226bbb6d3c6e2780daff1c194e4bd310089538062a0fe97639377cc0e604ef51,.json,EVIDENCE,true
artifacts/validation/31-X-ppk-002-top-closure-runtime.json,1934,2b209ca12e0497306672990fdb5091ec6ee000bf2f8ef516f5b04fe3559540a5,.json,EVIDENCE,true
artifacts/validation/31-Y-ppk-003-default-deny-availability-contract.json,2770,e524fd21f922c2fa5e49abcf72ac9a2a05b5edb425ecec2b9ec3c099ca4764e8,.json,EVIDENCE,true
artifacts/validation/31-Y-ppk-003-default-deny-availability-runtime.json,4104,5b64f51a5f5cf64f14e7579ab1c5bbd528dd74be7053d2bc01e92fb9e39b45dd,.json,EVIDENCE,true
artifacts/validation/31-Z-ppk-004-complete-policy-context-binding-contract.json,3695,28d1e44f1e9d38b6cb1bfd6bf05e0acb7b9fbdcfc4a41efec571452169b498d9,.json,EVIDENCE,true
artifacts/validation/31-Z-ppk-004-complete-policy-context-binding-runtime.json,6927,44e9f6037bdc98bcdb72ec3565f960441773443053853536008c60ad943eddb5,.json,EVIDENCE,true
artifacts/validation/32-A-ppk-005-complete-data-classification-contract.json,3847,934bb2272fa1ad6926dab99e5939d4a02396a0cdc138444ed246c1cbb37d24bf,.json,EVIDENCE,true
artifacts/validation/32-A-ppk-005-complete-data-classification-runtime.json,7287,8ef0091b3b6a46defef783d18d316bf7dddc16aa779f7053b47cb57c6a759809,.json,EVIDENCE,true
artifacts/validation/32-B-ppk-006-complete-policy-obligation-suite-contract.json,3918,109e2592d93ee8dfae982c766131e9ed4f0da1a993500e36701ed20b91dafb6b,.json,EVIDENCE,true
artifacts/validation/32-B-ppk-006-complete-policy-obligation-suite-runtime.json,7206,dc3379ebb2fffe5fd43c5ac18a7ff46ec1fc7830058b0423b3b237deeef8c35b,.json,EVIDENCE,true
artifacts/validation/32-C-ppk-007-signed-versioned-policy-package-contract.json,3837,779d9397c566828132fe13a97b38a6931398cfbf2418b86cbb41a005a8cb7fd1,.json,EVIDENCE,true
artifacts/validation/32-C-ppk-007-signed-versioned-policy-package-runtime.json,7564,f59d1558a2cbfacd44e0ed2cae6ae8baba7caf5c2087003e1ece84e502c2b441,.json,EVIDENCE,true
artifacts/validation/32-D-ppk-008-application-identity-device-certificate-manifest-contract.json,4139,7fe8d45a8af03bb6da603816a128d6024cceffb6c8c5283ead09e0ecb36e5cbe,.json,EVIDENCE,true
artifacts/validation/32-D-ppk-008-application-identity-device-certificate-manifest-runtime.json,8041,2eb8e3ff301fc74952406f899a6b9762723028bff04ecec2f36edc3725c491fe,.json,EVIDENCE,true
artifacts/validation/32-E-ppk-009-core-service-policy-reevaluation-contract.json,3749,d3e23f50e924feef93658c388c16e1b50eca60476d2e56d3cd3e796f56b74cfe,.json,EVIDENCE,true
artifacts/validation/32-E-ppk-009-core-service-policy-reevaluation-runtime.json,7925,e697665acc5408e8c58f53a6db665a60ed4bc6ae0643f458e57d6ee0731e484c,.json,EVIDENCE,true
artifacts/validation/32-F-ppk-010-central-policy-zero-exception-contract.json,4058,8de7e7580582c5cd8dcd4907916af3d2fab80f0c5a9b889486a540178ad0d879,.json,EVIDENCE,true
artifacts/validation/32-F-ppk-010-central-policy-zero-exception-runtime.json,8357,53f8ee40c1d6779f21c721166a3161fbfc1adccdc42a078c110491e9cfd23796,.json,EVIDENCE,true
artifacts/validation/32-G-ppk-011-contextual-ownership-policy-contract.json,3942,424bd48d28e291f355f07042aa44f787040231601e0b268c3b4e989f43ba0a7e,.json,EVIDENCE,true
artifacts/validation/32-G-ppk-011-contextual-ownership-policy-runtime.json,7664,0fbd8b4901546c2b8874b606a078493c50bd86a8cfbd720d17f3a75d4d9531f0,.json,EVIDENCE,true
artifacts/validation/32-H-ppk-012-offline-capability-lease-contract.json,3940,c155574b85cc3ffc243832f73afbe7f3e8e95a4c1910ca65f3679e72dcd62c8a,.json,EVIDENCE,true
artifacts/validation/32-H-ppk-012-offline-capability-lease-runtime.json,7369,47dfdb8d8b5f3e35da8e89acf2ed1479c0744962ddc2d57233f4df70b64220f9,.json,EVIDENCE,true
artifacts/validation/32-I-ppk-013-client-data-access-contract.json,4884,2573165ac7619cd258606ee65c999b4a0e33936c336f0a32b00e025006c765d5,.json,EVIDENCE,true
artifacts/validation/32-I-ppk-013-client-data-access-runtime.json,8696,bc89ff55ac54c448c1e7bf956ac8287aedae716f5a84532f686a5d0248466e33,.json,EVIDENCE,true
artifacts/validation/32-J-ppk-014-versioned-core-service-api-contract.json,6088,5ffe61c3224621a6cb6d15ee13f2439e3c93e228fb7012531da79321a9c11493,.json,EVIDENCE,true
artifacts/validation/32-J-ppk-014-versioned-core-service-api-runtime.json,10284,fcbbe501b17f47168a21d792e38355addfc7212e7527ce109dd73022cbd16667,.json,EVIDENCE,true
artifacts/validation/32-K-ppk-015-network-egress-contract.json,6450,5017eb53fac9357b6ebdb01eedeee299ea3ee5e2b4cf656c17b0e52de126afaa,.json,EVIDENCE,true
artifacts/validation/32-K-ppk-015-network-egress-runtime.json,13664,6fee873b4d3ab5bcb8b98d5982ee623022f81146ddedfa13268f9b2982f63052,.json,EVIDENCE,true
artifacts/validation/32-L-ppk-016-derived-data-policy-inheritance-contract.json,16637,f45cc7d61839bb05a9fbdb2224d584ff0410f6ee54bca65760563e31bcf4bd17,.json,EVIDENCE,true
artifacts/validation/32-L-ppk-016-derived-data-policy-inheritance-runtime.json,14683,6c0181c6fb31dbd39073b693a00d174ddfc20ecf8c8012b78a5af5b700e8f9ad,.json,EVIDENCE,true
artifacts/validation/32-M-ppk-017-sensitive-log-policy-contract.json,9221,da581904f6d27cc523ecbeaf0fae711573e1e8739e3a326ddbacd3e6346c4891,.json,EVIDENCE,true
artifacts/validation/32-M-ppk-017-sensitive-log-policy-runtime.json,13754,c41a7b822a8f81bc99f48f376455c30e5d5adfd5fb77694d20ba7b0592b85fd7,.json,EVIDENCE,true
artifacts/validation/32-N-ppk-018-immutable-policy-decision-audit-contract.json,12451,8dc2cff1ee7102814d2a56f0b270e621acec80163fef1c8a3775ee9475ed3561,.json,EVIDENCE,true
artifacts/validation/32-N-ppk-018-immutable-policy-decision-audit-runtime.json,13404,3bcc1260f140cf8401a1def4151f0085770daaec1753c771a2b7c050f702c080,.json,EVIDENCE,true
artifacts/validation/32-O-ppk-019-source-deletion-propagation-contract.json,16437,30e61e01e63d5128a2bf6c8babe7ab6ef88c058ee5797aa9482d8125dd79d65a,.json,EVIDENCE,true
artifacts/validation/32-O-ppk-019-source-deletion-propagation-runtime.json,15194,bb3c54572ce4dc13fa06555717503f16d572d049ca6ef82b080eb9d39ea9a377,.json,EVIDENCE,true
artifacts/validation/32-P-ppk-020-policy-conformance-suite-contract.json,8637,ba2bd0b379243fa97c5b76e4b3cbd5452d9b0c8537831a7674fc4535f4b2f58e,.json,EVIDENCE,true
artifacts/validation/32-P-ppk-020-policy-conformance-suite-runtime.json,14397,56af67688ebe6689280b9a45cf05ca390dd45d2fcab605d150ea484dfe95c284,.json,EVIDENCE,true
artifacts/validation/32-Q-ppk-021-platform-policy-ast-gate-contract.json,9709,6cfffb3891353830ac932a73b0a4261693650e6b10abf59cec803fc61a7d9d18,.json,EVIDENCE,true
artifacts/validation/32-Q-ppk-021-platform-policy-ast-gate-runtime.json,15917,90a8edfb9634d97c2e7cfd998dce335790700eaab1ea42bf24fa4705c25b5827,.json,EVIDENCE,true
artifacts/validation/32-R-ppk-022-capability-manifest-gate-contract.json,12662,4b786dc1f7bf6a44d7cb46552177d73d9256bad786c7ae2742bd5c0e711c4628,.json,EVIDENCE,true
artifacts/validation/32-R-ppk-022-capability-manifest-gate-runtime.json,18536,59a59be0c7d9c23294f70141ced4e92497c88ce628aee582b473cd237b9e5bbf,.json,EVIDENCE,true
artifacts/validation/32-S-ppk-023-application-security-profile-contract.json,8082,78e5d4b6cf713decc1b358c6c61176ceced8da4db0259911f6defd6ce6c1fae2,.json,EVIDENCE,true
artifacts/validation/32-S-ppk-023-application-security-profile-runtime.json,18616,c4c7847de00c7285ef2e278cd6160bb19f6f16357302a03e09da1eeaf99695f4,.json,EVIDENCE,true
artifacts/validation/32-T-ppk-024-policy-service-availability-contract.json,8606,bfa7fddc31e7cb2e906ddef55eb38e094ff23b25a0f7e6a961c3e3503a473af4,.json,EVIDENCE,true
artifacts/validation/32-T-ppk-024-policy-service-availability-runtime.json,37469,d4b4e10cb9f0b027b9e095c663e71375f7c7ad8b8b55324962cb83093534d0b4,.json,EVIDENCE,true
artifacts/validation/32-U-ppk-025-software-supply-chain-contract.json,13203,492c732199c3157c0ca1ced2d1750907c79c3141550eaa475a7ba8b2b1c1bd9b,.json,EVIDENCE,true
artifacts/validation/32-U-ppk-025-software-supply-chain-runtime.json,16451,ce93784ef2bb305766b81fee2f4c8a7af1d4f0ed231eaf697faa9b1ef848a996,.json,EVIDENCE,true
artifacts/validation/32-V-ppk-026-typed-policy-sdk-boundary.json,246,de1ca715d77f21783e3276ac67cad0a82786b2f68489291207c7eeaa7d1d974d,.json,EVIDENCE,true
artifacts/validation/32-V-ppk-026-typed-policy-sdk-contract.json,6576,7b6f069b3a752604b09fca251d8da1962bd12b054182033c68a886270ecacf9e,.json,EVIDENCE,true
artifacts/validation/32-V-ppk-026-typed-policy-sdk-runtime.json,2329,18ecc71b2428b1f4e409a9947719f99d72cf62bbadd2a26cd858592cbc422086,.json,EVIDENCE,true
artifacts/validation/32-W-b0-03-b0-04-product-surface-boundary.json,2106,f8139d0f3ca66ad6d681c44a50f401b44b27e8aee31ac27f171babc01e0943f4,.json,EVIDENCE,true
artifacts/validation/32-W-b0-03-b0-04-product-surface-governance-contract.json,6674,a6c53474ad7ac4270881c4b5f36de2ce0090c9c9b1c0d01d59db9d6a69beac80,.json,EVIDENCE,true
artifacts/validation/32-W-b0-03-b0-04-product-surface-governance-runtime.json,1691,e636fa785e50048e3431131077dfb06d9c7ee190f4867b24ed67e9ac6fef412c,.json,EVIDENCE,true
artifacts/validation/32-X-b2-03-b2-04-desktop-security-boundary.json,3192,2afaa01a46a817a2303f6b5a58a1b99b8b7c17141ce336d0b16d581b2c9f5bd4,.json,EVIDENCE,true
artifacts/validation/32-X-b2-03-b2-04-desktop-security-contract.json,4502,c494153b9f70b30f268464a010f4ed43b59778bb13dbab594b8a3c4064f454a2,.json,EVIDENCE,true
artifacts/validation/32-X-b2-03-b2-04-desktop-security-runtime.json,3987,664428e441c19a591556212aa561ad511cc604e38b9d140ba0d4de15a3c9e106,.json,EVIDENCE,true
artifacts/validation/32-X-electron-fuse-binary-proof.json,954,f6a113835e564880e04d8f73e39a0346877bde0a9f09e6d16869f5d5a67e9e28,.json,EVIDENCE,true
artifacts/validation/32-Y-b2-05-b6-03-sensitive-data-consent-boundary.json,3234,f7b25758a35e9395ad49463e6afc085e41001cf8d66dd29833ed70941f071f95,.json,EVIDENCE,true
artifacts/validation/32-Y-b2-05-b6-03-sensitive-data-consent-contract.json,4422,5ee07b72fcd44aa9681b0b475c1acf156e6805000031008b37226e3e932cfc63,.json,EVIDENCE,true
artifacts/validation/32-Y-b2-05-b6-03-sensitive-data-consent-runtime.json,8102,6e2fdb2a370d90ec5f769446819227abc6494434fae7f233b116d158c952decc,.json,EVIDENCE,true
artifacts/validation/32-Z-b4-banking-foundation-boundary.json,4183,01904d093276dee7e3a1ec5ea22ef3b94a72dfdba291d585112fa7e3d0fc6d5c,.json,EVIDENCE,true
artifacts/validation/32-Z-b4-banking-foundation-contract.json,1896,19e98b89c2b308c4ec9bd37cd33af96286bf389d719a65bd0f7d14400370a75c,.json,EVIDENCE,true
artifacts/validation/32-Z-b4-banking-foundation-runtime.json,8112,12993b9159122c80e81d75a69e17f91d1e9c035bc1c8cd6a9cdead0afffe9928,.json,EVIDENCE,true
artifacts/validation/33-A-b4-payment-card-management-boundary.json,4672,4bea28fe7961740883d8064e13a9b5ec50d9a289db1b08a9db8c6be92ef696e0,.json,EVIDENCE,true
artifacts/validation/33-A-b4-payment-card-management-contract.json,1858,2b199637c97a38533f4aac0731974199101a9bf38b6490e9b0af459463a28beb,.json,EVIDENCE,true
artifacts/validation/33-A-b4-payment-card-management-runtime.json,8091,fa509b4162a46224fd5d780ab204297ee41622b759a472c7354ba70148d45d2b,.json,EVIDENCE,true
artifacts/validation/33-B-b4-loan-management-boundary.json,4916,e733aad9c5cc1b5d3b2e69f2fb76f5a608bce60871b58db9a2172e77251409dc,.json,EVIDENCE,true
artifacts/validation/33-B-b4-loan-management-contract.json,1937,dcfe4589a8d75e29b81840e2ba0f994c42bf9d5e37ea6b17558e193b99c62eb5,.json,EVIDENCE,true
artifacts/validation/33-B-b4-loan-management-runtime.json,8160,e54c6c1502e12acd27a37703283b2524b0d47b0a08a992da632966081ded63f8,.json,EVIDENCE,true
artifacts/validation/33-C-b4-finance-planning-portfolio-analytics-boundary.json,5449,9f02fb97150b955c0f80e645f1e9f183d93096934bfba6768b1e93bce2a587ae,.json,EVIDENCE,true
artifacts/validation/33-C-b4-finance-planning-portfolio-analytics-contract.json,2037,2056ab30f730b6e5c1a1708611f839724a9697c611b3f972e9572fba87f6e428,.json,EVIDENCE,true
artifacts/validation/33-C-b4-finance-planning-portfolio-analytics-runtime.json,8370,0fcb556782d707312a94ef63763e8f2ebcd7ed8f43a796971309024e23efdb61,.json,EVIDENCE,true
artifacts/validation/33-D-b4-controlled-import-open-banking-boundary.json,5681,ec219396b5b740f80ffdd02ea98f26baec7ab563430b4f57b51d65a23272b361,.json,EVIDENCE,true
artifacts/validation/33-D-b4-controlled-import-open-banking-contract.json,2088,9e0481d9782fef25930570249dd3d6ad4bef6fa7c0d24491c32e763eda27f676,.json,EVIDENCE,true
artifacts/validation/33-D-b4-controlled-import-open-banking-runtime.json,8589,82fe720ba555d9b1a3da3ee3998fac6b0722e9762195cfd9ffe80cf75b1b5e40,.json,EVIDENCE,true
artifacts/validation/33-L_COMPLETION_TRANSITION_VALIDATION.json,3026,c23aab12ba1e2014f958f297976c7e655e9abe6412d0627cc8ff868158bcebc8,.json,EVIDENCE,true
artifacts/validation/33-L_COMPLETION_TRANSITION_VALIDATION.json.sha256,109,4812e74610376d8fc9b6f37b82df666b8e1ace914bf8e77f04a909f37ed8350b,.sha256,EVIDENCE,false
artifacts/validation/33-L_LIBRARY_CLOSURE_INVENTORY_VERIFICATION.json,672968,e4c072bc6987963260bf546fdc867af0047b1f8d7fb8f12c2bd304fb0a8f7521,.json,EVIDENCE,true
artifacts/validation/33-L_LIBRARY_CLOSURE_INVENTORY_VERIFICATION.json.sha256,115,61739a31cc68ad80214c447b4fa34c29fed2dd2504bdb3cd03e0702330724065,.sha256,EVIDENCE,false
artifacts/validation/33-L_LIBRARY_FINAL_INVENTORY_VERIFICATION.json,671614,33ed2487f151dba23edb0a783a5f8ab9c5b25f3cd3a8873b6e4b69b785b4e02d,.json,EVIDENCE,true
artifacts/validation/33-L_LIBRARY_FINAL_INVENTORY_VERIFICATION.json.sha256,113,5ae99ea5317785b381d82e114ce743d3b8e6120620f2a853f98e5e2fe2d981aa,.sha256,EVIDENCE,false
artifacts/validation/33-L_LIBRARY_READBACK_VERIFICATION.json,1206189,11fe785565bcaaadbf04ef6756f897f423d82e4d6352ac1b010702bac3b998a3,.json,EVIDENCE,true
artifacts/validation/33-L_LIBRARY_READBACK_VERIFICATION.json.sha256,106,6517e0375e15e669eefe09b6fc7af55127b62390e39128ea41625ca445cbedc5,.sha256,EVIDENCE,false
artifacts/validation/33-L_RECEIPT_READBACK_PERSISTENCE_VERIFICATION.json,2964,c4a56bead2bf441c0f274034e530c5f36fc2180ff5fb203f791d9b37aa10d0ad,.json,EVIDENCE,true
artifacts/validation/33-L_RECEIPT_READBACK_PERSISTENCE_VERIFICATION.json.sha256,118,524a36ff8aa84ff5029aa979eb0725fea97e7a94ad6e92c0befb15f65430b7a0,.sha256,EVIDENCE,false
artifacts/validation/33-L_RECEIPT_READBACK_VERIFICATION.json,3663,c3c2151e915c6135e409f468f6b5b4acde34f2120dd1c0ba4e71a21901b4ff81,.json,EVIDENCE,true
artifacts/validation/33-L_RECEIPT_READBACK_VERIFICATION.json.sha256,106,3ab904e4197d8ebb8e637a82aeca49b1454f1ecd05aa3435ae20a237ab07470c,.sha256,EVIDENCE,false
artifacts/validation/33-M_COMPLETION_TRANSITION_VALIDATION.json,2634,bbdf62986f5a340917c173497d517fd8c00a5b69f8e0e8b8e8a96eb3dc87e699,.json,EVIDENCE,true
artifacts/validation/33-M_COMPLETION_TRANSITION_VALIDATION.json.sha256,109,92b31d96c4e6a3b9b891d9bd50295c1e3c36330e66d1bf6cab68361cbf6765ce,.sha256,EVIDENCE,false
artifacts/validation/33-M_LIBRARY_CLOSURE_INVENTORY_VERIFICATION.json,2279,dae5b7055a1846fd6dc6b0afa545337436cbd04c6b2d78faa56776293db5ef74,.json,EVIDENCE,true
artifacts/validation/33-M_LIBRARY_CLOSURE_INVENTORY_VERIFICATION.json.sha256,115,96b5c8e9f9b977b2d5e7d6f7e73f111c911c7bfc617a2fb0e8d75ea5874b146f,.sha256,EVIDENCE,false
artifacts/validation/33-M_LIBRARY_FINAL_INVENTORY_VERIFICATION.json,2242,f16b49e9ca526e78d374d0e8ea772fb2fc6273521306e0139b63bef0df9531d1,.json,EVIDENCE,true
artifacts/validation/33-M_LIBRARY_FINAL_INVENTORY_VERIFICATION.json.sha256,113,e42dfeeac9e41a2647abb97617d812f972c18de2bcac886132aaab82cd612728,.sha256,EVIDENCE,false
artifacts/validation/33-M_LIBRARY_READBACK_VERIFICATION.json,2625,04cfe0e8bd37ea51695a2fc11ab775844859ec837a367681d4369c17dba742a6,.json,EVIDENCE,true
artifacts/validation/33-M_LIBRARY_READBACK_VERIFICATION.json.sha256,106,08dc49479dac0c51d930313cd56f461bb8040522e1d767a6ff509bb03148f198,.sha256,EVIDENCE,false
artifacts/validation/33-M_RECEIPT_READBACK_PERSISTENCE_VERIFICATION.json,2269,d4511790c91cf07c76d41cba08bb89ea39d0c24a45adca42b142801d099d8fa3,.json,EVIDENCE,true
artifacts/validation/33-M_RECEIPT_READBACK_PERSISTENCE_VERIFICATION.json.sha256,118,ed9f54631e6d0d558b99486ff1d2eb86208b4b6e1e2be24c8b31009abf838c0b,.sha256,EVIDENCE,false
artifacts/validation/33-M_RECEIPT_READBACK_VERIFICATION.json,2269,f2e6f9d993daab09c8dc199bc224a13fc61f4c7be52ee795774f195af7a895e3,.json,EVIDENCE,true
artifacts/validation/33-M_RECEIPT_READBACK_VERIFICATION.json.sha256,106,e44c611dc1eb87940ce50965a97a791897b49128aa137407ade765e14c97d17a,.sha256,EVIDENCE,false
artifacts/validation/33-M-accessibility-boundary.json,5254,137735c5c1c63f54b452a9d9eb35205d84f97b15d1af452dbe0e40597f29f38b,.json,EVIDENCE,true
artifacts/validation/33-M-accessibility-contract.json,1931,d819c539c180f46c1bbfacc41c86821f53db7f605207a3764a5a87a7e078ffd0,.json,EVIDENCE,true
artifacts/validation/33-M-accessibility-runtime.json,1591,7ca488224f915aafa825deab4879f8407230f63ce3c726c392b4f9de5b459ef2,.json,EVIDENCE,true
artifacts/validation/33-N_COMPLETION_TRANSITION_VALIDATION.json,2609,57fdca49614adafc85c3b120a25388c033701c41046743e6eb3a7e8f28633fe1,.json,EVIDENCE,true
artifacts/validation/33-N_COMPLETION_TRANSITION_VALIDATION.json.sha256,109,efaf0c288b9f208353c7d5313d521692487cd0464022564d5af1fbccce043e1e,.sha256,EVIDENCE,false
artifacts/validation/33-N_LIBRARY_CLOSURE_INVENTORY_VERIFICATION.json,2254,baf0c06084734e036fbc361bdacf862e93ffead589607ae9bd5b5380e3b4ba28,.json,EVIDENCE,true
artifacts/validation/33-N_LIBRARY_CLOSURE_INVENTORY_VERIFICATION.json.sha256,115,a81c28bafcdf63ebdfdbf28fe098b28470f2aee4bb4b4b0d37268b3102f10633,.sha256,EVIDENCE,false
artifacts/validation/33-N_LIBRARY_FINAL_INVENTORY_VERIFICATION.json,2217,e0a2cc47b1d3a58a503749deb419e9d91bcc4d36cae71c75c21b795c0b2218bb,.json,EVIDENCE,true
artifacts/validation/33-N_LIBRARY_FINAL_INVENTORY_VERIFICATION.json.sha256,113,3dfabc4df49f2e7ad89860895f1eaa8405b08cdcde5914045d7023b5b11bdb16,.sha256,EVIDENCE,false
artifacts/validation/33-N_LIBRARY_READBACK_VERIFICATION.json,2578,d71688484839116977191e58e5f1e3141a8da08e534001f1f3cdd1f687cc1d4a,.json,EVIDENCE,true
artifacts/validation/33-N_LIBRARY_READBACK_VERIFICATION.json.sha256,106,26c1da49cde4c360638b7cc89728ef446fea1b55a19da36608b3daf156ae73bb,.sha256,EVIDENCE,false
artifacts/validation/33-N_RECEIPT_READBACK_PERSISTENCE_VERIFICATION.json,2244,1972c5c383fbf5dfcd621d2e1ed54b3707aecf460ae7ecc6541b9ebe33c56e98,.json,EVIDENCE,true
artifacts/validation/33-N_RECEIPT_READBACK_PERSISTENCE_VERIFICATION.json.sha256,118,24e40e8e6edfd0de78915fb871c46a33c247023f2b868651ccb6b99abf490d86,.sha256,EVIDENCE,false
artifacts/validation/33-N_RECEIPT_READBACK_VERIFICATION.json,2244,cdc2c792dc1b139af0206e42e147cf6b05997b1007a0274150d4ee34507a1f2b,.json,EVIDENCE,true
artifacts/validation/33-N_RECEIPT_READBACK_VERIFICATION.json.sha256,106,373ad461bd439b38bcc5bd05456feec85c9862e8896e15295e431ea514db20ad,.sha256,EVIDENCE,false
artifacts/validation/33-N-b7-15-route-async-state-governance.json,1050,9c1615e85a4c324f2983ec01fb3ae57d0f37f8346a99d37c594860fd05f81384,.json,EVIDENCE,true
artifacts/validation/33-N-draft-async-state-ux-boundary.json,5651,35257cc525289139e489dc01472f4df000e7f31adc90096d991bfbea5b50cd1e,.json,EVIDENCE,true
artifacts/validation/33-N-draft-async-state-ux-contract.json,2361,07f02da6b0b8e26d4645145709f0bae4e6fcb1ef4f0f6e3f3728dc9b4965be95,.json,EVIDENCE,true
artifacts/validation/33-N-draft-async-state-ux-runtime.json,1586,e5f86b77971e61efb25516e56c30f0e8daa612eedd8109e5d13002f218e7c38e,.json,EVIDENCE,true
artifacts/validation/33-O_COMPLETION_TRANSITION_VALIDATION.json,3039,f0e3793b00e736d8182d6e7aa023ea112ea26f8b6d32992ed0781a62e27e52ba,.json,EVIDENCE,true
artifacts/validation/33-O_COMPLETION_TRANSITION_VALIDATION.json.sha256,109,e4dd41b3900715d7dbba5f1b63c182b20df416c1b9c63590d6ed0ecd4c5a6d2b,.sha256,EVIDENCE,false
artifacts/validation/33-O_LIBRARY_CLOSURE_INVENTORY_VERIFICATION.json,2684,a3a4604de4486f266b332aec106f1aee26f2d7479e84cc259f5e7267e7e042be,.json,EVIDENCE,true
artifacts/validation/33-O_LIBRARY_CLOSURE_INVENTORY_VERIFICATION.json.sha256,115,56ec522bf1152b20d2585645331e88b9d5f26cb37558e10fa7411d158fca8c09,.sha256,EVIDENCE,false
artifacts/validation/33-O_LIBRARY_FINAL_INVENTORY_VERIFICATION.json,2647,0fec731d26f06000b808c834c138057ed811a3c134142613a5903d218bd03b3d,.json,EVIDENCE,true
artifacts/validation/33-O_LIBRARY_FINAL_INVENTORY_VERIFICATION.json.sha256,113,61dc0e76bcb290f001693e1150fda4049cae652cc69b395c8e744a04558d23b7,.sha256,EVIDENCE,false
artifacts/validation/33-O_LIBRARY_READBACK_VERIFICATION.json,3060,99c68b7e6eaef90270ba73975d6bf3ae2249d3428a3cb663464e6e7f1cb1ac2e,.json,EVIDENCE,true
artifacts/validation/33-O_LIBRARY_READBACK_VERIFICATION.json.sha256,106,f2fd6f59cb1387e4bf45d7a7e346520fdffba3710b05e3c36a93fe22cdde76b6,.sha256,EVIDENCE,false
artifacts/validation/33-O_RECEIPT_READBACK_PERSISTENCE_VERIFICATION.json,2674,0c33149daecd7a0def9ba84e9b98286a85817421487e323a0bac448c33a0d1ce,.json,EVIDENCE,true
artifacts/validation/33-O_RECEIPT_READBACK_PERSISTENCE_VERIFICATION.json.sha256,118,faaf5b8c747c7a209de2ea073755c0b321451e46c7f03d41fd8fb9eba1e0c5f1,.sha256,EVIDENCE,false
artifacts/validation/33-O_RECEIPT_READBACK_VERIFICATION.json,2674,bb21bf8088cb80506ee1d4bc817913a2eae8eadac80f3806179558ac426f6a80,.json,EVIDENCE,true
artifacts/validation/33-O_RECEIPT_READBACK_VERIFICATION.json.sha256,106,89f129e3c1f3230a8e9441485540d972b82ee612ddfe653472646e2bcbe07626,.sha256,EVIDENCE,false
artifacts/validation/33-O-privacy-ownership-data-rights-incident-control-boundary.json,4388,e7d535c4717919c2c70b9fcb104a58a94a94796f0afb7de10a3962c51611f7d6,.json,EVIDENCE,true
artifacts/validation/33-O-privacy-ownership-data-rights-incident-control-contract.json,2184,5d58d64ca13a7d8562a5c780a71af049a889ca5cc7e2785e6abd92435a314ddb,.json,EVIDENCE,true
artifacts/validation/33-O-privacy-ownership-data-rights-incident-control-runtime.json,3377,1246ab15759ccc3de7012b1dd9b0069330e592c03e6a1b63de199f56aec8352c,.json,EVIDENCE,true
artifacts/validation/33-P-identity-access-external-evidence-intake-runtime.json,8469,a4577324c23c46450ecb93a4d39f9d44cab85d22141133c95fe119e892cba669,.json,EVIDENCE,true
artifacts/validation/33-P-identity-access-finalization-state-machine-runtime.json,1335,ef8af1bc0fbe7ad6b2a9a69a6da5d348c4377181c382d07a5deefddf244d5ea4,.json,EVIDENCE,true
artifacts/validation/33-P-identity-access-preparation-state-machine-runtime.json,1084,11d32d61ceabb1da764468be070e1f0d72820c676810734203ac7a3cb0cf62cb,.json,EVIDENCE,true
artifacts/validation/33-P-passkeys-federated-identity-verifiable-temporary-credentials-boundary.json,3232,675e1e668eddfdf04452c096df568e70c938312f7fc84b9f2b05cef8a6036ca1,.json,EVIDENCE,true
artifacts/validation/33-P-passkeys-federated-identity-verifiable-temporary-credentials-contract.json,2715,ecca2179ffbdd5f902fd0a9d51e13229587367326aa8f4970e128cab85bedfc3,.json,EVIDENCE,true
artifacts/validation/33-P-passkeys-federated-identity-verifiable-temporary-credentials-runtime.json,7494,f1a27286ce7077726523e84979f3bb41af05a5f78bf870b8dec7312ab230163f,.json,EVIDENCE,true
artifacts/validation/33-P-source-integrity.json,342,aae9ed61fe75853acbd5df30588e496eba3a251aef7c20dad8a02d5abcaeb826,.json,EVIDENCE,true
artifacts/validation/33-Q-local-governed-ocr-derived-data-pipeline-boundary.json,3573,b04e31b4039f89faacb690562e2e43896ee62f2d92c88cc3a2cecb6c80cee71d,.json,EVIDENCE,true
artifacts/validation/33-Q-local-governed-ocr-derived-data-pipeline-contract.json,4777,66f853b573865665c5295b5a978e50259958b285adcb78a414ab29e79c0ec15b,.json,EVIDENCE,true
artifacts/validation/33-Q-local-governed-ocr-derived-data-pipeline-runtime.json,6455,a903f3fa0ff52bf061704a98ca2794aebda65f989b8bbabaa75f7dbe81f9df50,.json,EVIDENCE,true
artifacts/validation/33-R-archive-evidence-relations-media-lifecycle-unified-authorized-search-boundary.json,1664,67607510c1b13e4305d62c610078cee3ee8231cbf31bcb6fc3c067d5b6840450,.json,EVIDENCE,true
artifacts/validation/33-R-archive-evidence-relations-media-lifecycle-unified-authorized-search-contract.json,2260,b06fbcd7bff17db17d8c6068f887beb003f3297a74915b4d4a43a3a325c73164,.json,EVIDENCE,true
artifacts/validation/33-R-archive-evidence-relations-media-lifecycle-unified-authorized-search-runtime.json,3077,7af430d84c3f1a91e7f915f2655a90f1f72f4a169d9cc99dab3edd4e4095f23f,.json,EVIDENCE,true
artifacts/validation/33-S-health-care-coordination-elderly-support-ledger-boundary.json,1639,c0ae5cb39065b721111498e0317c88fc7ceb0fa42f8793f20e57f298103af588,.json,EVIDENCE,true
artifacts/validation/33-S-health-care-coordination-elderly-support-ledger-contract.json,2177,bd809f80ee4d75f093a369667e1ff1f4fdad4255f3afb27e7580692f35e083fe,.json,EVIDENCE,true
artifacts/validation/33-S-health-care-coordination-elderly-support-ledger-runtime.json,3243,8ac66a44d50ec21e2938a6789d4f9e5400ec3b8b56147650d1ec228aad049969,.json,EVIDENCE,true
artifacts/validation/33-T-household-operations-center-boundary.json,1632,86beeec9739f6a16de271d3613afc203dd25cb619203072c475989aad67943f8,.json,EVIDENCE,true
artifacts/validation/33-T-household-operations-center-contract.json,2183,e9ede36b7be106768485b9988d115e25fc899bfa1c6b2709ea7c9d247cdb81a0,.json,EVIDENCE,true
artifacts/validation/33-T-household-operations-center-runtime.json,3237,57ed4cef611e5f274a2f2b9f5cca3701d1e9254b4f4fd1923b9e761e9c7a7e0b,.json,EVIDENCE,true
artifacts/validation/33-U-child-education-coordination-boundary.json,1689,5a4a854dee20ef711006946b139c83ea46ba51935cdb44f05b695a10b0186acf,.json,EVIDENCE,true
artifacts/validation/33-U-child-education-coordination-contract.json,2269,0a41ca5e7ad84f8f3e9d876fb8ef058c110a3a1dd915094e07b3f041a880cf7d,.json,EVIDENCE,true
artifacts/validation/33-U-child-education-coordination-runtime.json,3243,97d8054068cb3e1acbb6b45f82677a58e20898eb306fb7914f7c5a9030d87e78,.json,EVIDENCE,true
artifacts/validation/33-V-places-travel-asset-pet-boundary.json,1596,b49dec8789d71a0f95b95f3dd21267a6ab0320487369b767d6d62c6f654f7897,.json,EVIDENCE,true
artifacts/validation/33-V-places-travel-asset-pet-contract.json,1682,e0a382859cd4af53977ed9814dfecb4e4d8e1cd30a885b7c03ea525a86afa8c7,.json,EVIDENCE,true
artifacts/validation/33-V-places-travel-asset-pet-runtime.json,2842,864857fcc4a580b952dd3b36c766ac644c126ca98e39aa02fafc9156ff1f6998,.json,EVIDENCE,true
artifacts/validation/33-W-consent-bound-family-ai-assistant-boundary.json,1812,4c4d8f2222b608b6b5246d98e68c563750491c196e1f9143372a3c904f37f9b9,.json,EVIDENCE,true
artifacts/validation/33-W-consent-bound-family-ai-assistant-contract.json,1842,3dabdf9e9d4862d36a10307c17be89346a62c88ee7d800c390725b72d8907402,.json,EVIDENCE,true
artifacts/validation/33-W-consent-bound-family-ai-assistant-runtime.json,2901,65f2f8e7ad306195245dbb36505062fcbaf1a16b6dd6d2adeb8af4772c99e61e,.json,EVIDENCE,true
artifacts/validation/33-X-memory-studio-time-capsule-boundary.json,2096,e0256cc67d1bcfd490e29a0e058c134ec94409de44a52e3ecfedebdb4d4827e2,.json,EVIDENCE,true
artifacts/validation/33-X-memory-studio-time-capsule-contract.json,1891,9449e482c3c7cb44bf3d1a777243c903578e1ad5e17f52c4bc18ff96b5b4e13f,.json,EVIDENCE,true
artifacts/validation/33-X-memory-studio-time-capsule-runtime.json,3025,7f018e7ff00a7104ba3a0e99d481a8610202e9aab84366fd27dc7d8cc6137617,.json,EVIDENCE,true
artifacts/validation/33-Y-local-first-smart-home-energy-boundary.json,1811,92800ae7c974f458b65d4d3d762545ebcfaf7bf21960c55732870192f157c630,.json,EVIDENCE,true
artifacts/validation/33-Y-local-first-smart-home-energy-contract.json,1706,821045262540fec49fbc66640ec449f759c9402510a9e007cf0a8a43a200177d,.json,EVIDENCE,true
artifacts/validation/33-Y-local-first-smart-home-energy-runtime.json,3020,457c597cec9c99f40e1411a515f193a1f8eb6ee00977ef06d3ad790c664ddbf4,.json,EVIDENCE,true
artifacts/validation/33-Z-signed-plugin-external-provider-platform-boundary.json,1810,93386e753b61d4a5f52c62e07ef5198c492f2bea62de9509742160d8b79b1360,.json,EVIDENCE,true
artifacts/validation/33-Z-signed-plugin-external-provider-platform-contract.json,1988,1965c4ec148ef9f6b10daf6e132adffc3ebf602b595b2ac4e884bb312f88cab2,.json,EVIDENCE,true
artifacts/validation/33-Z-signed-plugin-external-provider-platform-runtime.json,3566,c75a3cbb19bb7fd26ed549dc9045c5ee156c807bcfffec741b61b749174c2bad,.json,EVIDENCE,true
artifacts/validation/34-A-communication-policy-mls-foundation-boundary.json,1880,5a79e327abfd392af86869c0e216e57f1357a0a6a208d0ffb5672df699f24009,.json,EVIDENCE,true
artifacts/validation/34-A-communication-policy-mls-foundation-contract.json,2215,e18161d5709bd20403358abfc5e063d54d1bb2fc0e7408cb57943ac5eb6f8e70,.json,EVIDENCE,true
artifacts/validation/34-A-communication-policy-mls-foundation-runtime.json,3558,30ad912b651a312155c647867bc24266352c2780bb7a33b1c44d0261d460a46f,.json,EVIDENCE,true
artifacts/validation/34-B-communication-messaging-lifecycle-privacy-presence-boundary.json,1795,7185b1e21c6b6332502e8bbb62c5819f4816fa3d627aa740a76b0cf15b90fb49,.json,EVIDENCE,true
artifacts/validation/34-B-communication-messaging-lifecycle-privacy-presence-contract.json,1894,4fee93e18d769458223e7f16e8074fee27cddb4aef760a97398461521fc5a2ef,.json,EVIDENCE,true
artifacts/validation/34-B-communication-messaging-lifecycle-privacy-presence-runtime.json,16761,8108f580f07e2c7a163e2833a23f548fc54b9201b93bd7afa3138a6ed3834c0f,.json,EVIDENCE,true
artifacts/validation/34-C-realtime-calling-media-accessible-ux-boundary.json,1674,3ad7c311758cdae1a66319fd2316aa566e0107ecc4d8277b6c98cb241ffd04e8,.json,EVIDENCE,true
artifacts/validation/34-C-realtime-calling-media-accessible-ux-contract.json,1841,b969ed01b5659acc7a1f1d92bcca1ed1e43873c772ec157ada4549eb50c49528,.json,EVIDENCE,true
artifacts/validation/34-C-realtime-calling-media-accessible-ux-runtime.json,18683,1b5a851005783378582b5c0f8ec6245f7704202ba3e1dc1d80013b6cbed930e2,.json,EVIDENCE,true
artifacts/validation/34-D-explicit-consent-recording-media-retention-boundary.json,1600,83aafe73affe6884b096d21427611e03bf42631e2eaa88767ec41fbefab39233,.json,EVIDENCE,true
artifacts/validation/34-D-explicit-consent-recording-media-retention-contract.json,1716,388c1ecc56509947b62bfb6b69aeba87c3a6d956a228b745e45cbc3b57f090f1,.json,EVIDENCE,true
artifacts/validation/34-D-explicit-consent-recording-media-retention-runtime.json,18634,b7befcb79ef73fe430dab17488ac05f047f31edaf0264ad004b410fb59fbaf40,.json,EVIDENCE,true
artifacts/validation/34-F-family-meetings-decisions-consent-minutes-boundary.json,1676,d66394f9f4c7bc8c1b4dd7ac6c0d0740d12dab5e015684a3a40977cdb802166a,.json,EVIDENCE,true
artifacts/validation/34-F-family-meetings-decisions-consent-minutes-contract.json,1867,67d2d067f60f14b29ba5855b6624593d56cb53481bfe6aa5bb9d2545300d295d,.json,EVIDENCE,true
artifacts/validation/34-F-family-meetings-decisions-consent-minutes-runtime.json,19438,243d46ecacc13eaf965a39d4d27ee2fd44a721ab09362605ef01f892ef7bb534,.json,EVIDENCE,true
artifacts/validation/34-G-e2ee-file-sharing-remaining-communication-ux-boundary.json,2607,a0db12298d42fb45d40a8191efd48060582fa882f7e0692732224d73d2f26cb1,.json,EVIDENCE,true
artifacts/validation/34-G-e2ee-file-sharing-remaining-communication-ux-contract.json,1222,09d5794767d2b8afdbaa81021ee6eea5e5eb79bbd40bf7e8d342dab7372593a9,.json,EVIDENCE,true
artifacts/validation/34-G-e2ee-file-sharing-remaining-communication-ux-runtime.json,25121,2c6f149d1ba2f8f7b7201e70607eb9e5d28d28656d9b3ef5dd3f527772adac5d,.json,EVIDENCE,true
artifacts/validation/34-H-communication-audit-archive-integrity-boundary.json,2466,c0b326fa3bd2be87738c822358e1eb35054eb05be736806927ad314e402d231c,.json,EVIDENCE,true
artifacts/validation/34-H-communication-audit-archive-integrity-contract.json,1222,37821e4ce7f4248897add4dc93a5daf94ceb2b3ffecff5086e5516daf8b920f7,.json,EVIDENCE,true
artifacts/validation/34-H-communication-audit-archive-integrity-runtime.json,24979,53aee3838d8a78b372b9d609bd8e5b89ee0c686efc8d20c8cdbd9530cf018136,.json,EVIDENCE,true
artifacts/validation/34-I-distributed-core-consensus-tenancy-boundary.json,2710,e0f450999120426f4ed3cac2605ed525ec563aa31502ad5cc28cebd6eb575579,.json,EVIDENCE,true
artifacts/validation/34-I-distributed-core-consensus-tenancy-contract.json,1231,c1dda7d5e5d6abf5116b1e84c2e349262a7c0dd9e52fbea0f8edd43392c1d906,.json,EVIDENCE,true
artifacts/validation/34-I-distributed-core-consensus-tenancy-runtime.json,26061,03c515a8967c9813d903f6ad140e6303a713986ef02a473c954201248f921134,.json,EVIDENCE,true
artifacts/validation/34-J-distributed-clients-operations-disaster-recovery-boundary.json,2081,b32aa4be5a9955462d0b7d3e537dccfd1e8ec5077b7e259d61226ec0593de79c,.json,EVIDENCE,true
artifacts/validation/34-J-distributed-clients-operations-disaster-recovery-contract.json,1231,7ed6602ddc4edab13578aa701f1987d8940180573853006b61de269fbbb1e037,.json,EVIDENCE,true
artifacts/validation/34-J-distributed-clients-operations-disaster-recovery-runtime.json,24594,eb01a8f4fac23203532a6190dd4c5fc0628958d1f33043fd02042d05e48e2abd,.json,EVIDENCE,true
artifacts/validation/34-K-windows-resilience-universal-ux-boundary.json,2382,2db09158511d610b611b06b1ba99a2e1aa1773371cfe06ff422748077fd3469b,.json,EVIDENCE,true
artifacts/validation/34-K-windows-resilience-universal-ux-contract.json,1231,08c919fdd9277d0504fb94235af6868cf8991ad9e6f12105d41e2d2612be0d45,.json,EVIDENCE,true
artifacts/validation/34-K-windows-resilience-universal-ux-runtime.json,24895,23c33627f14f6ff42be94429ac468b7878f0fa5c48440ccc4a2694d3e2116848,.json,EVIDENCE,true
artifacts/validation/34-L-bronze-final-local-closure-boundary.json,1662,be9b9d0ec238d60212401bccad55ae705b652c35f4a49264c078b21fe82f1f0b,.json,EVIDENCE,true
artifacts/validation/34-L-bronze-final-local-closure-contract.json,2450,146b1d9c2ff4fd74123046c27c5b1dc4f299647ad03a9e044dd17faf7e571e52,.json,EVIDENCE,true
artifacts/validation/34-L-bronze-final-local-closure-runtime.json,34576,afada77b8eab347c7c6c731ba9b3bb9bf5310133e2949863b5a61a162f9ccf44,.json,EVIDENCE,true
artifacts/validation/34-L-bronze-local-closure-receipt.json,6255,52b4bd3052f21dc8abe4474fa3816f0bd0b34bdd9bd9a3b1268d8431e90daf26,.json,EVIDENCE,true
artifacts/validation/34-L-bronze-local-closure-receipt.json.sha256,105,34dff658bf6f8e416dfaad21506b8fcc0299a871c65d466e20f7ba1c77cb2984,.sha256,EVIDENCE,false
artifacts/validation/34-L-bronze-local-closure-receipts/3cc913c826dedb829e757420cce50f35c3172c3d-ae7b7137e42c278e.json,1949,3a8b3ddaec576650c00b4610233d1db27bfd8d2a4c267da3ca86ab615b0ca128,.json,EVIDENCE,true
artifacts/validation/34-L-bronze-local-closure-receipts/3cc913c826dedb829e757420cce50f35c3172c3d-ae7b7137e42c278e.json.sha256,129,d088170cdc261f6cbad291b2f6dfdd3c85fce0bcad99822bf59d0e4ec08e9b01,.sha256,EVIDENCE,false
artifacts/validation/34-L-bronze-local-closure-receipts/5b2a6ea8c7f50d7795f4a6ac0f70ae3e822ac8b7-04485e9ec181d711.json,1949,93c99650f8fb30a2227a3a7d7eaf4901aea910bceba9c537734baf6ecfadbab7,.json,EVIDENCE,true
artifacts/validation/34-L-bronze-local-closure-receipts/5b2a6ea8c7f50d7795f4a6ac0f70ae3e822ac8b7-04485e9ec181d711.json.sha256,129,38ef52cfce9683cba051255f5108a59187366948be2fbcec6cf460c33e02604b,.sha256,EVIDENCE,false
artifacts/validation/application-security-profile-gate.json,702,0903d7fd1395b8279c0ad77863b2991799fc72c932f08ca53756a2d85ac3853e,.json,EVIDENCE,true
artifacts/validation/bronze-22.08.2026.50-final-local-test-delivery.json,2415,f0f85f71c319e62353d47c9806bd8e26be5e89a3f270601f2212b0909dff6491,.json,EVIDENCE,true
artifacts/validation/bronze-governance-reality-matrix.json,2055,feb5c46c629c0684c5bda1c06d4fae2ea6be873bd587201ba116269db45948ca,.json,EVIDENCE,true
artifacts/validation/feature-reality-gate.json,673,67c1227c8a5df140447ad15443790806d7c85e499160aa5845c8a81d04654f68,.json,EVIDENCE,true
artifacts/validation/full-vitest-pass-2026-08-23.json,639,1e4b454d2150f7a62b131e1ad648d0b2a2494799fc83340cd2b13d20557eab04,.json,EVIDENCE,true
artifacts/validation/full-vitest-regression-failure-2026-08-23.json,8744,245136ca0f0609ca58c2e21b4e11a9fa00df3485452b4d859fab1b68e4120f51,.json,EVIDENCE,true
artifacts/validation/governed-preflight.json,9578,c4244bdf0cff2ed0517c5a489db2fbdb7bf41675fc98739899a651875db7d3a4,.json,EVIDENCE,true
artifacts/validation/platform-capability-manifest-gate.json,624,5d32ba78871c317a01163ded79b49e833bc96ed2d9b20b57e1f329314718051b,.json,EVIDENCE,true
artifacts/validation/platform-policy-ast-gate.json,646,483bd03a82cd187b20cefe6696f318e38f447941e9a1916c58b1a16a25c200a1,.json,EVIDENCE,true
BRONZE_04.08.2026.27_BITIS_METNI.md,1243,639a5137d4154eb3051a44375a341e84480ffe4ec4d1e8b386e0a7a3141459b8,.md,ACTIVE_REFERENCE,true
BRONZE_04.08.2026.27_DURUM.md,1949,10bc58370e5b15cbc1591840d166614dcf72f95d0a17b55395adc2f512d04cc9,.md,ACTIVE_REFERENCE,true
BRONZE_04.08.2026.27_SURUM_NOTLARI.md,309,027a1415eb2e960241778c9ba85dc3933543ed9a3dc77edab6a115c8ac2acfbf,.md,ACTIVE_REFERENCE,true
BRONZE_04.08.2026.28_BITIS_METNI.md,789,2a2ef467a5cd3405aaef81da7792bfbc1c10e7dd74c89f52ec5920ba2d3539e1,.md,ACTIVE_REFERENCE,true
BRONZE_04.08.2026.28_DURUM.md,1496,661971407d8c4921c2785ec79ee4f1beced64066d31b65eb5405b65d20502466,.md,ACTIVE_REFERENCE,true
BRONZE_04.08.2026.28_SURUM_NOTLARI.md,1573,e6a7523c2ccf5e6d860f188113bf90f55e18ad3a76f6b97a00d50fcc52d6af9a,.md,ACTIVE_REFERENCE,true
BRONZE_04.08.2026.29_CHECKPOINT_29-A_DURUM.md,1083,eb9023b31271eac1e15321cea3e62e9e7ffebadbd0dffb1426cba5370d89568a,.md,ACTIVE_REFERENCE,true
BRONZE_FINAL_WINDOWS_DOGRULAMA.cmd,447,ba958da3f52eb2b802db6087abcc1664c2f4e730c0f8c7d2b3ab36f730a67e90,.cmd,ACTIVE_REFERENCE,false
BRONZE_WINDOWS_GUVENLIK_KAPAT_BUILD220.cmd,826,5f9cc2adabcf6081ff850a9dec1c586d98d0f57ac8dc3948f6f8caa2a9336f69,.cmd,HISTORICAL,false
BRONZE_WINDOWS_GUVENLIK_KAPAT_BUILD221.cmd,826,5c24d24b4d3396664ee676bea8cedc733bbb8ec38e879fc97ae3874732b27396,.cmd,HISTORICAL,false
BRONZE_WINDOWS_GUVENLIK_KAPAT_BUILD222.cmd,826,f927a0640f4cfa137b3c28ab0c9fadbfc40ab8181419e4b274042d52f05b6005,.cmd,HISTORICAL,false
BRONZE_WINDOWS_GUVENLIK_KAPAT_BUILD223.cmd,826,fbf6921f18541eb7c6832cd59f9dd6ee242113f04f45e35a6cf8001a0df368ff,.cmd,HISTORICAL,false
BRONZE_WINDOWS_GUVENLIK_KAPAT_BUILD224.cmd,826,87e2c2bf0d84b266de0fbb79f9abad970b62bcefa47ecd1364b192f4544e05e9,.cmd,HISTORICAL,false
BRONZE_WINDOWS_GUVENLIK_KAPAT_BUILD225.cmd,826,cb20f5fb66a0d44eda1bd47710261ecdabcb09fcefb2ec6cbfe5c881124c1446,.cmd,HISTORICAL,false
BRONZE_WINDOWS_GUVENLIK_KAPAT_BUILD226.cmd,826,276898823c1bce63168e82e9ce7f9b370ce17a63ab1f5fedd5bd4f2e78e1858c,.cmd,HISTORICAL,false
BRONZE_WINDOWS_GUVENLIK_KAPAT_BUILD227.cmd,799,05c95c25634ff085422c86007a767e8170d3136a5cc296f8864a3ace14b0ec7d,.cmd,HISTORICAL,false
BRONZE_WINDOWS_GUVENLIK_KAPAT.cmd,883,8803e0d1ee43ee6dc9f05b52c6b5e376b82fa12f68574b836b6d40cbebec843a,.cmd,ACTIVE_REFERENCE,false
BUILD_STATUS_BRONZE_RC2_BUILD100.md,1111,dda256fc578d8ea370f03d0850bcdc6c06d121980f1c9c80ddc006ea2b5c6188,.md,HISTORICAL,true
BUILD_STATUS_BRONZE_RC2_BUILD101.md,978,fb32faaa4fb5630136ab78b4f3aeb0a9eba5b1ff327f0499673c5473866fbd88,.md,HISTORICAL,true
BUILD_STATUS_BRONZE_RC2_BUILD102.md,1046,676b103da5eeccb414d77e35c16003d3fea37c4ce4b8b5a87f7d60b033ad0654,.md,HISTORICAL,true
BUILD_STATUS_BRONZE_RC2_BUILD103.md,1060,965a2337cafa32628e1846d8e810beb2308b3fec9faf9fc5347ebe33d5ad8908,.md,HISTORICAL,true
BUILD_STATUS_BRONZE_RC2_BUILD104.md,1230,1b5a89db88507e01a473a671a6aab6b20686625e31b02a1ba95eac0bc7e9e7cd,.md,HISTORICAL,true
BUILD_STATUS_BRONZE_RC2_BUILD105.md,1667,0a777094ae818529d5355cedd0fe70aa9e74b2a3baff881e6ac3cf6027314b60,.md,HISTORICAL,true
BUILD_STATUS_BRONZE_RC2_BUILD106.md,1020,d55c98cdf4e9238d66356f6c81f09aa7e7c7916c6495cf449c1685518fa903e8,.md,HISTORICAL,true
BUILD_STATUS_BRONZE_RC2_BUILD107.md,877,6ac58204c51ec77eacad2894c668c1eb0aff5860bb4d65f234dc437521490e9f,.md,HISTORICAL,true
BUILD_STATUS_BRONZE_RC2_BUILD108.md,2606,5f1ff3490950ecb59e91a712399d74b67353928986ff9b5b806c29a496fa42d3,.md,HISTORICAL,true
BUILD_STATUS_BRONZE_RC2_BUILD109.md,2854,741ed9b19c987e19e524c7a53977b0e8a523a3c16831c89296e9e81d7c190030,.md,HISTORICAL,true
BUILD_STATUS_BRONZE_RC2_BUILD110.md,2385,5ffef01629730dc58f51e6453cfe4ef0edd94223549bf0fa8070e245f6017ebc,.md,HISTORICAL,true
BUILD_STATUS_BRONZE_RC2_BUILD111.md,2471,a4a0a816618b04045b2ffa5fa5a9ca55e3dea37077f0a5cdb1cfd003e903081b,.md,HISTORICAL,true
BUILD_STATUS_BRONZE_RC2_BUILD112.md,0,e3b0c44298fc1c149afbf4c8996fb92427ae41e4649b934ca495991b7852b855,.md,HISTORICAL,true
BUILD_STATUS_BRONZE_RC2_BUILD113.md,1415,39592b934ed68e4a177122a2079c185d1d75c184e6d61ec5e2a5e3bdfb72af87,.md,HISTORICAL,true
BUILD_STATUS_BRONZE_RC2_BUILD114.md,2257,6f7f4dcbff7385e2083c47f578191b8092ad5f1dd4ae4cc6e7b2d52c5c0808c7,.md,HISTORICAL,true
BUILD_STATUS_BRONZE_RC2_BUILD115.md,2267,c7d596da7bcb82c97f7d768fada41a5f5ed3592a64e6b6213e141353bec247b6,.md,HISTORICAL,true
BUILD_STATUS_BRONZE_RC2_BUILD116.md,2345,85e5ae2a8ec1d52b95fba481b2e76f9ff27a7594e2e689e180e77174f5b3896b,.md,HISTORICAL,true
BUILD_STATUS_BRONZE_RC2_BUILD117.md,2140,50712ac4f5be4577d1dd5c891b4b12699a8ea7db8a24edc9525142dbd22a434b,.md,HISTORICAL,true
BUILD_STATUS_BRONZE_RC2_BUILD118.md,1962,7e14ff7b8d9004792915fdfe6742855bd5122373e517dd769730739bfe9ae2ae,.md,HISTORICAL,true
BUILD_STATUS_BRONZE_RC2_BUILD119.md,2079,b237d69dfc20f52082714d511d9aad03d7af1a2119531cdfaa155f0f53a84d95,.md,HISTORICAL,true
BUILD_STATUS_BRONZE_RC2_BUILD120.md,1418,7ae4d3e880ee9aea5aa87762f4e32b9f753ef21c876be22ea652febbaa398138,.md,HISTORICAL,true
BUILD_STATUS_BRONZE_RC2_BUILD121.md,1537,7e6dc2dda9ef9bba211b2710f71ce255a16c22705717d732e1ffcb375275063c,.md,HISTORICAL,true
BUILD_STATUS_BRONZE_RC2_BUILD122.md,3435,aff778593e1f81f87e13e7288afdd7dfba4f99c7e7c552b2cdf7ee5a0990d0a7,.md,HISTORICAL,true
BUILD_STATUS_BRONZE_RC2_BUILD123.md,1136,9eeeb96a1eb76680d4da8f1ffdf0fa41183a3e3b736c6e7beb46e3093481f422,.md,HISTORICAL,true
BUILD_STATUS_BRONZE_RC2_BUILD124.md,1333,202178de105c461bfcd984600ef6bba43ad4f53e4a6b5b4f53294362ab80f56e,.md,HISTORICAL,true
BUILD_STATUS_BRONZE_RC2_BUILD125.md,1453,ca03cea8c098ac89b5022ef4d75efc680ee7a02f302555efc776cbd2a699e4df,.md,HISTORICAL,true
BUILD_STATUS_BRONZE_RC2_BUILD126.md,1417,16285acf29d0884870102c953f59a09a502143d4295a562600f6cda9a28635fe,.md,HISTORICAL,true
BUILD_STATUS_BRONZE_RC2_BUILD127.md,1627,3a4f03e17f19c62c37083c0130a2e0630434b845756c868eeb830bebe091ef1a,.md,HISTORICAL,true
BUILD_STATUS_BRONZE_RC2_BUILD128.md,2026,7f5500749b8d7e7d474041afb183dd248076d3e1cdd618c88c9536985489a286,.md,HISTORICAL,true
BUILD_STATUS_BRONZE_RC2_BUILD129.md,2249,0307c65c78b88d3422401f2211fa9804149e0655915236c115f7fdebeae86d13,.md,HISTORICAL,true
BUILD_STATUS_BRONZE_RC2_BUILD130.md,881,18f25442ada5078cd535590951cd6cf7ec5f747e18425c1b15ac46abaa6f77c9,.md,HISTORICAL,true
BUILD_STATUS_BRONZE_RC2_BUILD131.md,0,e3b0c44298fc1c149afbf4c8996fb92427ae41e4649b934ca495991b7852b855,.md,HISTORICAL,true
BUILD_STATUS_BRONZE_RC2_BUILD132.md,1388,9f82bbcd049f20bc6489e40d17aaf821edafd9fe2fa13300ac2ed63ee8920bca,.md,HISTORICAL,true
BUILD_STATUS_BRONZE_RC2_BUILD133.md,1377,effd93fa927912cda23b505018d52efd46316c750bc41e5584958b1e76769b91,.md,HISTORICAL,true
BUILD_STATUS_BRONZE_RC2_BUILD134.md,1446,2f4a6d840e7cfa9a8ced60a77848ca6e655e8c1fc210c1772eb17604e553d176,.md,HISTORICAL,true
BUILD_STATUS_BRONZE_RC2_BUILD135.md,1458,2b710d3d5177db1d40f5659820a202ff7bb71efdac6eef360d661ba3f6c0a538,.md,HISTORICAL,true
BUILD_STATUS_BRONZE_RC2_BUILD136.md,1496,7bcdf7b303523084e8d8ffb549a1fb01f28c302ab690866cb9d8e71f1e08b31e,.md,HISTORICAL,true
BUILD_STATUS_BRONZE_RC2_BUILD137.md,1643,4ffb1cf14e5bac340d35f656aa40073592bcfab52d80647f01bcdfb1e45f63e6,.md,HISTORICAL,true
BUILD_STATUS_BRONZE_RC2_BUILD138.md,1448,cd969f72322685f487e07d0808b882b7c63d429fb158513d47b5f1a04bd206d1,.md,HISTORICAL,true
BUILD_STATUS_BRONZE_RC2_BUILD139.md,1431,1ec16f277c6fb387ede4b9469936283fd9401df547422596541db31d2641ca04,.md,HISTORICAL,true
BUILD_STATUS_BRONZE_RC2_BUILD140.md,1472,dfcbf0fabfdbd38d6047cc0b9c1c145f7b972c2ff70843986330c704a0f0f484,.md,HISTORICAL,true
BUILD_STATUS_BRONZE_RC2_BUILD141.md,1384,78814d8084f4843df9a6dc56e872baa80879c7d5b3c01377925b91f6d5e9e8a0,.md,HISTORICAL,true
BUILD_STATUS_BRONZE_RC2_BUILD142.md,1452,3bcac1ad608b9aa11139bd32ead2cbc917634c48c5d681d6abbc131fce1fccb8,.md,HISTORICAL,true
BUILD_STATUS_BRONZE_RC2_BUILD143.md,1077,a4c9a5e5147a11eca5b71c6903df4fda2f7d08d09f8a5bcf6c714666d9dd32e2,.md,HISTORICAL,true
BUILD_STATUS_BRONZE_RC2_BUILD144.md,1323,5584831f4d6e435cc2150a1040efe91ef6fd0a198c7b0af2f960d7bc437041ff,.md,HISTORICAL,true
BUILD_STATUS_BRONZE_RC2_BUILD145.md,1814,696f0d1a903217246c3846c993c5572f86f83dbc5c52763daefc1623cf462190,.md,HISTORICAL,true
BUILD_STATUS_BRONZE_RC2_BUILD146.md,2164,61b27d48d4f8d0848ed9839c12a306a8192d1b021555f782ab049a00cc0ac9ec,.md,HISTORICAL,true
BUILD_STATUS_BRONZE_RC2_BUILD147.md,2873,cbf08b7a25c7343dcb02289f0149d4207655759e838f6744fa7f0f12ed38278a,.md,HISTORICAL,true
BUILD_STATUS_BRONZE_RC2_BUILD148.md,3441,fa703f0af76e359efd85c3da1b79f1a1ec094019287dd4b105689d3965c214c6,.md,HISTORICAL,true
BUILD_STATUS_BRONZE_RC2_BUILD149.md,3459,9ddef0604c4a7978523c26f5060c00c23bfb201f202199252b54351be77c74b1,.md,HISTORICAL,true
BUILD_STATUS_BRONZE_RC2_BUILD150.md,3719,3ee04d57f76e67dc18d77a1d895b9d34f21f9afd8f934d67c9f8f28d501cd3e7,.md,HISTORICAL,true
BUILD_STATUS_BRONZE_RC2_BUILD151.md,2379,cf5dd396ab882dda348bb513f87a0d96eccfa4be9ac0baecb1dca88cb0c07fff,.md,HISTORICAL,true
BUILD_STATUS_BRONZE_RC2_BUILD152.md,1856,8c7762ab0a92b457a8af6ef1b438e269ad39ff31a63d740d22757a2205053812,.md,HISTORICAL,true
BUILD_STATUS_BRONZE_RC2_BUILD153.md,1193,2c6e60cdf4f81e9c5eddc28ca85cd1a3af22db4b8ba1b05da0042cc719055eaf,.md,HISTORICAL,true
BUILD_STATUS_BRONZE_RC2_BUILD154.md,1325,f20b3f8e7be31cc25cf6b79ce0e6d7d0de0f53606edc79929f1b15713fb3b285,.md,HISTORICAL,true
BUILD_STATUS_BRONZE_RC2_BUILD155.md,883,d112ef0afe42a31a5ba7af9f813802bc4ac8d8ae3f4c1603dcf066979778ed95,.md,HISTORICAL,true
BUILD_STATUS_BRONZE_RC2_BUILD156.md,994,5f0df05280acbe6f362dfb8a289d079801169ee7139b76f74a453f2cd3a235b6,.md,HISTORICAL,true
BUILD_STATUS_BRONZE_RC2_BUILD157.md,1109,01df9542f30a6bab815a20f0c9d8a22524810bf95c60879cb5e3ad6f20641958,.md,HISTORICAL,true
BUILD_STATUS_BRONZE_RC2_BUILD158.md,1057,41f431a9564c82cd45193fa41ac0210ea9993bd16f8870aaddc493aff8969d6d,.md,HISTORICAL,true
BUILD_STATUS_BRONZE_RC2_BUILD159.md,1074,15e55820d154da24ab4bcdfab019afaad229935ba0b8fe4b1945aa6da59547b0,.md,HISTORICAL,true
BUILD_STATUS_BRONZE_RC2_BUILD160.md,1065,643d58e6a99d20c1f3bee9b7e381cbb35bff3c93e0bee57b9599309ff908135f,.md,HISTORICAL,true
BUILD_STATUS_BRONZE_RC2_BUILD161.md,1013,28621c32a9158a8c2e7c96248e995a77bb711cd38be2b33f03303220bd7c2183,.md,HISTORICAL,true
BUILD_STATUS_BRONZE_RC2_BUILD162.md,880,77965a532126b5d6ceeb25a21f063bb5e0d14250b8e0daa9b7a8ad012dcf6b8c,.md,HISTORICAL,true
BUILD_STATUS_BRONZE_RC2_BUILD163.md,841,819ab55820f40f06231446dfbdb8df52934cd4e8d1d1f32ab1f625c2e1763390,.md,HISTORICAL,true
BUILD_STATUS_BRONZE_RC2_BUILD164.md,853,d6e9318cd37571c4b17378b86ea00b63c81489ddc297bc0a050313e71119ff55,.md,HISTORICAL,true
BUILD_STATUS_BRONZE_RC2_BUILD165.md,922,c92cc03c59f70100c9e7bfc09951f5daa30af5cfaf3cdcceba8dc6c8f97a336c,.md,HISTORICAL,true
BUILD_STATUS_BRONZE_RC2_BUILD166.md,806,7dc8978856fb5c1dd029117eb76bb29704d2b9b52f8e7cc5e07ba66c9f3958e0,.md,HISTORICAL,true
BUILD_STATUS_BRONZE_RC2_BUILD167.md,832,b687c817daa6c35c8ca02be93dae8025de835394e4c3216d67a838b1a056aa4c,.md,HISTORICAL,true
BUILD_STATUS_BRONZE_RC2_BUILD168.md,920,c6a4ab6a8f1ec987834f39df6b34b4db00dc706d051fb667d6794fb8a993046a,.md,HISTORICAL,true
BUILD_STATUS_BRONZE_RC2_BUILD169.md,1169,e7218e6591ca1d8ed79fab53163e492a8657b9d4be4f6a7c47eda555f08d5b9c,.md,HISTORICAL,true
BUILD_STATUS_BRONZE_RC2_BUILD170.md,1387,fb7ad56e75072f9d3802240cde204f73adcb0ba217a80f9f5f3d3530f22c7967,.md,HISTORICAL,true
BUILD_STATUS_BRONZE_RC2_BUILD171.md,1502,db71053b2ca0cd57dcde71cb332199b7e355e3a2764e4cbb256f43087a99f00d,.md,HISTORICAL,true
BUILD_STATUS_BRONZE_RC2_BUILD172.md,1615,bb9d82acc14ca5838e6e0b736f80675affc1500b13a8739a09e5931f81cfb8d3,.md,HISTORICAL,true
BUILD_STATUS_BRONZE_RC2_BUILD173.md,1144,7f60979bf7836b32b945b46b60061bc460c6b11a9bd8b60163bed29237184032,.md,HISTORICAL,true
BUILD_STATUS_BRONZE_RC2_BUILD174.md,452,9132b244e405bc7b3580b909d34369fb6e8fdd73648e423fa0c6019bc266552e,.md,HISTORICAL,true
BUILD_STATUS_BRONZE_RC2_BUILD175.md,1447,30243504bf841a96c92eb157c7788f6d2f29c599897b1d2be83163b0ed66cfe6,.md,HISTORICAL,true
BUILD_STATUS_BRONZE_RC2_BUILD176.md,1768,78db0ae6ade586bb41a124bd3ed6be72ea84ad1a39f7d81401bf93c5dba517cf,.md,HISTORICAL,true
BUILD_STATUS_BRONZE_RC2_BUILD177.md,1421,5f0a4a1ece4df190b12cb9d90822c777279fcb5cf889879e164b4858d63b19e8,.md,HISTORICAL,true
BUILD_STATUS_BRONZE_RC2_BUILD178.md,1193,205fd6c8597a91afd0cbf1b0c2de5b7282f16d6ec61fd47b1529f51165d2e24f,.md,HISTORICAL,true
BUILD_STATUS_BRONZE_RC2_BUILD179.md,690,e685582a0352ecdbfcb8cfdf5a03aa48c6697f1cc467c6d85291caccdc0fb21b,.md,HISTORICAL,true
BUILD_STATUS_BRONZE_RC2_BUILD180.md,1353,747fc64570e27e9052033b9df306e1e03815e016561d32109f118a33510dbb4e,.md,HISTORICAL,true
BUILD_STATUS_BRONZE_RC2_BUILD181.md,955,2a9569faf97f2246a082a1d9b551e9d19138de6ad0cef76be461deda65068774,.md,HISTORICAL,true
BUILD_STATUS_BRONZE_RC2_BUILD182.md,1325,6b0f296a00e2f1f9ed2a31b70a434bf216e981ac32aaa48d03f379f0575cc82d,.md,HISTORICAL,true
BUILD_STATUS_BRONZE_RC2_BUILD183.md,1304,e3974bc593e8fe0c0879f37c721a731c39c2cabe9229a87d756450f105ac4542,.md,HISTORICAL,true
BUILD_STATUS_BRONZE_RC2_BUILD184.md,853,095a8e6b927cf9300ca57b2df69018724e35cee96984ffd6d4b4a2d0869fb910,.md,HISTORICAL,true
BUILD_STATUS_BRONZE_RC2_BUILD185.md,747,805561ff21b63d17593c76acfbeeb0587ddd7ab1949a2c2288d0d194130402b4,.md,HISTORICAL,true
BUILD_STATUS_BRONZE_RC2_BUILD186.md,772,af01f873c732a27b85b72ef03028a796cb66e1dd9b5d148b706fb66ddb53cae7,.md,HISTORICAL,true
BUILD_STATUS_BRONZE_RC2_BUILD187.md,879,ede7670c61a32a702c6b889da6b7ec636d9ef72a21e98084f9ab7b1e691a06d8,.md,HISTORICAL,true
BUILD_STATUS_BRONZE_RC2_BUILD188.md,953,580ccfb04c620b426d97cfef06522b0b20f881f0e6b542ce78ced12c12c3d9f6,.md,HISTORICAL,true
BUILD_STATUS_BRONZE_RC2_BUILD189.md,891,39521bc7b356a565640d2e136f531c54b8603eeb1ede91bbd4a02019d15692e1,.md,HISTORICAL,true
BUILD_STATUS_BRONZE_RC2_BUILD190.md,689,9e1d20c66dbbf74c0eba5773f6be905c8b9def9a7dd29204d25fc3780d5bf43d,.md,HISTORICAL,true
BUILD_STATUS_BRONZE_RC2_BUILD191.md,840,b2e34b4db2f47dcc58401f279b4400a5d9ba4942577ad48c4e479a3698a817da,.md,HISTORICAL,true
BUILD_STATUS_BRONZE_RC2_BUILD192.md,816,1a5d0100e906f6e5d1ac29c2cc4230909619b5ce08f6f891b2f0e889e61f110f,.md,HISTORICAL,true
BUILD_STATUS_BRONZE_RC2_BUILD193.md,844,b6da718251d3ecd6e522dd740c769cea81069a8ac441341f6c9abcb06567e00b,.md,HISTORICAL,true
BUILD_STATUS_BRONZE_RC2_BUILD195.md,333,82152bf76360455b9f6ea4cb13e166ef064e0268448a639c5c8221a84747c00f,.md,HISTORICAL,true
BUILD_STATUS_BRONZE_RC2_BUILD196.md,360,44176d61d450e4fd652334ed256cacd0681505ee14b81eedc1c6e20457fe88c9,.md,HISTORICAL,true
BUILD_STATUS_BRONZE_RC2_BUILD197.md,574,430e7a096980f8b43d994699ac2405e1e4bf7a954965f594dc825931e1438aa7,.md,HISTORICAL,true
BUILD_STATUS_BRONZE_RC2_BUILD198.md,427,1fbbca4170288a9734180620d672f063cc1fb79ca5c82b0bcdec8ab099276c9d,.md,HISTORICAL,true
BUILD_STATUS_BRONZE_RC2_BUILD199.md,225,772b7e601b4496e2cf8af954ec6660bfa1d34013cba350075402df4c298fe333,.md,HISTORICAL,true
BUILD_STATUS_BRONZE_RC2_BUILD200.md,451,d803a589c9ffccf3575208fcec11f5de1a22b3ac26abeaf3fe74482674e7ca18,.md,HISTORICAL,true
BUILD_STATUS_BRONZE_RC2_BUILD201.md,147,c13367e64c78cdb1c61ef8825f4cb8a4bb62d6272ce6f9e729e2b8b6f8347837,.md,HISTORICAL,true
BUILD_STATUS_BRONZE_RC2_BUILD202.md,174,1ecdb421a1e44ec99ac9be005c58ef53cc6c2a44912de527e9eb9f29ef72c9af,.md,HISTORICAL,true
BUILD_STATUS_BRONZE_RC2_BUILD203.md,281,40cb275e0ff6c10975ddfe382cc7b0f66318f09e816425ea48ea8a857b62d6af,.md,HISTORICAL,true
BUILD_STATUS_BRONZE_RC2_BUILD204.md,314,998e8aae784463e794276632038376c0c5ee2d6ed7ec1e23b73d39316cac936f,.md,HISTORICAL,true
BUILD_STATUS_BRONZE_RC2_BUILD205.md,1551,7fee8e38a2bfad98d1826a81ef98688c0e7c6a119419d94536146a197987dda6,.md,HISTORICAL,true
BUILD_STATUS_BRONZE_RC2_BUILD206.md,2064,c1524c3dfab6c376b4245725ef89bc8adf97ce165fa73e8187a388b1c238fbb4,.md,HISTORICAL,true
BUILD_STATUS_BRONZE_RC2_BUILD207.md,930,51966a848644353884999971bd126d76f466ba88035cc3e6d026583eb8483e4f,.md,HISTORICAL,true
BUILD_STATUS_BRONZE_RC2_BUILD208.md,1352,f23879c41c6a8bc0670b45ea7cf2320e9fd8341f595bf05c28969f5bdef40002,.md,HISTORICAL,true
BUILD_STATUS_BRONZE_RC2_BUILD209.md,2460,266482c2ab74c7939546f345155bda350bfb4efe0657fa3385d661c98d64c82a,.md,HISTORICAL,true
BUILD_STATUS_BRONZE_RC2_BUILD210.md,2015,5c74d0bb353edfe072169a4e73f2d21f1f65cc3afbedcb6a9f527e1ba1941d52,.md,HISTORICAL,true
BUILD_STATUS_BRONZE_RC2_BUILD211.md,644,e62c168d316cb6cbbf4679198f1624ff00beae9d8897386e6013049c6c4753e9,.md,HISTORICAL,true
BUILD_STATUS_BRONZE_RC2_BUILD212.md,794,c64f1860027be16174c449e91b4aed01647fff36f4b89cc09261151790d484d7,.md,HISTORICAL,true
BUILD_STATUS_BRONZE_RC2_BUILD213.md,1500,72bb5684f979fb97871638297bf0e486fcbb582157d05370f605a3bc5f14fd0d,.md,HISTORICAL,true
BUILD_STATUS_BRONZE_RC2_BUILD214.md,3572,59239e247132cc09995ed4b9dd188951a094880a1c428cd1644010b83e08045e,.md,HISTORICAL,true
BUILD_STATUS_BRONZE_RC2_BUILD215.md,1554,270525df89f7fd30d86fc925ca64d39c24d8485b8bbb099e6bfbfabc6ca39ae6,.md,HISTORICAL,true
BUILD_STATUS_BRONZE_RC2_BUILD216.md,1658,0798a8181009730c396bb9ad9ca448acc86a64c5c9d5ce3d8a2751e76dff1e6d,.md,HISTORICAL,true
BUILD_STATUS_BRONZE_RC2_BUILD217.md,764,b6de7278689b4a3f8f81f731ee69ce905c21b2e5f1ad7cc50ae3e4485af539f0,.md,HISTORICAL,true
BUILD_STATUS_BRONZE_RC2_BUILD218.md,1116,ca5f583e7c9c6fdd234ed169fbfd86f2c0bf0c585fcad9ad35ddf459f450f50c,.md,HISTORICAL,true
BUILD_STATUS_BRONZE_RC2_BUILD219.md,1136,2d00a93495740a71da8c037d3e4fc7428f9ce9b8523367e1908c719b70ec0dd8,.md,HISTORICAL,true
BUILD_STATUS_BRONZE_RC2_BUILD220.md,1966,80f7502f39718f3d6b3e2afa475980fde5eacddfc73dc1386b2d394e030f1e86,.md,HISTORICAL,true
BUILD_STATUS_BRONZE_RC2_BUILD221.md,2481,f171d45bd08937cd58390a8015624e18d4bd319412646c7d24fcd61f6c046cb1,.md,HISTORICAL,true
BUILD_STATUS_BRONZE_RC2_BUILD222.md,1954,bbcad5aff71811e66c2d8bea67a552ae0c5f2cc55a492a853cea29b11b2f3da1,.md,HISTORICAL,true
BUILD_STATUS_BRONZE_RC2_BUILD223.md,2387,dda12264136bc3b20e39bcc60aeaff6ae51fee54ff97050b665ed108f00a08e7,.md,HISTORICAL,true
BUILD_STATUS_BRONZE_RC2_BUILD224.md,2641,ec78f458a237a71410230fb55deeceb4dc313a01f36579be841a59c2da644d48,.md,HISTORICAL,true
BUILD_STATUS_BRONZE_RC2_BUILD225.md,1991,d264f1493375e76abca4035f09bb5deb1ca9ee372ea2a62deb223f607e163de3,.md,HISTORICAL,true
BUILD_STATUS_BRONZE_RC2_BUILD226.md,1815,7a7f10ff56e5ef369d91eb604f21d5afa1c642f200be006d514698a6edd38e99,.md,HISTORICAL,true
BUILD_STATUS_BRONZE_RC2_BUILD227.md,1405,a6038665ee911e03fa97e9ca77ad0450f855d0751396ecd48ab823437cdfa374,.md,HISTORICAL,true
BUILD_STATUS_BRONZE_RC2_BUILD228.md,935,0da993cd021209f0514a8c17098197cd267718c314cc6587b9888c6e7ee9afbe,.md,HISTORICAL,true
BUILD_STATUS_BRONZE_RC2_BUILD71.md,704,95c39920bd80656df6925891eed63160839929cd2798a6838686ab1f819cf9e2,.md,HISTORICAL,true
BUILD_STATUS_BRONZE_RC2_BUILD72.md,703,8fa74c7fe88a2b38cf984fcd5361345b1c8bc4531736771358f2becfaaba70f0,.md,HISTORICAL,true
BUILD_STATUS_BRONZE_RC2_BUILD73.md,564,beb625fe9277823178589418b7956e4194f0959d7eea52aada29cba1b5b63ba4,.md,HISTORICAL,true
BUILD_STATUS_BRONZE_RC2_BUILD75.md,557,4c8623aa378e8c946304f8958754bfe5ec78bac1dd7dab995d5a38f6e071e884,.md,HISTORICAL,true
BUILD_STATUS_BRONZE_RC2_BUILD76.md,355,9ce607cbf304c6a3d77218b732fd5390de2b25aae1607bb3a737138fc463b087,.md,HISTORICAL,true
BUILD_STATUS_BRONZE_RC2_BUILD77.md,412,baf9c986d2d065dbb565648c26b3f188042632088664d369f43835778e0f4d52,.md,HISTORICAL,true
BUILD_STATUS_BRONZE_RC2_BUILD78.md,396,3f0ff85f0c3df8f4549934eb905b065bf3581dfaba09e3c11d524125a85a129f,.md,HISTORICAL,true
BUILD_STATUS_BRONZE_RC2_BUILD79.md,306,96f1380a523a8ea554ec102ba0a4034ab924eb93a39d0a4d729da322573e9f65,.md,HISTORICAL,true
BUILD_STATUS_BRONZE_RC2_BUILD80.md,306,8be35db4507098f709f884a195a71fedf5d0dfc09d0cee3c3792fe5775b5f6eb,.md,HISTORICAL,true
BUILD_STATUS_BRONZE_RC2_BUILD81.md,338,514e07c02575ae43ce863bca20ac7a43e19d5ed3a84d075a3c5c2f0d3757dfb3,.md,HISTORICAL,true
BUILD_STATUS_BRONZE_RC2_BUILD82.md,360,12bd4299e5ebc55ae3b20af21f098fe8a24c20f7b3f098a0422adab92a5979d9,.md,HISTORICAL,true
BUILD_STATUS_BRONZE_RC2_BUILD83.md,322,0dab136492efd2ee0cd5b6c8c1f2d8be25a0b1f98f60b4d666b4e72323e35854,.md,HISTORICAL,true
BUILD_STATUS_BRONZE_RC2_BUILD84.md,240,5ad4d071fab9d073d9bf73889ff9e1740896a5f78e2a7f25b9219c9aaf64cdff,.md,HISTORICAL,true
BUILD_STATUS_BRONZE_RC2_BUILD85.md,170,06ed373e56f10542986ff2a70547415f74773b2c664aa966ac4608903deed9ad,.md,HISTORICAL,true
BUILD_STATUS_BRONZE_RC2_BUILD86.md,175,371bfdbf2ffe319d6ae7393b5fed5e2a5eb2919575697917c898cef5965b2e98,.md,HISTORICAL,true
BUILD_STATUS_BRONZE_RC2_BUILD87.md,169,3047809c635419eac429cfd6b91342df2c47e257ac57dd11378909518cfa8081,.md,HISTORICAL,true
BUILD_STATUS_BRONZE_RC2_BUILD88.md,183,a5499243c3bf0c204808dcde9892e5efebb49a6233e0ea6f60ea53580b62ffbf,.md,HISTORICAL,true
BUILD_STATUS_BRONZE_RC2_BUILD89.md,187,8d3d88fafa4ee23927e9058e44117dc4fa570081e74f5de1ee0f4a88dd167d82,.md,HISTORICAL,true
BUILD_STATUS_BRONZE_RC2_BUILD90.md,183,861d0d24782665b7b0ee870e98c6866e5ca1baddbf533b71d4141b85b8d8963d,.md,HISTORICAL,true
BUILD_STATUS_BRONZE_RC2_BUILD91.md,0,e3b0c44298fc1c149afbf4c8996fb92427ae41e4649b934ca495991b7852b855,.md,HISTORICAL,true
BUILD_STATUS_BRONZE_RC2_BUILD92.md,194,72f328270c83824c2281a70714d56cc1a2f1ba5b00a0895edb2a162cc66c74eb,.md,HISTORICAL,true
BUILD_STATUS_BRONZE_RC2_BUILD93.md,198,8d254d41ee11e675a53dd260ee0f2f1bd02bd17624198027756f03a36f241eb6,.md,HISTORICAL,true
BUILD_STATUS_BRONZE_RC2_BUILD94.md,190,d9bd6b7ac735896a77f781846d2c40cdcffe4b0f5f73ba9807bee0cada2555bf,.md,HISTORICAL,true
BUILD_STATUS_BRONZE_RC2_BUILD95.md,184,f3f0faca810a99f50d8d889415a10583254b0bd1fdef787175f2a7c0eeb97c64,.md,HISTORICAL,true
BUILD_STATUS_BRONZE_RC2_BUILD96.md,167,00c1af5d713ff27a0ee2df4fef03718519187a345b5d9df9cb4a187ed1818c56,.md,HISTORICAL,true
BUILD_STATUS_BRONZE_RC2_BUILD97.md,178,b0cfcc0dee0291894070de6740d5970bda1f850308cb32f12de8f43474cba93a,.md,HISTORICAL,true
BUILD_STATUS_BRONZE_RC2_BUILD98.md,168,18d16f2e65662510de2c2f27e02771835e37f533e5a4d74ac64d45dfeae80360,.md,HISTORICAL,true
BUILD_STATUS_BRONZE_RC2_BUILD99.md,1850,2fb46762e877bbeaff070567d77b5f9e85ae4f2d8f93cc6ca75ef364a612fcad,.md,HISTORICAL,true
BUILD_STATUS_MVP10.md,291,013b06c9a0852dbb929f1391d922f113f227dde2344293df8c0ac284eaff8f3f,.md,HISTORICAL,true
BUILD_STATUS_MVP11.md,284,b28ad164ade30cd520566c04e9d3907303f8ff179b8f3819b1cb81c56a1a45be,.md,HISTORICAL,true
BUILD_STATUS_MVP12.md,268,773eb32927ea4d67000f28504199bd5870323205a03f3825259f882422b84ae5,.md,HISTORICAL,true
BUILD_STATUS_MVP13.md,351,37cc440405e6bb6924d5df05673838624f78198a5ac2e9f08fe5364e7a5e0b5f,.md,HISTORICAL,true
BUILD_STATUS_MVP14.md,311,88bc38f9e7641d533fb6939122f8da56fc9da60abb5915059654076d891f4c82,.md,HISTORICAL,true
BUILD_STATUS_MVP15.md,293,027ac95943cbb77f40b148d23e371e839ccb3d224a742346a443185264006dc3,.md,HISTORICAL,true
BUILD_STATUS_MVP16.md,232,ea43cfbda9df13e3234bc0b948e0fb6ad42ff34715a5c3e78c5c1165c5857249,.md,HISTORICAL,true
BUILD_STATUS_MVP17.md,337,4a031490eb66ed30fefa47c4a27c34f4686e02fb99506a76a30bf1624f318e2e,.md,HISTORICAL,true
BUILD_STATUS_MVP18.md,492,50dc9ef1dcb4eff831c5ad77acf0930f840f472962f7098daf64382c70c2eb97,.md,HISTORICAL,true
BUILD_STATUS_MVP19.md,277,281340e32cdbd5aef20b1edd5f72f40d5855edf31d19e3eebd8133062ce9db7a,.md,HISTORICAL,true
BUILD_STATUS_MVP20.md,202,519f07fe4de06905f8f631fbb5a61ddfc418bca90d92df7be5e0d93849f557b1,.md,HISTORICAL,true
BUILD_STATUS_MVP21.md,380,565ccd23284742e761344518a07d1385e80e616c61a8731e1d5594e885725037,.md,HISTORICAL,true
BUILD_STATUS_MVP22.md,540,0ef6952022f801c6e7384c856426c148aa2eeaac8a8d1df9e5f968c07efb53f5,.md,HISTORICAL,true
BUILD_STATUS_MVP23.md,388,cf6bb37a183b3c2d2da4c3bc7c7f6f343f927e3f56bf90b4af62f1dc1703bea9,.md,HISTORICAL,true
BUILD_STATUS_MVP24.md,482,b1bf429b9b0c7731526abc9479c730912b0d7c5431246cd646396b61d8137dbb,.md,HISTORICAL,true
BUILD_STATUS_MVP25.md,513,81e4683aa22590252443d5392a391038e10d3513a816a242ab02dcdbf72c3bea,.md,HISTORICAL,true
BUILD_STATUS_MVP26.md,440,3760085cf22c59bb5ff2f9b2ede138b87eb1ff156737ef2f8f64e09e2402ba25,.md,HISTORICAL,true
BUILD_STATUS_MVP27.md,438,19086f2f65a0b4df2714b44d00fce746e53df6494f056a4f5f4c3bc73e4ec101,.md,HISTORICAL,true
BUILD_STATUS_MVP28.md,359,fd5d3fa3841d35c521b06d2a8fb364731d16de4541cbdddccf84e2cc69299436,.md,HISTORICAL,true
BUILD_STATUS_MVP29.md,358,97ab121ab6626b00a9d5fa742f0bbb2b522ca9479289bc68b19777b8b77ed505,.md,HISTORICAL,true
BUILD_STATUS_MVP3.md,437,5e739a7709f33b6a3ea17cabb47e27c7f1d2f89261c92e4906254982469852eb,.md,HISTORICAL,true
BUILD_STATUS_MVP30.md,212,566798a80ca54d4ad1e21bffdbde281f992825ae38639c7d4f384e52ac15879b,.md,HISTORICAL,true
BUILD_STATUS_MVP31.md,345,65678413c7d2092bb1f2c6c34cd9484c4e5e2d6167db1c81b60d8354a86d69dd,.md,HISTORICAL,true
BUILD_STATUS_MVP32.md,782,3da348c065af08e63b6bc059f959e08dd2c5c583e2477c0660d46d32e8760292,.md,HISTORICAL,true
BUILD_STATUS_MVP33.md,374,369fa964d0167c3b51466c636ebda1d43edc6000d3bec7412eab81c16a4f2fdc,.md,HISTORICAL,true
BUILD_STATUS_MVP34.md,577,defb5742a9ab4fef32d4909dbfe08cc9ad1413f7f317fdf36605c391e0110eb8,.md,HISTORICAL,true
BUILD_STATUS_MVP35.md,741,50191e402bad4a42788f72e0aab95e5c0eb493de73991797c3e4fae1d7be535d,.md,HISTORICAL,true
BUILD_STATUS_MVP36.md,304,ca715b937707f1b537d7b460cf7d5f7f4b14e9652012fff0d13ebd5bc2b0b046,.md,HISTORICAL,true
BUILD_STATUS_MVP37.md,355,d3c8d4a19ecc3267ffd0dead2b3ad2d4d42ffb8b344de6b1fc3e6ef595963983,.md,HISTORICAL,true
BUILD_STATUS_MVP38.md,359,9dfe7461f9b275347aba7e43ef0ac1cd1888037fa84ce1cd8b9043e69dac007f,.md,HISTORICAL,true
BUILD_STATUS_MVP39.md,567,9ba2bde201952aeda8e7f2fbcfc90d3de69918a23e7d2d464edff78b5c0be778,.md,HISTORICAL,true
BUILD_STATUS_MVP4.md,338,a967355b4324933fc9e9627d0ac542c197cdcef4a172847c061ae34a7413a366,.md,HISTORICAL,true
BUILD_STATUS_MVP40.md,618,23d458fadcec7a80a1890df6e9ca8e57b10bebf833220fadd305717c5c810fbc,.md,HISTORICAL,true
BUILD_STATUS_MVP41.md,1508,3490776ba1190c8bdaa1fc50a6ee35591f0cbc8ce599e7e5643339feac25b3bc,.md,HISTORICAL,true
BUILD_STATUS_MVP42.md,959,8bbf43e7d1b5383395b393f9f6539f2aea490edeff85cf7c2481dc84c11c376d,.md,HISTORICAL,true
BUILD_STATUS_MVP43.md,1910,b212b4f1eef1edbe2398e0d3623d11e7f522f76d684e5f6c5469fc776a4a9a4c,.md,HISTORICAL,true
BUILD_STATUS_MVP44.md,2040,591988665c900659671d84650cd698da25554d6d2aee12613c77304bc3d1622b,.md,HISTORICAL,true
BUILD_STATUS_MVP45.md,1412,41d4af3ecaa94e4fa65ad61058e99202e9f634a2f20111ab8374f291157cc2a1,.md,HISTORICAL,true
BUILD_STATUS_MVP46.md,1739,4a6735292a45803e5e08da99a71720f665976257e4843bd95926b6eb2491b16d,.md,HISTORICAL,true
BUILD_STATUS_MVP47.md,1634,426029efd86c69dc40de17c44dd4d5420a77c7945399d15388774d85e9de12f8,.md,HISTORICAL,true
BUILD_STATUS_MVP48.md,1936,b04c169fb4af529b78f3a4f7741ece7924ef603c5156ab44c4dd85c88101b381,.md,HISTORICAL,true
BUILD_STATUS_MVP49.md,1959,5db59c162cfde885906d541087dfa2f412e1f0095f6087638e45c2f8e42c4e3e,.md,HISTORICAL,true
BUILD_STATUS_MVP5.md,310,b1bf69844a9d280e24651a83b6800878ec2d421284c453910f84a35e9bff3b70,.md,HISTORICAL,true
BUILD_STATUS_MVP50.md,1723,61ebff62ca6b91ae84ab7f75b4eeae5b7a35e0175eb960342eb1b4112cf1af15,.md,HISTORICAL,true
BUILD_STATUS_MVP51.md,2098,c2289abace4b3884b6d37ecc95504ab142e19e891d20b1e74756dfae02f06d5f,.md,HISTORICAL,true
BUILD_STATUS_MVP52.md,2052,367090a3265868f565c343861a5f17cef39895f35e81c5458b863c5201cf76c9,.md,HISTORICAL,true
BUILD_STATUS_MVP53.md,2554,e6481582321079ae8002a88293b80ca52979c3a104c042e191dcf449f7e3a8da,.md,HISTORICAL,true
BUILD_STATUS_MVP54.md,2244,b30b1da49cf6e88d8bc13ee13f008f297be78a713a420b7fa4717c2ef58b3fef,.md,HISTORICAL,true
BUILD_STATUS_MVP55.md,757,345ec52a3373cbac199506027b3b3aab46e6b1e83283e7c279023536ad32b98e,.md,HISTORICAL,true
BUILD_STATUS_MVP56.md,1526,5308ee1d335e239cdc5ff9593bec02d6f9ae93f8543080cc00c10ee8d7ae4c5d,.md,HISTORICAL,true
BUILD_STATUS_MVP57.md,866,179da7c02f653b959bd2a3052a66888960b802361feab8cdf925fbd4ebe1adbc,.md,HISTORICAL,true
BUILD_STATUS_MVP58.md,533,ecb9238638c652f0fcec83f1fddc3d1ed7aa20942516d53365f1bb7d25f806bf,.md,HISTORICAL,true
BUILD_STATUS_MVP59.md,719,bac0b5814402253360a5947f748e30b3696c4bc7dcc33c4d43df05b21ab1d3b3,.md,HISTORICAL,true
BUILD_STATUS_MVP6.md,399,992e5168e63187d471757c8d6b2f87486d8f2d42286f1a6b6052df2090bf1082,.md,HISTORICAL,true
BUILD_STATUS_MVP60.md,517,9d00c65da44ab55ca71263f828fdb6b07eb87013d9e62b237cbe4ff362f3681b,.md,HISTORICAL,true
BUILD_STATUS_MVP61.md,634,ef911b1e67f381f2c2d590aa69c0de67c08882c73a11c2decda698750dc0ad96,.md,HISTORICAL,true
BUILD_STATUS_MVP62.md,434,9c0d45e24570b6deb478e9b35f26914f88325e65c71d5ff5b39d617075135de7,.md,HISTORICAL,true
BUILD_STATUS_MVP63.md,741,b4ae804edc1ea2d94b624ffae68a5d38fd2d01943ce34c035f77b0f375622632,.md,HISTORICAL,true
BUILD_STATUS_MVP64.md,743,2991263fb6f7350211310018822d9f11dd224b3972ad3577fb4c82cc64983b35,.md,HISTORICAL,true
BUILD_STATUS_MVP65.md,309,69d2dd7a51c0c7f5f024840ba65b9f8d545ab568fda2c49e205719e1e54f034e,.md,HISTORICAL,true
BUILD_STATUS_MVP66.md,472,3644aa8aa4b2a2fe6420e81dd9cb6551cb624d1991c8cacc517c44e400407ddd,.md,HISTORICAL,true
BUILD_STATUS_MVP67.md,391,c7d1612aae2032d4e86f42351425290fae84b65c34a15a10db73aa8a4f37264e,.md,HISTORICAL,true
BUILD_STATUS_MVP68.md,534,1e66fe587e53cd846fff58c58467c6e86d5a0c46f183c1df2767cc2d0f32ea8d,.md,HISTORICAL,true
BUILD_STATUS_MVP69.md,333,d1d8e899f81eca46a1b48750f59fb9c64357bfe1d51da0c2f21ed3e13f39ffdd,.md,HISTORICAL,true
BUILD_STATUS_MVP7.md,308,d8c011238b0f4d75731d00b3340a67f747e01a775a2aaa5a1cd092d7212a0dee,.md,HISTORICAL,true
BUILD_STATUS_MVP70.md,628,053b702c570c12392927a479e880c3dfe1a7c4d89676a3be02b2844c015d57b7,.md,HISTORICAL,true
BUILD_STATUS_MVP8.md,345,18fd072047fadd00902d21e2b13b70e3712c428ada28b25538de40f94ceabef6,.md,HISTORICAL,true
BUILD_STATUS_MVP9.md,0,e3b0c44298fc1c149afbf4c8996fb92427ae41e4649b934ca495991b7852b855,.md,HISTORICAL,true
BUILD_STATUS.md,19979,97dd2908f7baecca055f55f96420df74a90545a6a786d8e9e9950886cab329ec,.md,ACTIVE_REFERENCE,true
BUILD100_ARCHITECTURE_VALIDATION_REPORT.md,2858,0840cc51ace8f9f7f2bfe5a7596999ba16d2bf644ee12354645991f003f7bf8f,.md,HISTORICAL,true
BUILD101_ARCHITECTURE_VALIDATION_REPORT.md,2801,b918e18d062885612b50a222b89e430cbb80229430b1fbb59821a39eb078556b,.md,HISTORICAL,true
BUILD102_ARCHITECTURE_VALIDATION_REPORT.md,3731,2dfb89ed56c679ce67735af12dae6cff9640a8e805b67ab0a811b4343542e57f,.md,HISTORICAL,true
BUILD103_ARCHITECTURE_VALIDATION_REPORT.md,3244,d76d894e04f3d3aee5e2cfcf8d564aed6032c5abbae659479e4ee07a003f1538,.md,HISTORICAL,true
BUILD104_ARCHITECTURE_VALIDATION_REPORT.md,3393,566a5a32d5f4f6d7a78ea7759a02cf191287759a1c83aec852b1a0f4bf819aa1,.md,HISTORICAL,true
BUILD105_ARCHITECTURE_VALIDATION_REPORT.md,3650,70a731149a8617a3d344b7b59518bb8e747605ad8d41103cdeb34c164cce0b95,.md,HISTORICAL,true
BUILD106_ARCHITECTURE_VALIDATION_REPORT.md,2851,f1c5dcfc48b89416190f819234338ab368d1fc7041c14f00f7df1e2e373502b8,.md,HISTORICAL,true
BUILD107_ARCHITECTURE_VALIDATION_REPORT.md,1404,8f61f455b15b3f3ab40b4d338a8431c09e3c9c3a16abb107c25abfddc781f84a,.md,HISTORICAL,true
BUILD107_DELIVERY_VALIDATION_REPORT.md,1201,54044d3329f23603695d0729f973be4e9ab020f96fd145bd58697282b7e2ca00,.md,HISTORICAL,true
BUILD108_ARCHITECTURE_VALIDATION_REPORT.md,2258,9cdc5992d3d244f38f9846cbd1fcbdb6088b142e4077c60f1b05a7c49e0a7896,.md,HISTORICAL,true
BUILD108_DELIVERY_VALIDATION_REPORT.md,1315,f88c6d040b530a6e4e98ccddc49d64ecedce1eeeb7127f63fba563b622dc70b7,.md,HISTORICAL,true
BUILD109_ARCHITECTURE_VALIDATION_REPORT.md,0,e3b0c44298fc1c149afbf4c8996fb92427ae41e4649b934ca495991b7852b855,.md,HISTORICAL,true
BUILD109_DELIVERY_VALIDATION_REPORT.md,1795,dcd18ac6de4ff293d9cecb9c81114e4e9b81826174ed013d56172798728a4df7,.md,HISTORICAL,true
BUILD110_ARCHITECTURE_VALIDATION_REPORT.md,3226,4e6d5702861fefcbfbe909504cb64d5e2d6c2eca3f33a325c65e5393860f3527,.md,HISTORICAL,true
BUILD110_DELIVERY_VALIDATION_REPORT.md,2381,5b003ae5ae4f7728787960bf135b2213f264d88553c5c888966e7ac4e2dab931,.md,HISTORICAL,true
BUILD111_ARCHITECTURE_VALIDATION_REPORT.md,2664,ce8122664fcb79e406e446b491c73e9b6f8b9919cf5d36b73c75a91d03a27f5a,.md,HISTORICAL,true
BUILD111_DELIVERY_VALIDATION_REPORT.md,2618,3e15f64d1f1d6d50a543dcc4437103f52f4089125c4c168d73cfc97817302af4,.md,HISTORICAL,true
BUILD112_ARCHITECTURE_VALIDATION_REPORT.md,4046,42d148ace4317ae8859b3d3692f710a7333f21235e37e77b20f0cfc43b843cab,.md,HISTORICAL,true
BUILD112_DELIVERY_VALIDATION_REPORT.md,2040,9e00a2aa244797458cbd62407b43907d0abb07bb96d270ebdd8c8044bcdd806c,.md,HISTORICAL,true
BUILD113_ARCHITECTURE_VALIDATION_REPORT.md,3029,5087d0c21626047594ebe699a246b37533e94b7f3794f75eabafcc645ca097e5,.md,HISTORICAL,true
BUILD113_DELIVERY_VALIDATION_REPORT.md,2428,055c3e94d535adadb5264afd625b8a5d199653d81b24e0254492d57b53e0e0ca,.md,HISTORICAL,true
BUILD114_ARCHITECTURE_VALIDATION_REPORT.md,3288,5b014c73b15058f894d4b50105b80bc032766eee6b5f41ef67438b83e18e560b,.md,HISTORICAL,true
BUILD114_DELIVERY_VALIDATION_REPORT.md,0,e3b0c44298fc1c149afbf4c8996fb92427ae41e4649b934ca495991b7852b855,.md,HISTORICAL,true
BUILD115_ARCHITECTURE_VALIDATION_REPORT.md,915,c4f43acd696b4c915dfabda4fa643317931f52e76946521d5bf43a5ebee3084c,.md,HISTORICAL,true
BUILD115_DELIVERY_VALIDATION_REPORT.md,1135,be382182adc1d32de162cbac801fd27c5a1f749cc4dba91c9ca428a36d72e425,.md,HISTORICAL,true
BUILD116_ARCHITECTURE_VALIDATION_REPORT.md,839,7e4d64f47ee1cad321b2b5e5d7adb9e695029ad497c472e5c7294f9bd3f7520c,.md,HISTORICAL,true
BUILD116_DELIVERY_VALIDATION_REPORT.md,1795,2d13fb052b5156217bce8bee02ddfc9b2f82fb24b2f8f67922695d82219b85f1,.md,HISTORICAL,true
BUILD117_ARCHITECTURE_VALIDATION_REPORT.md,864,512940e236f87f164b10abc4d14c5e87afa1310dafa1b76bf81bf90967735400,.md,HISTORICAL,true
BUILD117_DELIVERY_VALIDATION_REPORT.md,1579,33aee31163afc049caad898afaa2106c304985565106ee4e3e48510a391a7d3a,.md,HISTORICAL,true
BUILD118_ARCHITECTURE_VALIDATION_REPORT.md,1014,831f2ce899c7537e03a0b55ec89a511183dbdaa27d8acb71a2cc4e666be2e821,.md,HISTORICAL,true
BUILD118_DELIVERY_VALIDATION_REPORT.md,2008,10a9e875a55b09fe3b6bf39cc4f7996b92d31c5fd2fda0ac2e2de9581d567581,.md,HISTORICAL,true
BUILD119_ARCHITECTURE_VALIDATION_REPORT.md,904,f2a3a39a47b3470a150ff66703fc5edad17a0727ccb91af205698ba64c2062fc,.md,HISTORICAL,true
BUILD119_DELIVERY_VALIDATION_REPORT.md,2028,a9cbdfab3425310517661091c5e2df6cc613efef9f446c8412d328100eb33ed5,.md,HISTORICAL,true
BUILD120_ARCHITECTURE_VALIDATION_REPORT.md,1193,667c6093354f752dfa3eed804558cc65843e5c7067940c9391d39d4ce7379473,.md,HISTORICAL,true
BUILD120_DELIVERY_VALIDATION_REPORT.md,1236,320b5f45ee5f27608942915a2c72cb83214e6434b4bab51ebdf4eddf1b60787a,.md,HISTORICAL,true
BUILD121_ARCHITECTURE_VALIDATION_REPORT.md,1499,0286d197cdadde426787e00706fd68758ed5ca597527373840ae9361a32f53b2,.md,HISTORICAL,true
BUILD121_DELIVERY_VALIDATION_REPORT.md,1207,0ee86db424b7acb599f97a5185f62c6557f2b141de3e9c4132ecd3ca0c9b44c5,.md,HISTORICAL,true
BUILD122_ARCHITECTURE_VALIDATION_REPORT.md,2871,bb8196164f0b790892b0d45b7031f9d0fcc9624f605a79490ebbdac16a5ad86c,.md,HISTORICAL,true
BUILD122_DELIVERY_VALIDATION_REPORT.md,2192,39606bca20918c77ee829386cb54398c7dc5e7999782062646d8069d35ad0f83,.md,HISTORICAL,true
BUILD123_ARCHITECTURE_VALIDATION_REPORT.md,828,f5ede339475a1642017bbbf6e6a75e35465b6f525fc550576b8922d617a03265,.md,HISTORICAL,true
BUILD123_DELIVERY_VALIDATION_REPORT.md,886,b378002fd4bfc609bfaac83ab3a43e44ece5993621e1c6f981eecce3da52db12,.md,HISTORICAL,true
BUILD124_ARCHITECTURE_VALIDATION_REPORT.md,1045,494f7187778779a0ae21a2c911ab33ba4afe09f08929de4b633a5df5481cb5ae,.md,HISTORICAL,true
BUILD124_DELIVERY_VALIDATION_REPORT.md,915,cfcc95b23b7bf62d1017e44757db6cdb72cf93c24402c53003dabe963cd591b3,.md,HISTORICAL,true
BUILD125_ARCHITECTURE_VALIDATION_REPORT.md,875,374d776af4bd55fd931a22bfadc7c71b10555e41b44d50f954e8705516124910,.md,HISTORICAL,true
BUILD125_DELIVERY_VALIDATION_REPORT.md,1142,94a291300861a32866a57e8a1ad6c5f2761495d1fe72274f03a44c07ef3accf0,.md,HISTORICAL,true
BUILD126_ARCHITECTURE_VALIDATION_REPORT.md,885,66f74c5f3034108f5b81012a711abcfabf91771acfeae40be47ad8e9afb4f1e2,.md,HISTORICAL,true
BUILD126_DELIVERY_VALIDATION_REPORT.md,990,4cc206a59c13bae16abf13f88c4cd4cad2cc4f223ed143052e046c815307d30a,.md,HISTORICAL,true
BUILD127_ARCHITECTURE_VALIDATION_REPORT.md,1227,e9fa1e4d4e42b41b267788edeffb5d65d1919894b0a9eb6bccd6e6f0ce9faaf0,.md,HISTORICAL,true
BUILD127_DELIVERY_VALIDATION_REPORT.md,1062,9301ba4444edfa6a626d411cc01bfa30e3cd3cf4f7a3086630cbdb320a05d24a,.md,HISTORICAL,true
BUILD128_ARCHITECTURE_VALIDATION_REPORT.md,1669,473ab2dfda8ef2c37ff0b7071dc86ac877946b9164a186a5435cc61b2b858012,.md,HISTORICAL,true
BUILD128_DELIVERY_VALIDATION_REPORT.md,1260,6f191e28c2b886ed9690bc6ee6fef3c64c1f5e09680311a74e02e0360efb928d,.md,HISTORICAL,true
BUILD129_ARCHITECTURE_VALIDATION_REPORT.md,1581,9fb78212f9fda7b797187f956d1e866492fe5e9f8b03ae96659949d58661f405,.md,HISTORICAL,true
BUILD129_DELIVERY_VALIDATION_REPORT.md,1456,58eb5f76abf4d6b0afea4328ef81447ba373020ef6a44cc75b72eb733d6f2891,.md,HISTORICAL,true
BUILD130_ARCHITECTURE_VALIDATION_REPORT.md,674,eae4877f68df49991429e2d0f54ce911a95845ae4b55d41092ebb0645c75a5cd,.md,HISTORICAL,true
BUILD130_DELIVERY_VALIDATION_REPORT.md,1681,fdebc42ec505c512c254a8bcd48e5eaf9b01495965ead9dc26644c563369908f,.md,HISTORICAL,true
BUILD131_ARCHITECTURE_VALIDATION_REPORT.md,1292,b2de00484a7f747b86d24a68f44c135ce02ec92cea06655254efde0f4d7ae03e,.md,HISTORICAL,true
BUILD131_DELIVERY_VALIDATION_REPORT.md,1753,b87202c237b30855dc96dd8be2fdcc85124b817072d2e5389e9ab51bdb5c8039,.md,HISTORICAL,true
BUILD132_ARCHITECTURE_VALIDATION_REPORT.md,1385,b8f0fe32e294eba00eda13e81a5ddc693d5865656cf9c7a6e40ef3698d0405b5,.md,HISTORICAL,true
BUILD132_DELIVERY_VALIDATION_REPORT.md,1822,06b01606d55808592ac2852dbcfbd0fa4e5033d9685542a597b5c4e384d44e61,.md,HISTORICAL,true
BUILD133_ARCHITECTURE_VALIDATION_REPORT.md,1277,8bb103c453a68512a7a9997c02259c9ad00b7ff2b6445276a426dd18dfadea2b,.md,HISTORICAL,true
BUILD133_DELIVERY_VALIDATION_REPORT.md,1135,585c8be452f54601d64b61c697bf99eec39f1a1b6de431d311225065cc1b0fad,.md,HISTORICAL,true
BUILD134_ARCHITECTURE_VALIDATION_REPORT.md,1547,d403c361bccc5b5e03e49df4f59f4d7aa297d4945793f107f513b7e761fc0d65,.md,HISTORICAL,true
BUILD134_DELIVERY_VALIDATION_REPORT.md,1303,c0fa9118bfb5277efd8ad3cee7a7e3ecf53b540e055a3123758d0c535a06ff06,.md,HISTORICAL,true
BUILD135_ARCHITECTURE_VALIDATION_REPORT.md,1714,ca4252562b5d31ee5f1b499cc080ab9e39c4751631734d54004328138e810a96,.md,HISTORICAL,true
BUILD135_DELIVERY_VALIDATION_REPORT.md,1406,b4d649d953bb4068668d9d3bb2b97cbdcce90ee66f982a3196ce607740155646,.md,HISTORICAL,true
BUILD136_ARCHITECTURE_VALIDATION_REPORT.md,1795,1009066c0bf4896aeacf3c8c2b4c9dc4dbba653bea4a6a6af26243b12922a1db,.md,HISTORICAL,true
BUILD136_DELIVERY_VALIDATION_REPORT.md,1454,f497bd56c58057a245966db47427758100984eaec442218b8538353fa5145757,.md,HISTORICAL,true
BUILD137_ARCHITECTURE_VALIDATION_REPORT.md,2034,066861a49f7e61e3298970893d8d77f21b4b96838c508079b91ce7b30f4b6dc1,.md,HISTORICAL,true
BUILD137_DELIVERY_VALIDATION_REPORT.md,1444,c780428d0c3ed12f0f361fc246a3545bc841ded109ea87d8b5fdf180364ead9a,.md,HISTORICAL,true
BUILD138_ARCHITECTURE_VALIDATION_REPORT.md,2026,0da60a0e15d65c4ab930495a108de58cb58b71b8c5851d1456d6e6223a8344c0,.md,HISTORICAL,true
BUILD138_DELIVERY_VALIDATION_REPORT.md,1426,e1d8317669d925093de4a52399a699689d50886e1db49adeeac7f2e3c548eb21,.md,HISTORICAL,true
BUILD139_ARCHITECTURE_VALIDATION_REPORT.md,1459,b089cb1af5f9db2f7c00cd480b0f1899b69db27d27215d79507520fc57f5bbb1,.md,HISTORICAL,true
BUILD139_DELIVERY_VALIDATION_REPORT.md,1421,9e6994916c19e548be562fda81a964864641817298c80af32a1a14eb0186f877,.md,HISTORICAL,true
BUILD140_ARCHITECTURE_VALIDATION_REPORT.md,1286,3fdea751961e9ce79077b5c3f4adefc629150302290278635649b24e7dfab9e0,.md,HISTORICAL,true
BUILD140_DELIVERY_VALIDATION_REPORT.md,1418,04cd83147b7e2a426003a71cfa88c6881b3521a2ee90345c2669c4bd7c9b1cdb,.md,HISTORICAL,true
BUILD141_ARCHITECTURE_VALIDATION_REPORT.md,788,ce32f43f923da5a94a5a6abefbe319ad56bbeb166ba29d85842fb7e4059f7419,.md,HISTORICAL,true
BUILD141_DELIVERY_VALIDATION_REPORT.md,736,8c5e3c03e0c60198a0471c4a7603c8d1a37d9f708e1eac946d6f0f1506bc39b7,.md,HISTORICAL,true
BUILD142_ARCHITECTURE_VALIDATION_REPORT.md,892,1e7ec265c0e7e4406fd9bb1f6ff40202bc001dbf321c001d09896e7ac671aaf2,.md,HISTORICAL,true
BUILD142_DELIVERY_VALIDATION_REPORT.md,0,e3b0c44298fc1c149afbf4c8996fb92427ae41e4649b934ca495991b7852b855,.md,HISTORICAL,true
BUILD144_ARCHITECTURE_VALIDATION_REPORT.md,719,c5b322e7602034b1bb187e891575b37701cd21839bff1ab5cef669184c4bdf69,.md,HISTORICAL,true
BUILD144_DELIVERY_VALIDATION_REPORT.md,970,a551ef2a6bc20afe6a32a5252958eb53e1247e1d4cd0b8841504bdaced74fcbd,.md,HISTORICAL,true
BUILD145_ARCHITECTURE_VALIDATION_REPORT.md,1551,e65c846f58b4cb9419a4bb60680bf5caf32299aaf67badebd0234e62161b2d4f,.md,HISTORICAL,true
BUILD145_DELIVERY_VALIDATION_REPORT.md,446,fdc7998cc494ec7cbcfa2b4e0b94bde2875da03b0db6b1c956d50ae9ad69fbf1,.md,HISTORICAL,true
BUILD146_ARCHITECTURE_VALIDATION_REPORT.md,2527,cf11c6a34efa34b9c6ed04e3abb4718f7494577a316b276c88a086c7a560d301,.md,HISTORICAL,true
BUILD146_DELIVERY_VALIDATION_REPORT.md,917,e20100ca6c177bc584ace8ffe355f304a55e90583790038ef757a8a9ede1a68d,.md,HISTORICAL,true
BUILD147_ARCHITECTURE_VALIDATION_REPORT.md,2552,5b75c6c2249f07756a9ebcc19f84ecb7d86e7c6b922c941e44a98558e5670b2a,.md,HISTORICAL,true
BUILD147_DELIVERY_VALIDATION_REPORT.md,1228,f52bcd32b56c4fbec0445a73119f2eb0a1d100470db222eaf61c381ddcb85573,.md,HISTORICAL,true
BUILD148_ARCHITECTURE_VALIDATION_REPORT.md,3169,a095d794db7839feaa6408d162f51d57c983475cd144209bbe6ae398c2790381,.md,HISTORICAL,true
BUILD148_DELIVERY_VALIDATION_REPORT.md,1670,b26b82ba6739d3e2db999ec6aa6e240c4069dd1b548026c80f4ca7f4a32919cd,.md,HISTORICAL,true
BUILD149_ARCHITECTURE_VALIDATION_REPORT.md,3072,cfefba1ad5c48f03572db0bb69198f4bb39a47c6a7710fc59c983b45714412af,.md,HISTORICAL,true
BUILD149_DELIVERY_VALIDATION_REPORT.md,2721,eeb9da202c162496eeb3c2dd27588cd22dc8cade89eb02192a83bd52e342cf40,.md,HISTORICAL,true
BUILD150_ARCHITECTURE_VALIDATION_REPORT.md,1958,8bc4918d06740813f64f16c14937fb8c50a8e61eebeaa42f0eea4aef5b1cfb23,.md,HISTORICAL,true
BUILD150_DELIVERY_VALIDATION_REPORT.md,1725,39f7c00a8ddb0e853caf4d93f17df04e9b0f494c559d843000f388265e78694a,.md,HISTORICAL,true
BUILD151_ARCHITECTURE_VALIDATION_REPORT.md,2201,6aa505ba49f7518b39b6c3ea29b8dac87160932959bf98ade7673b13bc6b0636,.md,HISTORICAL,true
BUILD151_DELIVERY_VALIDATION_REPORT.md,1203,e88387fcdd8aecf50f4342296338363addbb65fb34509ce18febf68a8def7263,.md,HISTORICAL,true
BUILD152_ARCHITECTURE_VALIDATION_REPORT.md,2130,cfe1851915df1d8a93aa8b437dec4a2dccce84ee5764a6eeffa2c2dfd9496611,.md,HISTORICAL,true
BUILD152_DELIVERY_VALIDATION_REPORT.md,1155,4b23737537f40c978ab29d4b13e73e5184e98eefac9b1f50872d8834d6737147,.md,HISTORICAL,true
BUILD153_ARCHITECTURE_VALIDATION_REPORT.md,1674,3f260146a73d2a4f3f54c8e79a9990c1b079bf40796c421e22145428ab6e8a6f,.md,HISTORICAL,true
BUILD153_DELIVERY_VALIDATION_REPORT.md,1141,d988c67984708b9cf451182ede5e45ccd39a60ddca264cc1b85c4c7ee1767f2e,.md,HISTORICAL,true
BUILD154_ARCHITECTURE_VALIDATION_REPORT.md,1062,898aaab1e85a5c19a904855614bd9b1c230261b1a8d1d71bb4904c09efd408c1,.md,HISTORICAL,true
BUILD154_DELIVERY_VALIDATION_REPORT.md,1044,be5f17fd27b0540beeadc2511a0d59fcf60347290d32aa2ad4e3c94e0c41eac5,.md,HISTORICAL,true
BUILD155_ARCHITECTURE_VALIDATION_REPORT.md,911,18a8abe3fad99c11c16b87d99c87bef0500ed793c7fd959866d2184dc184c0af,.md,HISTORICAL,true
BUILD155_DELIVERY_VALIDATION_REPORT.md,863,0d5f52a961eec7c0671c8e9801a5256bb9e996cd8463c0b3b318b6bb22412db6,.md,HISTORICAL,true
BUILD156_ARCHITECTURE_VALIDATION_REPORT.md,911,fd266fde5afb501ab36d69baa114e45c38d70025278ed26bb68272ffe4a79b38,.md,HISTORICAL,true
BUILD156_DELIVERY_VALIDATION_REPORT.md,987,93632d9a5fc53f9fda57c0e5fd1c4a15fdafbf5137495c278dc5e6d5433ec4f8,.md,HISTORICAL,true
BUILD157_ARCHITECTURE_VALIDATION_REPORT.md,904,b929abc0b443e570e16a8ef36bcdbf73e57ae883587469b68c903b90246f6ea3,.md,HISTORICAL,true
BUILD157_DELIVERY_VALIDATION_REPORT.md,1260,5b5b17ca3ef445a38e0f0ea25dc005e94d8747cabb24fccab66bb4e8283a18d4,.md,HISTORICAL,true
BUILD158_ARCHITECTURE_VALIDATION_REPORT.md,872,3efafe7cc969f873691f00809843d62b8c57f92f7b09bb269537ef98c570ad32,.md,HISTORICAL,true
BUILD158_DELIVERY_VALIDATION_REPORT.md,1026,91dc469d3b1d6bfc2f483c5956adbbccb48926c5e8d0bb524db70a231f371750,.md,HISTORICAL,true
BUILD159_ARCHITECTURE_VALIDATION_REPORT.md,1077,d8d3acd68185b563b401c077fbf67f91609635c9471af36179c3bfe191a24cd3,.md,HISTORICAL,true
BUILD159_DELIVERY_VALIDATION_REPORT.md,1031,51e2470c736385fecb3fb3de939e043aada73a190547c9854fe08a4cf28c6d01,.md,HISTORICAL,true
BUILD160_ARCHITECTURE_VALIDATION_REPORT.md,1204,2e3954c9d445aac4ccec6ee1cde3b6dbdfb0935c711cb677b2e60665d1b79ee6,.md,HISTORICAL,true
BUILD160_DELIVERY_VALIDATION_REPORT.md,918,973ecfb3f6f32fb67e08fd826bcc73f5a36e76dc8d9a84befed6ef88a26ffd65,.md,HISTORICAL,true
BUILD161_ARCHITECTURE_VALIDATION_REPORT.md,1371,805c627149cf9ce5f3ea3a1cd5925fc946b19e8044e46677276ac1d60ac77fd7,.md,HISTORICAL,true
BUILD161_DELIVERY_VALIDATION_REPORT.md,994,ffebf9699c5b413c0583bf50a5cefdfa63d9fa365d4913ee71f3926fb25dc317,.md,HISTORICAL,true
BUILD162_ARCHITECTURE_VALIDATION_REPORT.md,1249,181ae7386d6c070dff4b064b7e5cad404790bef2519b9cad36e4fa17586327ce,.md,HISTORICAL,true
BUILD162_DELIVERY_VALIDATION_REPORT.md,968,7f01a0f649db10591da3e286b9960b692eaa250b831344ac38ed1f0af10217ee,.md,HISTORICAL,true
BUILD163_ARCHITECTURE_VALIDATION_REPORT.md,951,9ec9bfa29d4cf3f7da9c0edf7d32f1aa61830feb6dbaf3a7bf3b3f15c74ba35c,.md,HISTORICAL,true
BUILD163_DELIVERY_VALIDATION_REPORT.md,959,95c34183f8c0fb41dc9f39ac7af10d35a8db2fceea3d78deeea45f31ed7a762f,.md,HISTORICAL,true
BUILD164_ARCHITECTURE_VALIDATION_REPORT.md,757,b66c50909b8db0992a4d61f46391d81378c3e1b9277f175a1ab3410842f17b00,.md,HISTORICAL,true
BUILD164_DELIVERY_VALIDATION_REPORT.md,931,e0484f969ca4f772796413afbd37e05271492ef771d106e1eacbe76e9d754e29,.md,HISTORICAL,true
BUILD165_ARCHITECTURE_VALIDATION_REPORT.md,0,e3b0c44298fc1c149afbf4c8996fb92427ae41e4649b934ca495991b7852b855,.md,HISTORICAL,true
BUILD165_DELIVERY_VALIDATION_REPORT.md,980,39f2e7b15c048b622d91d934062109e0e60cdd53002a51258349aa9069192933,.md,HISTORICAL,true
BUILD166_ARCHITECTURE_VALIDATION_REPORT.md,890,0073321f6cd9b2f5d33eabc95563324fdcee23305103766c9dd5da734edefbe9,.md,HISTORICAL,true
BUILD166_DELIVERY_VALIDATION_REPORT.md,965,bfae61f45cf28fa3df3973ab91444122247589d6c0207009cb7d8f429b713b54,.md,HISTORICAL,true
BUILD167_ARCHITECTURE_VALIDATION_REPORT.md,919,20297173a569ebba28700e116cf7e1d6f2a9ef5e2e342013f6f0ab32701cafbe,.md,HISTORICAL,true
BUILD167_DELIVERY_VALIDATION_REPORT.md,0,e3b0c44298fc1c149afbf4c8996fb92427ae41e4649b934ca495991b7852b855,.md,HISTORICAL,true
BUILD168_ARCHITECTURE_VALIDATION_REPORT.md,1052,f2ceec9c93b1175b79608b9427ed4bc133788fbe2a8d3a281e5d3942b1ff10f0,.md,HISTORICAL,true
BUILD168_DELIVERY_VALIDATION_REPORT.md,1020,933a7ad7dece63aedbeb43d2e10d6dda3e68d65af1cd8a1da212f035ee307719,.md,HISTORICAL,true
BUILD169_ARCHITECTURE_VALIDATION_REPORT.md,866,6dfcc715613f2ec637ba5bbe2cc807ac099b6c12b60209f94e634e1e40a25843,.md,HISTORICAL,true
BUILD169_DELIVERY_VALIDATION_REPORT.md,1222,ec878c42b450ff117b09fa0d65c4aa7f050f7562482b72bff7bd35e1d87a2320,.md,HISTORICAL,true
BUILD170_ARCHITECTURE_VALIDATION_REPORT.md,1295,adaa95395990fe3d2eafa4c34618b0c1811b98006934c8b049b5d90fa936c510,.md,HISTORICAL,true
BUILD170_DELIVERY_VALIDATION_REPORT.md,1234,7da36fc813520dde96403d53a8cf506391b2043ad70007848991a586441fd418,.md,HISTORICAL,true
BUILD171_ARCHITECTURE_VALIDATION_REPORT.md,1588,1726b3818a6f07932938475c87a43aa5b88bc0db258f18dffc0d1657b6b663fe,.md,HISTORICAL,true
BUILD171_DELIVERY_VALIDATION_REPORT.md,1110,c91ffcfbf5a3ce84b969c312bce2a862b26d5ecadeb005f30e04b57bbf3748da,.md,HISTORICAL,true
BUILD172_ARCHITECTURE_VALIDATION_REPORT.md,1473,671731f44f4ae91cdfad0ca5c3aaefc813f28afb94583b18904066b1d3becbe4,.md,HISTORICAL,true
BUILD172_DELIVERY_VALIDATION_REPORT.md,1110,0a1721e1638a602a5ce22e604b0b3cd8a0e0797a401f19f485b50478d2c49714,.md,HISTORICAL,true
BUILD173_ARCHITECTURE_VALIDATION_REPORT.md,1391,4a8937d9410f8f4179e1c4b6b9f2d277c25550442ff70459c7bf0a7d436381cd,.md,HISTORICAL,true
BUILD173_DELIVERY_VALIDATION_REPORT.md,1110,dc097eedaa5665aca4c91e2b2bf88923f4b07aca0f467fb1bd74db1d6947b3d1,.md,HISTORICAL,true
BUILD174_ARCHITECTURE_VALIDATION_REPORT.md,317,3349d8a6655ddb85f62cf10c9f2391ce926397b6a528ad7f4ee5e1831bc3453f,.md,HISTORICAL,true
BUILD174_DELIVERY_VALIDATION_REPORT.md,192,1ec443e4be5ee64f017057128265480b43f7543658df139bccacf304d55eedcc,.md,HISTORICAL,true
BUILD175_ARCHITECTURE_VALIDATION_REPORT.md,1304,764be0ad6eef796db2b584062baaf33c2e433970e1c50c758f9e93fa56c58339,.md,HISTORICAL,true
BUILD175_DELIVERY_VALIDATION_REPORT.md,1005,cdba4d5035db8b9193db5925308d09f66cb2281ed7c20bb1e8232308dfdba6d7,.md,HISTORICAL,true
BUILD176_ARCHITECTURE_VALIDATION_REPORT.md,1728,20187b4b7a3679feda994d6c6a90165f66b00d0284815115ca416000954cf4e2,.md,HISTORICAL,true
BUILD176_DELIVERY_VALIDATION_REPORT.md,1201,3158699d28401ef518f89b4eb851f6f5d6d1fbbd45a2296e35aa63577305bc16,.md,HISTORICAL,true
BUILD177_ARCHITECTURE_VALIDATION_REPORT.md,1273,bfb0319a5132839c73c1a3b2bcd1297705f613fe10b775d2bcd433f9b7e5a0a6,.md,HISTORICAL,true
BUILD177_DELIVERY_VALIDATION_REPORT.md,880,c96552b8c38391db8b5376a8c1a95a9e2e9ee7436d701b377d82db26f118f091,.md,HISTORICAL,true
BUILD178_ARCHITECTURE_VALIDATION_REPORT.md,1193,ca5aabc382d72811c5258795968e470af4e516ac5e9b3b68684b54a0aef63ef2,.md,HISTORICAL,true
BUILD178_DELIVERY_VALIDATION_REPORT.md,892,acfe7dcb9df679ddd500dcb2a45a805c033e0df0f86d6c797f816fa440442dbe,.md,HISTORICAL,true
BUILD179_ARCHITECTURE_VALIDATION_REPORT.md,792,bd06cb1cb0c719dcd31b95c21755f0f5c0921cbbadec2e2f1b193261ee291b42,.md,HISTORICAL,true
BUILD179_DELIVERY_VALIDATION_REPORT.md,810,60828789e7285dd6fd710f6f3a00fc337a81136befa854570a0c35985a103104,.md,HISTORICAL,true
BUILD180_ARCHITECTURE_VALIDATION_REPORT.md,967,c7893bd96f4ce2ec7a28cc56862b2b911bfd6e820761c6c7155bbc5538124fdc,.md,HISTORICAL,true
BUILD180_DELIVERY_VALIDATION_REPORT.md,884,ce435b82f22b6cb78a57e15f2f07f36a36ee0ffb59eabfb4a20bffbd272bb1d4,.md,HISTORICAL,true
BUILD181_ARCHITECTURE_VALIDATION_REPORT.md,1428,3afb962f7e1a798f06a8e11b074ad485aa55b688d56ca4bc0c2b808b8484e4ed,.md,HISTORICAL,true
BUILD181_DELIVERY_VALIDATION_REPORT.md,1302,c144768b75b7ab763d4029a301030e31ff1e65d2f384a69ac1461c6da269f4e4,.md,HISTORICAL,true
BUILD182_ARCHITECTURE_VALIDATION_REPORT.md,1545,6c4151233c5ef54392e54c7d817e492c410dfc90ee1dd800710bfb30f644ef09,.md,HISTORICAL,true
BUILD182_DELIVERY_VALIDATION_REPORT.md,1331,8476156d602e3ef833732dc053b742ded6f7a25795d134dbe67ec88377ff8f8a,.md,HISTORICAL,true
BUILD183_ARCHITECTURE_VALIDATION_REPORT.md,1585,c708be43a1fb118578076220bc2753165dd51b5c86952de307e65b8f68675d52,.md,HISTORICAL,true
BUILD183_DELIVERY_VALIDATION_REPORT.md,1430,3ea533f546e6156b79bba221954b10fb1bab86dfd4b67499e1a4fbd3bbf0b00e,.md,HISTORICAL,true
BUILD184_ARCHITECTURE_VALIDATION_REPORT.md,664,cbff1544dca20e476cfcb99c6444d1040690a07dd30295648c726e8572a3911d,.md,HISTORICAL,true
BUILD184_DELIVERY_VALIDATION_REPORT.md,0,e3b0c44298fc1c149afbf4c8996fb92427ae41e4649b934ca495991b7852b855,.md,HISTORICAL,true
BUILD185_ARCHITECTURE_VALIDATION_REPORT.md,612,d906c824ebce874460383d72ad93941ef5f6750cde9303059afcf075df52e128,.md,HISTORICAL,true
BUILD185_DELIVERY_VALIDATION_REPORT.md,514,bf9b86a0973ee23d02a6c98d4699c4fbbf1b77eb3dd3f7b11d8e33538c2efc4c,.md,HISTORICAL,true
BUILD186_ARCHITECTURE_VALIDATION_REPORT.md,765,25c8ecf68c0182673532ccab3d9e25fd202e6e7213a93d187badaa99935bde18,.md,HISTORICAL,true
BUILD186_DELIVERY_VALIDATION_REPORT.md,544,0da4423c73c83148a352d1b01427868fb9a1a6d5a5d472e4447572a172c47512,.md,HISTORICAL,true
BUILD187_ARCHITECTURE_VALIDATION_REPORT.md,781,8de525f47d355a0cd44218117b0d1a53e0cf4a3545ebe4f4a5028c3de8847516,.md,HISTORICAL,true
BUILD187_DELIVERY_VALIDATION_REPORT.md,759,6b6a300634383ce933dc9772ff7a95e881f360d24a2cc816da34130430e15142,.md,HISTORICAL,true
BUILD188_ARCHITECTURE_VALIDATION_REPORT.md,978,0ddbd1b2d2263b877ab4f10d6e0603c11979c760a2d1b117f607ec8700588501,.md,HISTORICAL,true
BUILD188_DELIVERY_VALIDATION_REPORT.md,1019,8891d2155154f0a2360affcb8fbe2b76508ab2189e8f04edd0b1b572dad66880,.md,HISTORICAL,true
BUILD189_ARCHITECTURE_VALIDATION_REPORT.md,888,f9eae2f7beaad02e78912ddd742a05db48800d3b1c77be8ce01f2ce234e8fc11,.md,HISTORICAL,true
BUILD189_DELIVERY_VALIDATION_REPORT.md,1039,bca972502c486990f299594e190d07b165930a1862d00e1e817cf9e099758b4b,.md,HISTORICAL,true
BUILD190_ARCHITECTURE_VALIDATION_REPORT.md,541,65ff5c60020ac171a80d48886272b3896679fd13adce01469db2de54d2f94b95,.md,HISTORICAL,true
BUILD190_DELIVERY_VALIDATION_REPORT.md,333,36de88e4918866c70c596084814621053bd6c7d80674abb8c2e561332493463c,.md,HISTORICAL,true
BUILD191_ARCHITECTURE_VALIDATION_REPORT.md,517,ce395f5b3561ff2d74d94f93eb68b7360fda27548689e121605c84d23cbf80aa,.md,HISTORICAL,true
BUILD191_DELIVERY_VALIDATION_REPORT.md,583,b46e84225b9023f4f4a27b35f65fab2da000d7ad82961754f757068be29cec19,.md,HISTORICAL,true
BUILD192_ARCHITECTURE_VALIDATION_REPORT.md,573,29908e4c228cff7e910231144a2f776e20679c9a1db454d5701083af17d4d4bf,.md,HISTORICAL,true
BUILD192_DELIVERY_VALIDATION_REPORT.md,591,0da9c5973114baf00a82e443ec740aec8f69c514c00a068a169a3ccb61382670,.md,HISTORICAL,true
BUILD193_ARCHITECTURE_VALIDATION_REPORT.md,584,4ca37cace0a6fbfc3bc479cb3b1f7659d14fcb9e42a2be74ae7c9c57e6c47292,.md,HISTORICAL,true
BUILD193_DELIVERY_VALIDATION_REPORT.md,596,dacdf42b249de0f2525c9b7832dfb75732bbd3ef9fdd04b69dcce1d86df9a782,.md,HISTORICAL,true
BUILD195_ARCHITECTURE_VALIDATION_REPORT.md,266,e44c479827410dd65c2d70e323ba4022632049d334d474a34e7341f58e28cc85,.md,HISTORICAL,true
BUILD195_DELIVERY_VALIDATION_REPORT.md,233,c4a47112b668915f761cfec90c4b34f8c08b78f1c85e6efbec5d34bd7c99b83a,.md,HISTORICAL,true
BUILD196_ARCHITECTURE_VALIDATION_REPORT.md,250,b42e011f910eb27971ab0353d1ace5740d5fd578c3c0646a94226ae05a93bd0c,.md,HISTORICAL,true
BUILD196_DELIVERY_VALIDATION_REPORT.md,233,befcb8ecfcfe890050f672306bdf4b19e06850130da901df9e760bf936a00ec7,.md,HISTORICAL,true
BUILD197_ARCHITECTURE_VALIDATION_REPORT.md,392,bdd71275825a5568667808245c92719ad7b05c3e20415359d17551a17fe45005,.md,HISTORICAL,true
BUILD197_DELIVERY_VALIDATION_REPORT.md,277,a32cfab264d78e1f197905ed280ca441592f3f2e58ddcc9f2000ada2e0c4bf65,.md,HISTORICAL,true
BUILD198_ARCHITECTURE_VALIDATION_REPORT.md,67,49e45dc0d8d9938e8522af0a1034a967e3c7e324cc943f99f1ce2a04397647b7,.md,HISTORICAL,true
BUILD198_DELIVERY_VALIDATION_REPORT.md,100,02a98aeeabe9c8fdeebe2b3a3cad32426e9e1e6348711ccd2d9712518acd53af,.md,HISTORICAL,true
BUILD203_ARCHITECTURE_VALIDATION_REPORT.md,572,64a03c99a3ac26a4291615d5c18d95f39c20f368ea9b5de009a4c9eb5fa502a0,.md,HISTORICAL,true
BUILD203_DELIVERY_VALIDATION_REPORT.md,297,1b6a7115340d2a402de6e42c9825c112c951826af5b1195e02dfbc8d4374fc79,.md,HISTORICAL,true
BUILD204_ARCHITECTURE_VALIDATION_REPORT.md,554,6794fb6b5c2cb00f0b038cdbcd744675410bf78cf5a0797db1f8f242b36f2036,.md,HISTORICAL,true
BUILD204_DELIVERY_VALIDATION_REPORT.md,606,9daeee6464ffb7d4cd0b5b31d9c43c6a7d5e14c101266a7048d7fc9fdebf4c28,.md,HISTORICAL,true
BUILD205_ARCHITECTURE_VALIDATION_REPORT.md,1519,ccff2dd2d1a0841589c990ebbb20fa9ee15bae515c692560ef84bd3df58d60af,.md,HISTORICAL,true
BUILD205_DELIVERY_VALIDATION_REPORT.md,1071,e219674fe581f79a57525df7ad4a29a3a9082480acef71869de7ebbd6a50f7f2,.md,HISTORICAL,true
BUILD206_ARCHITECTURE_VALIDATION_REPORT.md,1379,3ea86019c67ddf3839542f4a5c7fdf42588c74325580ca30833e5216fe9a61cb,.md,HISTORICAL,true
BUILD206_DELIVERY_VALIDATION_REPORT.md,1357,72e9e57bb7e14dcee9efdc6cbdaa62eb075c5849f6410bd13b6e9d7ee98ce342,.md,HISTORICAL,true
BUILD207_ARCHITECTURE_VALIDATION_REPORT.md,1596,b091e388b8ad1d224af1c6b9bf9294c241659d40cb7a949bd4312f7152614d9a,.md,HISTORICAL,true
BUILD207_DELIVERY_VALIDATION_REPORT.md,1159,4086c867577427d6d856296d0e55002b26b58f9f64d3045d83a0de8d15e394bf,.md,HISTORICAL,true
BUILD208_ARCHITECTURE_VALIDATION_REPORT.md,959,091ef3653fad447fc64adb751e5f6c8258929c111988148ab07c2124e20c9d8c,.md,HISTORICAL,true
BUILD208_DELIVERY_VALIDATION_REPORT.md,991,5c724645b4fc83befbc4fb48b0032fd99d38e8ff71c6830a747bd4a1c139f639,.md,HISTORICAL,true
BUILD209_ARCHITECTURE_VALIDATION_REPORT.md,1388,1cf4ea9d33c6243c5346fcb9130a5d6e436e93068ee06c787ec36983dc3ceceb,.md,HISTORICAL,true
BUILD209_DELIVERY_VALIDATION_REPORT.md,1074,dab62462fca62c366830c1c183adaced99d18c7dd716128799b7f65a786c7b03,.md,HISTORICAL,true
BUILD210_ARCHITECTURE_VALIDATION_REPORT.md,1396,5ac4b3b2b53553a4f1e4a9f41f9eb38c70f517951e017ea62dfbf6e22a95c67e,.md,HISTORICAL,true
BUILD210_DELIVERY_VALIDATION_REPORT.md,1570,97bdcaf6325d1e7e5a8fe403a109811cd3b51db154b7b0275a8d32e08449cd91,.md,HISTORICAL,true
BUILD211_ARCHITECTURE_VALIDATION_REPORT.md,334,3ab3e4baca35089c7e11813f3207dc4fb0d0772c53c8b68d377a07a5d3ac7476,.md,HISTORICAL,true
BUILD211_DELIVERY_VALIDATION_REPORT.md,295,892c669cc4ab49e14ac12cd79a3cd23136def38e48540288216669e6c05ec2d8,.md,HISTORICAL,true
BUILD212_ARCHITECTURE_VALIDATION_REPORT.md,954,9730bfb9dd9fd497e63b221004c69cc4a1033dda431e152fe2083f6c1d80bcad,.md,HISTORICAL,true
BUILD212_DELIVERY_VALIDATION_REPORT.md,1100,669c4fdd6fb0119612e54a93f5720a6cef33350c7e246561c1d291c1b91109f9,.md,HISTORICAL,true
BUILD213_ARCHITECTURE_VALIDATION_REPORT.md,1373,94f42550e2fe6876a5191966b3ce7f1fe8acddb23d5c8f63e834803bfd9bfbe2,.md,HISTORICAL,true
BUILD213_DELIVERY_VALIDATION_REPORT.md,1080,97325a5234386a57bb64da1b787db0a8840d4883577102941f9e514b515d8e9e,.md,HISTORICAL,true
BUILD214_ARCHITECTURE_VALIDATION_REPORT.md,2016,a2855d084a4959240b13bec2ef1990b0bdb36d4759f6131b2800e6c42368af30,.md,HISTORICAL,true
BUILD214_DELIVERY_VALIDATION_REPORT.md,1634,ee94da59f7a8916d8f69752448b53a4328fd11782e52313208ab65f2d665daee,.md,HISTORICAL,true
BUILD215_ARCHITECTURE_VALIDATION_REPORT.md,1277,c7ba4d4705c65051f22fe63f62e48f136d0352cd45f030c9cd4d67650b3b2c07,.md,HISTORICAL,true
BUILD215_DELIVERY_VALIDATION_REPORT.md,931,70e0a1217e8db723d2155f365bc4cab1bb29f2e5df283dd5ef664bb1d9b0fd2a,.md,HISTORICAL,true
BUILD216_ARCHITECTURE_VALIDATION_REPORT.md,1525,07f2275101a0d93238091fe28dae7d501709d67f0f4293880a269200e71c612e,.md,HISTORICAL,true
BUILD216_DELIVERY_VALIDATION_REPORT.md,1146,9fb79f64a4707c5b61108104d2e146e2863385d8723d82c4243535c2802538b3,.md,HISTORICAL,true
BUILD217_ARCHITECTURE_VALIDATION_REPORT.md,510,97a9dfd39e2c5de3283c6ceb983728210bbe06cbe60a88a1c795adf986493a55,.md,HISTORICAL,true
BUILD217_DELIVERY_VALIDATION_REPORT.md,403,da5e71de55bb882d2757f9d84a7a9fae992aafffa0e854c09ba58e344d097984,.md,HISTORICAL,true
BUILD218_ARCHITECTURE_VALIDATION_REPORT.md,719,5cb3626f641b32e368c58da37a03ff87e7f0f1b7d89983856b10e286cc9eb937,.md,HISTORICAL,true
BUILD218_DELIVERY_VALIDATION_REPORT.md,402,8a81d29ce964b45aece5a535a6155113978476c4b80c26fc4460886e2c99dd2e,.md,HISTORICAL,true
BUILD219_ARCHITECTURE_VALIDATION_REPORT.md,677,cfa7f85a1aa167fff62b15e4c2eb498b9374c1ea5985a45c5d79ebedabcf0e5d,.md,HISTORICAL,true
BUILD219_DELIVERY_VALIDATION_REPORT.md,408,ac07b50e5bd25db4530c280f171d52e6f30fe5a2113814f041d9b7ec4675f82e,.md,HISTORICAL,true
BUILD220_ARCHITECTURE_VALIDATION_REPORT.md,429,9b9e1b807d8210639da03ca10982dbd554d2b4d3e0a68da19b17b8b3d01f8e69,.md,HISTORICAL,true
BUILD220_DELIVERY_VALIDATION_REPORT.md,236,0bf1235ae6c203ef7db76acc7ab4993a31d02b69982836827ab719d1c094e6f3,.md,HISTORICAL,true
BUILD221_ARCHITECTURE_VALIDATION_REPORT.md,553,e8369c7bd38587ab8e29577f42904604c082780ad2ee9a57825b702d00f7a2ef,.md,HISTORICAL,true
BUILD221_DELIVERY_VALIDATION_REPORT.md,371,0e04f918516d4a5def13f5266a72c43a79736d7a9a0407b6af4d4f08d84222d2,.md,HISTORICAL,true
BUILD222_ARCHITECTURE_VALIDATION_REPORT.md,574,07c5f4ed4e17fe371a2aac704804b84832cc6602a100da75d1f431a324d9c736,.md,HISTORICAL,true
BUILD222_DELIVERY_VALIDATION_REPORT.md,765,ce3ab1707eb33715835ed0f488e5a16bc0d0b6b6ebac280eadafc7d69a8fa1a9,.md,HISTORICAL,true
BUILD223_ARCHITECTURE_VALIDATION_REPORT.md,651,08caf18d46979b2ac075b811010da174c6fab112139a4c729eae15e7b8a23ce8,.md,HISTORICAL,true
BUILD223_DELIVERY_VALIDATION_REPORT.md,718,9f3fe31e99e8b94a5a8ae0f0a866ecb84209d346c7da3de1d227ed82fe7c9695,.md,HISTORICAL,true
BUILD224_ARCHITECTURE_VALIDATION_REPORT.md,797,0b513127aa9ce80eaad674eac0413b7214a886488872c21601316648768191bf,.md,HISTORICAL,true
BUILD224_DELIVERY_VALIDATION_REPORT.md,767,08b7b61e46bcb04bed1c339952a30622b5f9066237e8a2bb270dc1e8dddfc1a9,.md,HISTORICAL,true
BUILD225_ARCHITECTURE_VALIDATION_REPORT.md,1305,18c1f3a4d1b80f09c4ecc9203138a5075e4d7acea225d25d7b7095bca000b5f6,.md,HISTORICAL,true
BUILD225_DELIVERY_VALIDATION_REPORT.md,890,49d4624a3a22fa105f79fdf61493b5a3c999954062864d5edc40a1660ce3df73,.md,HISTORICAL,true
BUILD226_ARCHITECTURE_VALIDATION_REPORT.md,1169,630f033ba0c1cd2e6876d45ff0d3488311cb3b2807534b68234cd7beebfae5fc,.md,HISTORICAL,true
BUILD226_DELIVERY_VALIDATION_REPORT.md,866,222683be53eb9a69ba9e6a2b55d8cb7d039bc0a76f497e26bbbe761961d6c6ae,.md,HISTORICAL,true
BUILD227_ARCHITECTURE_VALIDATION_REPORT.md,646,c1715da7ed919f5b591465f38b0c28ed92200b3def7a1d90824f1359c8b03914,.md,HISTORICAL,true
BUILD227_DELIVERY_VALIDATION_REPORT.md,919,07b3be12af293cc0906c6fda29a634ff88c7921f705ea0a955e619f08f81ae9b,.md,HISTORICAL,true
BUILD228_ARCHITECTURE_VALIDATION_REPORT.md,475,d93719da829041c0ff9f4f6bb55ff95d40830d883a557e4fbb25bef3f1857c67,.md,HISTORICAL,true
BUILD228_DELIVERY_VALIDATION_REPORT.md,703,8ca5c06ab565e4d031ca0a45647c204572a45eb88e3374a98d099c473f8785e4,.md,HISTORICAL,true
BUILD99_ARCHITECTURE_VALIDATION_REPORT.md,1572,21206d6d33604b7b8302ce7ad9ccf6b677a9dc2f9f8a0069d26a4f83f7bd3aeb,.md,HISTORICAL,true
build106-clean-validation.json,1768,432fa31009538968ab8a79188054d9c5565de24ae70b9ca9e68f191b04374049,.json,HISTORICAL,true
build106-targeted-type-analysis.json,807,b7fe91a8e99e9d5e7619a56e45a9fafb5b4ee79e347deeea07619e2d89f72f57,.json,HISTORICAL,true
checklists/CODING_START_CHECKLIST.md,677,65bbcb950e9aad8414d62f0782627865b3357fa58219880c779c55fbace324d8,.md,ACTIVE_REFERENCE,true
config/30-n-archive-policy-migration-scope.json,3686,1bba3334b570a1fac57ad4d4a72707fb8eb2bc8b746d7cbdd2f5a74d84921213,.json,ACTIVE_REFERENCE,true
config/30-o-archive-production-composition-scope.json,4766,87be5af232608622faf29033f3a7d95663a21c6abb02b6bfce0c677dbbdf6246,.json,ACTIVE_REFERENCE,true
config/30-p-durable-policy-transaction-scope.json,4671,cc0abc3915c41c97b2305f935362c70a61c3f3062feb8eda07577603f9a4716d,.json,ACTIVE_REFERENCE,true
config/30-q-journal-proof-and-rollback-anchor-scope.json,2614,76b94304b761a6b1d80615e6bdf055379cb6bd0c27d3ee5c00f2752c3cc9995b,.json,ACTIVE_REFERENCE,true
config/30-r-archive-core-table-receipt-fence-scope.json,2380,ed5fd0bcf299d792ffa7dc93f103f1a9d89720e9b701ce64591cff57970907c4,.json,ACTIVE_REFERENCE,true
config/30-s-archive-accessory-receipt-fence-scope.json,2586,78beee36653f68f069134b03082c6efb0ba56c37847d138d7a46e3293740d0f9,.json,ACTIVE_REFERENCE,true
config/30-t-new-correlation-operation-idempotency-scope.json,2844,528833cd665936f96e164decbc2a4b4cdff2a34655a8c2b484949be5d0509ac7,.json,ACTIVE_REFERENCE,true
config/30-u-durable-pending-operation-identity-recovery-scope.json,3133,c7db90d9f721f0b0ada5946bab9170ed9e8dab82bdd00c4697a7d4de0993f311,.json,ACTIVE_REFERENCE,true
config/30-v-expired-replay-reservation-pruning-scope.json,3090,d99c94463653a967054bcb18655b41d0fc7d150bf4bc14a3eaf3c89158f79f47,.json,ACTIVE_REFERENCE,true
config/30-w-finance-policy-enforcement-scope.json,2577,8aefa47e9206ec58f743bda5c56d71008dce577fef323b2c5a97a9937498c3d3,.json,ACTIVE_REFERENCE,true
config/30-x-health-policy-enforcement-scope.json,3233,263d2001e194a83978f8bc5d1d8ff2b045ea5410483019a4f562073ac40a2056,.json,ACTIVE_REFERENCE,true
config/30-y-life-policy-enforcement-scope.json,4677,d2de2f93ce8d8388dfbd08737a34e2d87dc2fa253a1522d3da1351c7fd14967d,.json,ACTIVE_REFERENCE,true
config/30-z-location-policy-enforcement-scope.json,8295,62f8905f807796f7d044052fc63d877d678142134c14a81d2f851123c16a63f1,.json,ACTIVE_REFERENCE,true
config/31-a-timeline-event-policy-enforcement-scope.json,1801,14c174121c15dbf3791e0d69700a7cf285bbebd3a20af11ffad79768c18aefa2,.json,ACTIVE_REFERENCE,true
config/31-b-family-data-import-central-authorization-scope.json,1412,6fa459654d06dc4fa72c46f653e209b346cb0178aa382c60a940892e62d187f2,.json,ACTIVE_REFERENCE,true
config/31-c-family-import-multi-policy-receipt-batch-scope.json,1853,1af0ef68cebb0dbe3eb6efd91532c95cc08adf8fc9c002550da318d2872acc8d,.json,ACTIVE_REFERENCE,true
config/31-d-family-import-reused-location-read-receipt-scope.json,967,12c1423aec71178fe66d170ff1540b8f157daee55fda7a938ab1b588871fb6fb,.json,ACTIVE_REFERENCE,true
config/31-e-user-visible-release-boundary-scope.json,858,398bb5bafaf57b9f68be6456b06f54a5ad97adc1eae302a59cbfec8ede1a7363,.json,ACTIVE_REFERENCE,true
config/31-f-family-import-created-location-linked-event-scope.json,1191,8c4763202bf60e58382a6202e7eb6efd82bb527ef9b41228e1f459585e23fefd,.json,ACTIVE_REFERENCE,true
config/31-g-family-import-governed-rollback-receipt-fence-scope.json,1213,8ddf273b9fe7bdde089931a9470c38184c22bd77f6af473b255d391ba01bd193,.json,ACTIVE_REFERENCE,true
config/31-g-main-structure-core-service-api-foundation-scope.json,1523,b8a744e331d54bed03b044d0299907e5528545abd4f1866061dbd6e5021790e4,.json,ACTIVE_REFERENCE,true
config/31-h-core-service-family-data-session-ownership-control-plane-scope.json,1419,5ceedcd15f8c6cccf1626c67aa4261c4d1b0b2371da27c391d2017411a63b948,.json,ACTIVE_REFERENCE,true
config/31-i-headless-device-secret-protection-boundary-scope.json,1483,b3f4ede0005c029b44341172df4b00a2c7c4b6aece937450f4adc04daefca9c8,.json,ACTIVE_REFERENCE,true
config/31-j-family-data-coexistence-default-deny-cutover-gate-scope.json,1620,651fe18d7a7ca87f00cdfb543c3b41526fe829a56b24054c51087b7bce50ab03,.json,ACTIVE_REFERENCE,true
config/31-k-monotonic-cutover-readiness-evidence-scope.json,2113,f8cbbe59899d6e5c7614776ad18c096ade0ca6c4b8a2e5e92a430cda18b7205f,.json,ACTIVE_REFERENCE,true
config/31-l-protected-cutover-readiness-journal-port-scope.json,1867,9066e02b75eeb8d528cabecf04076e743a4d29a2c4153e0c0d59ef092b5a8245,.json,ACTIVE_REFERENCE,true
config/31-m-signed-cutover-readiness-evidence-verifier-boundary-scope.json,2158,e8faed45eb565d68086a754345cdd7390f659d2d2b6ee6eab2d90e62e201ee22,.json,ACTIVE_REFERENCE,true
config/31-n-synthetic-single-writer-proof-harness-scope.json,2161,2c1743e2fab6ba3f9e8707af318f950b0f641e6045f0cc083210957044ee42dc,.json,ACTIVE_REFERENCE,true
config/31-o-synthetic-key-lifecycle-proof-harness-scope.json,2176,d5dfc8b00276cd59753b7854325c4aeff46e593a691b9b2223e38ff6d4696554,.json,ACTIVE_REFERENCE,true
config/31-p-synthetic-rollback-recovery-drill-scope.json,2665,3c321362bb782e32355c99976ee6d4f499fb83d7a2ea96af1280ebcaa5799d0a,.json,ACTIVE_REFERENCE,true
config/31-q-end-to-end-security-evidence-aggregator-scope.json,2695,5afd559b715fcb12aec9242485b52f18988931f73cc88d59bb39d02e2ece601f,.json,ACTIVE_REFERENCE,true
config/31-r-explicit-user-approval-receipt-boundary-scope.json,2866,920bb71b86fa8d496a53629d4afab146a9a25905c53f674593c06b3c3dd09744,.json,ACTIVE_REFERENCE,true
config/31-s-versioned-cutover-decision-preflight-scope.json,3078,393a2938c11b03a17d105ae7c688d58640fd63ebae47df9a6a6c07d9f71f46d5,.json,ACTIVE_REFERENCE,true
config/31-t-family-import-governed-rollback-receipt-fence-scope.json,1750,66ab1ba99bcbc16c4db0f1930d8ebaef0ac53db991126a28afaf640ccf6b63c6,.json,ACTIVE_REFERENCE,true
config/31-u-w-ppk-002-remaining-boundaries-scope.json,790,32b5e9d7f35ef805898a72cecce2dedfd81fc4a5230764442275274a25196a26,.json,ACTIVE_REFERENCE,true
config/31-x-ppk-002-top-closure-scope.json,1235,f6adba15e745a1f81047d8803049693753d2e4436382a712f7c79c1796227d8e,.json,ACTIVE_REFERENCE,true
config/31-y-ppk-003-default-deny-availability-top-closure-scope.json,1439,45eaed5e97e0fcd1ab17e444c155fa4c9fb7323c56f4b1c3c360bbe29b89d7e7,.json,ACTIVE_REFERENCE,true
config/31-z-ppk-004-complete-policy-context-binding-scope.json,1529,0dd65757a9b51823d7d36fb977473fadae378f85bc8945ab3db8f05dee7a6774,.json,ACTIVE_REFERENCE,true
config/32-a-ppk-005-complete-data-classification-scope.json,1574,852f17bd3e0ef6b62a8f9702eaa0705696179f21d31e75eb25477611db95d2a8,.json,ACTIVE_REFERENCE,true
config/32-b-ppk-006-complete-policy-obligation-suite-scope.json,1668,a1dc8a94835c609dfc5eb7c3ae32fbc33d67054c78cbedca97fb4d51fe1cb85a,.json,ACTIVE_REFERENCE,true
config/32-c-ppk-007-signed-versioned-policy-package-scope.json,1699,4c03c5dcffe3bf5e098f7965b4d9a951e238b71766b8ca11a81b6b0a1d90c10c,.json,ACTIVE_REFERENCE,true
config/32-d-ppk-008-application-identity-device-certificate-manifest-scope.json,1773,1f2078cd9083f98c4db6b3cd145a33c327b18595df1a4c26fdc04fce123ef1cb,.json,ACTIVE_REFERENCE,true
config/32-e-ppk-009-core-service-policy-reevaluation-scope.json,1661,9c2870b244201dff50b1df84ea84db431b17765a8eb4851a29d943b05fc2fda6,.json,ACTIVE_REFERENCE,true
config/32-f-ppk-010-central-policy-zero-exception-scope.json,1612,f0b83c34459edf952b2790387fcc9bd142912e41e0b7869417adc22b1ebc5cd7,.json,ACTIVE_REFERENCE,true
config/32-g-ppk-011-contextual-ownership-policy-scope.json,1743,1294de02d589bf2d7ca84812a45e19f79cd30fa0dbba6740535a06584864e308,.json,ACTIVE_REFERENCE,true
config/32-h-ppk-012-offline-capability-lease-scope.json,1860,a80a427594d5a76c8e3237b9be84f5756a2b42ca42876306097d0878e539e4a6,.json,ACTIVE_REFERENCE,true
config/32-i-ppk-013-client-data-access-boundary-scope.json,2717,26b01e907844b05264e09c5e92113acd956142002baef0ce7c07667bfde9b029,.json,ACTIVE_REFERENCE,true
config/32-j-ppk-014-versioned-core-service-api-scope.json,2907,7b8c203826ff26ae9d1d2a47a9740e019b90fc068ec99237e0e09df4d212290b,.json,ACTIVE_REFERENCE,true
config/32-k-ppk-015-network-egress-policy-scope.json,3657,343aa943907032bf1982e635a774e9aa363c72875d66fe09928d785f9a9aae50,.json,ACTIVE_REFERENCE,true
config/32-l-ppk-016-derived-data-policy-inheritance-scope.json,9391,a3d3a0c8571ca11b69a8a92a9d8a8879610b04a77818e392e41f61939c556bc4,.json,ACTIVE_REFERENCE,true
config/32-l-ppk-016-derived-data-production-inventory.json,10034,5ec6b8e64fa8c2dec09880a0941aff55f9b6ee8fdf3d9bb8db8500adeb0bed75,.json,ACTIVE_REFERENCE,true
config/32-m-ppk-017-log-surface-inventory.json,4292,db322ff0c749589d5ca8ae0dd101ec3a3181c651991e67b1a8b7b428a00c1af4,.json,ACTIVE_REFERENCE,true
config/32-m-ppk-017-sensitive-log-policy-scope.json,5146,bccbf4fb42cb6a65dc24aa2a0906cf6cc87d6ac51b7e83a4615a933dc370a227,.json,ACTIVE_REFERENCE,true
config/32-n-ppk-018-immutable-policy-decision-audit-scope.json,6417,125eb1158527308344b1335f72f8a1496611aeb72a922e41121c66c3092e6aad,.json,ACTIVE_REFERENCE,true
config/32-n-ppk-018-policy-decision-audit-inventory.json,5450,b1dfddf3f1779896e86b11c41c235278167f12aee7e9d552512761efeb42079e,.json,ACTIVE_REFERENCE,true
config/32-o-ppk-019-propagation-owner-inventory.json,9477,ac962af78ce2974a365771e9b04dc9bdeb70f3b127573c4adcd322ec2654da98,.json,ACTIVE_REFERENCE,true
config/32-o-ppk-019-source-deletion-propagation-scope.json,7925,a293ca2c2efd51f20095e23655f234fbaa1e984f58aec2a965f230ed5887b026,.json,ACTIVE_REFERENCE,true
config/32-p-ppk-020-policy-conformance-suite-scope.json,5736,7e268bb372b1c73b897c1c6cf8048e1b3cc9e40460a789b232ef68ea1366b426,.json,ACTIVE_REFERENCE,true
config/32-p-ppk-020-policy-conformance-target-inventory.json,5251,1709472da2d0e6e6014426e91070f3868d3e8545d2bfc9ac5d92eab5061aa4d9,.json,ACTIVE_REFERENCE,true
config/32-q-ppk-021-platform-policy-ast-allowlist.json,91097,9ea5b846e552e760fbd8dd5f8bee7fb83988ef19bb93e3bbd4ac0465c4b71205,.json,ACTIVE_REFERENCE,true
config/32-q-ppk-021-platform-policy-ast-gate-inventory.json,3669,235d855691c77e7fbfae642044a5b651e47ab0d5515f47d48e6247d98e2c5e79,.json,ACTIVE_REFERENCE,true
config/32-q-ppk-021-platform-policy-ast-gate-scope.json,6621,98b285333b3d6fc89bf4c1e020f2a655c95664b0f19cac3408227b3a7d3f9dad,.json,ACTIVE_REFERENCE,true
config/32-r-ppk-022-capability-manifest-gate-inventory.json,5071,9b4ef49c7cf4b5a6fe09478fedb2e8aa97f0ee560330e5f4bc6ae7cfe627e9fe,.json,ACTIVE_REFERENCE,true
config/32-r-ppk-022-capability-manifest-gate-scope.json,7858,0752ad1d546a8c79e6749c7344cf7bfe558267d4dedde99cb453a31d11df85ba,.json,ACTIVE_REFERENCE,true
config/32-r-ppk-022-capability-surface-manifest.json,122903,54061e189e7771868552efa869c69a75426f24e4edd846af1c62496c82f0e1d6,.json,ACTIVE_REFERENCE,true
config/32-s-ppk-023-application-security-profile-gate-inventory.json,3998,dd8c77e4ae9b603b13a295bc4ccc50504ae0fab9240e14b84111b185b515a8cc,.json,ACTIVE_REFERENCE,true
config/32-s-ppk-023-application-security-profile-gate-scope.json,5203,ab57e2defaccffc8e00a442ab5430b22dc6424cda5ad2bfb3876bb84d765a9b7,.json,ACTIVE_REFERENCE,true
config/32-s-ppk-023-application-security-profile-manifest.json,10122,19e93b399731099a035b3c26534a3193545d9b78237920e6bb66b17fb56b64ff,.json,ACTIVE_REFERENCE,true
config/32-t-ppk-024-policy-service-availability-inventory.json,5471,7587f9c4ab5b9d81148d93311e031d0337928ce0831d1e0a621cdf7845d5cd4f,.json,ACTIVE_REFERENCE,true
config/32-t-ppk-024-policy-service-availability-scope.json,6173,a78dc9b7cee211e2e213c6d3a7009bbac89b861c89388c148bd4a6f205d4aeca,.json,ACTIVE_REFERENCE,true
config/32-u-ppk-025-external-build-assets.json,2290,7d0a45fe0472dcf9a474d166cef7cacd82ffee49520e145d08f1492b3ab36068,.json,ACTIVE_REFERENCE,true
config/32-u-ppk-025-signing-trust-policy.json,3319,fadccc2dd81c64bceaf4879182a127e334d57364a68ecf9b5b58543bf7f901fb,.json,ACTIVE_REFERENCE,true
config/32-u-ppk-025-software-supply-chain-inventory.json,9012,3597354a19c96f23cf69a3d614239dc9b710dffeb60eb841c4241a96a51e5585,.json,ACTIVE_REFERENCE,true
config/32-u-ppk-025-software-supply-chain-policy.json,6834,8daf87be6f5a28792a7b25f19766f76d1657d193997f3f684ff443966c1530c8,.json,ACTIVE_REFERENCE,true
config/32-u-ppk-025-software-supply-chain-scope.json,7755,bf2f378de92c7b906b3cff1eb8c447f9c79e3d611fa0465f03f888299f060c21,.json,ACTIVE_REFERENCE,true
config/32-v-ppk-026-typed-policy-sdk-inventory.json,4122,3f68ef1c4bcf2d5cbb9df3c837ae04699a1cbf7559af7f5f548f54067d721fb3,.json,ACTIVE_REFERENCE,true
config/32-v-ppk-026-typed-policy-sdk-schema.json,1269,8787c960d0e2169e722fb91046572cf65b084ae8552efc8565a7cb3534676cb2,.json,ACTIVE_REFERENCE,true
config/32-v-ppk-026-typed-policy-sdk-scope.json,3952,b3d70959d48be641f22337d4d1dc6fd67a73742e16dbc84ac65932a00469a935,.json,ACTIVE_REFERENCE,true
config/32-w-b0-03-b0-04-product-surface-governance-inventory.json,3780,19b8b6a1fc1098ad1b8b0c0b7ac783d7b865b70955472aa868dc810d86bbc8ba,.json,ACTIVE_REFERENCE,true
config/32-w-b0-03-b0-04-product-surface-governance-scope.json,2161,980ae76c8cd7114d6464bfa0c54c17347fa57ef21d46e823c1e66ffc7cfd659f,.json,ACTIVE_REFERENCE,true
config/32-x-b2-03-b2-04-desktop-security-inventory.json,2820,d9e7d5e6e9d31dd67e0954e294d5ec2bddeb1c339143b9ae99ad1f52e00b38f7,.json,ACTIVE_REFERENCE,true
config/32-x-b2-03-b2-04-desktop-security-scope.json,2809,6c0d86e7c447060c6ee7700efcc27633008e2ac31b580767fa961a50e654b1ae,.json,ACTIVE_REFERENCE,true
config/32-y-b2-05-b6-03-sensitive-data-consent-inventory.json,1791,30c9ce15aac8f67e4be9e3af1862f539de6c7df8abe2c50b2e68f5abc291448b,.json,ACTIVE_REFERENCE,true
config/32-y-b2-05-b6-03-sensitive-data-consent-scope.json,3100,8e483473fa266d84a9238cb612283f9264b221956ae985279a9f5474e3a5357d,.json,ACTIVE_REFERENCE,true
config/32-z-b4-banking-foundation-inventory.json,2346,d07a4d3478e676b3bf6a6068ca4ae677670917545f3294c335f9bacfe5b43321,.json,ACTIVE_REFERENCE,true
config/32-z-b4-banking-foundation-scope.json,3239,2707f064b9cb2492f7f9b41006254ef4caefbc717ea42dc6f1eb8e9986543e05,.json,ACTIVE_REFERENCE,true
config/33-a-b4-payment-card-management-inventory.json,2319,a7d35c92085dbbc56969cdd9e6de110ce248bda52877a4f8ebe7e9857017ec54,.json,ACTIVE_REFERENCE,true
config/33-a-b4-payment-card-management-scope.json,2679,0edb20b38de4851dedfcdf4ef9811fe7b55af853161cfa58ba168553f18620e0,.json,ACTIVE_REFERENCE,true
config/33-b-b4-loan-management-inventory.json,2445,b6abc8d6e8d069b645783180d21b47c326866f1d9380587f12f898aff26ac992,.json,ACTIVE_REFERENCE,true
config/33-b-b4-loan-management-scope.json,3337,a95b32bac51b3e8a246fd39572ee9737a1d6c4a526984575b61d198c6107ee83,.json,ACTIVE_REFERENCE,true
config/33-c-b4-finance-planning-portfolio-analytics-inventory.json,2699,652b00337eb7d2d7933b5d6db8f189dd0115a0e8d64c025dbeacb1d95f3b3a55,.json,ACTIVE_REFERENCE,true
config/33-c-b4-finance-planning-portfolio-analytics-scope.json,3804,22eb829746aaaf053e908aa3eb5172121d101f01966a5db86eb11cfb8bcdf449,.json,ACTIVE_REFERENCE,true
config/33-d-b4-controlled-import-open-banking-inventory.json,2762,7d8746a039f6d1e84585cf06df80121c01dc13462707a7db7fa1470b9294914f,.json,ACTIVE_REFERENCE,true
config/33-d-b4-controlled-import-open-banking-scope.json,4518,b6a4306da40ffc3e7585d8426801e1775f1a3a1fed2f647b7c4e6fbdf4177c93,.json,ACTIVE_REFERENCE,true
config/33-e-b5-category-life-home-vehicle-inventory.json,2520,c9d9338b9ed2a7669f1e39ccfab23e21430abefd2dd2f6ce55c43a4315cf7c0e,.json,ACTIVE_REFERENCE,true
config/33-e-b5-category-life-home-vehicle-scope.json,3249,fce852a7054a28b6efe5f80efffdce505501a3da262612256034e1efdc45efd8,.json,ACTIVE_REFERENCE,true
config/33-f-home-inventory-utility-belongings-inventory.json,2356,1fbd356731721634ac2ad5cd10f3e6f8f114cf29644ca5b8b3b23ae8ed0e6023,.json,ACTIVE_REFERENCE,true
config/33-f-home-inventory-utility-belongings-scope.json,3176,4c8e6586f4e8f6aff4c9c6f69552cb3270d93eb3ac3758e513f6ea56064f5558,.json,ACTIVE_REFERENCE,true
config/33-g-family-emergency-planning-inventory.json,2159,0bf6a8f16722a1cd61332fea7e4a4b516f227f8bb57e4361c696f21603c943c5,.json,ACTIVE_REFERENCE,true
config/33-g-family-emergency-planning-scope.json,2513,b809d42f13e704d00c9f6fe9c5c8c4057fe119732961e25b5bd5d688676dd0bc,.json,ACTIVE_REFERENCE,true
config/33-h-family-emergency-preparedness-inventory.json,2167,dfeedaf4ffab6e03dafb50a6c265402a1e7af984ed3e348ba7053d23d5ff9329,.json,ACTIVE_REFERENCE,true
config/33-h-family-emergency-preparedness-scope.json,3131,170b55d0674a4a52fb0073a46717b13af94b00bbebc13ba1d23ac422fe766815,.json,ACTIVE_REFERENCE,true
config/33-i-family-emergency-assistance-card-inventory.json,2159,1ddbc12102bdc4f51fb58f6f935058145dac2ee3e16db9bca4367785fa389fce,.json,ACTIVE_REFERENCE,true
config/33-i-family-emergency-assistance-card-scope.json,3272,2e544f69871686eeb2c8561dea263fbb77ca16827b299929f78aa05dee0ae4cc,.json,ACTIVE_REFERENCE,true
config/33-j-family-emergency-card-portability-inventory.json,3037,e5366e16c8926d79d2f061595da63526371abf27b4cd4d36d027d25ee99a0973,.json,ACTIVE_REFERENCE,true
config/33-j-family-emergency-card-portability-scope.json,5510,28f32c0e0cd69eb934fe61c7f3c950edbe52a6124f99e8bf41cbd36c4c163393,.json,ACTIVE_REFERENCE,true
config/33-k-privacy-consent-lost-device-control-inventory.json,1261,d3bd8fc213aef03f725493fb1499c6da99cc57dff2b6b434a284cf67bb5fb880,.json,ACTIVE_REFERENCE,true
config/33-k-privacy-consent-lost-device-control-scope.json,2234,a27152062076ef99d2a23ffe53687a133d4d1625876366fe25438bbdc7757f4a,.json,ACTIVE_REFERENCE,true
config/33-l-long-term-portfolio-inventory.json,1875,1f8a79e3694c8a781ca5abf473bdbedc3ba9b70d4a14949d44ec9d3d0ceb0339,.json,ACTIVE_REFERENCE,true
config/33-l-long-term-portfolio-scope.json,3522,bcb167eba4072520d7153210f4d25f97ee46872cb8320d1df9251fd874ed0cc2,.json,ACTIVE_REFERENCE,true
config/33-m-accessibility-preference-center-inventory.json,3502,568af40b4688d0b637bd31bdc280d9f5ef9188428835c958fe60b871c78ad938,.json,ACTIVE_REFERENCE,true
config/33-m-accessibility-preference-center-scope.json,3368,7bc2d99d34fe1f5fa100ef53db5ca2d7472d1886abcd12f65c0c1167d3726b09,.json,ACTIVE_REFERENCE,true
config/33-n-b7-15-route-async-state-inventory.json,2269,418b59017fd81e9c89779b554caab4bd94fd1859e4e5f3630686e35fefffd495,.json,ACTIVE_REFERENCE,true
config/33-n-draft-async-state-ux-inventory.json,3200,dec1e75bf65e664fbba2674eea4298e7f29777fe640470620d84e288e47fbd8e,.json,ACTIVE_REFERENCE,true
config/33-n-draft-async-state-ux-scope.json,3536,aca8cabb08e8842a7d13319f69d8d2a2ad5e9b7158a92d614ad92227b7b5d14c,.json,ACTIVE_REFERENCE,true
config/33-o-privacy-ownership-data-rights-incident-control-inventory.json,4522,19379391e66133e81a1d1259178a78bce82f76b36fba244f149cc4e732330447,.json,ACTIVE_REFERENCE,true
config/33-o-privacy-ownership-data-rights-incident-control-scope.json,5040,f628227b8cc37863d62a980a1606e43d38f3e93aa88e966acf1f562c8744c530,.json,ACTIVE_REFERENCE,true
config/33-p-identity-access-external-evidence-trusted-signers.json,374,fe6e67b067be53b30c31d559145a3d6ea5ac5bd58bbc8b64d9d85783970b95f6,.json,ACTIVE_REFERENCE,true
config/33-p-passkeys-federated-identity-verifiable-temporary-credentials-inventory.json,21700,4e796b9801c727ad9c20f9bdeef1a7cdc48af8657eccae8303601679d66b80a6,.json,ACTIVE_REFERENCE,true
config/33-p-passkeys-federated-identity-verifiable-temporary-credentials-scope.json,16792,aac5b9fe88fec884436596909285ad25c9730d2827451612828aff6bdba28647,.json,ACTIVE_REFERENCE,true
config/33-q-local-governed-ocr-derived-data-pipeline-inventory.json,20600,60fcedb81aa61efbcdc09ae2dd4a68928d4a6a25a357c217b615ac31e06668b2,.json,ACTIVE_REFERENCE,true
config/33-q-local-governed-ocr-derived-data-pipeline-scope.json,24759,312bff2714674da7346de01123fb02b5171ec892e229e2cae956dfb3dd9f1ec9,.json,ACTIVE_REFERENCE,true
config/33-r-archive-evidence-relations-media-lifecycle-unified-authorized-search-inventory.json,4358,2c98073ebbe2242c3ed7771872c3d6e312d2baa3aff100f840da4157869ab9a8,.json,ACTIVE_REFERENCE,true
config/33-r-archive-evidence-relations-media-lifecycle-unified-authorized-search-scope.json,6565,edac85ed93c6ba2ec4439c3066464e993a166d4d1d36d2a1b4be92d8fdafa81b,.json,ACTIVE_REFERENCE,true
config/33-s-health-care-coordination-elderly-support-ledger-inventory.json,3851,38a9a70ff8fa40d0cfb45611e2ab05140576e6918b1aa782f89446377c5e357f,.json,ACTIVE_REFERENCE,true
config/33-s-health-care-coordination-elderly-support-ledger-scope.json,5482,22afa6cd3535383009739137462ab035fba25c7026fa70c3cdcbf7a1fa5effb5,.json,ACTIVE_REFERENCE,true
config/33-t-household-operations-center-inventory.json,3717,fc3d1b05d8ff3f6a6d678eb561f92c525572e487bba5b78217c4312e2dfcf9ae,.json,ACTIVE_REFERENCE,true
config/33-t-household-operations-center-scope.json,6161,57d5d239b74e4a1ce226e1ab95e654db7104dfc5ccfa2c00fa68091ae5ab9811,.json,ACTIVE_REFERENCE,true
config/33-u-child-education-coordination-inventory.json,2953,ad950182f68d63c90deb2ebd2e4df4c7cd39d38d70fec571c5ba926261e4bc26,.json,ACTIVE_REFERENCE,true
config/33-u-child-education-coordination-scope.json,4121,19604b524af132a6a7b1fea362589a9c9b934b64b3fea85b119ef4e485e8b509,.json,ACTIVE_REFERENCE,true
config/33-v-places-travel-asset-pet-inventory.json,2943,fc7641d76ec46415cd2341165520d37ec0a9a7fd388e4d6c08201662bcf172c6,.json,ACTIVE_REFERENCE,true
config/33-v-places-travel-asset-pet-scope.json,4125,e48a544f343111ad7520b2ad2841f2fc95d0d8d02031a16f883830295984f206,.json,ACTIVE_REFERENCE,true
config/33-w-consent-bound-family-ai-assistant-inventory.json,3657,9ae4ef34d9b924e15dfd7252841768a9bdc3dc7bb503f12861d1bf80ac44bccc,.json,ACTIVE_REFERENCE,true
config/33-w-consent-bound-family-ai-assistant-scope.json,5427,7369ea5ee0fde559d9af95674103bfe022c3b778696d643f2a0b91816c033882,.json,ACTIVE_REFERENCE,true
config/33-x-memory-studio-time-capsule-inventory.json,3215,56e6fca15954b8a9966ef7b607b8be67d4bee0dfe30f1a418596cd46f8e81630,.json,ACTIVE_REFERENCE,true
config/33-x-memory-studio-time-capsule-scope.json,4553,677e44f2e1aabc3da61feac47c0a1a66ccdee890237a0c53d38b5c3fc713359a,.json,ACTIVE_REFERENCE,true
config/33-y-local-first-smart-home-energy-inventory.json,3131,68dc627be87bb3490f2c296660a8cd1c14a3c280d9e050f8f0d4e990fe1c28f2,.json,ACTIVE_REFERENCE,true
config/33-y-local-first-smart-home-energy-scope.json,3956,b5691e3b5cde17ca9fc5b4cc93da0ea4a71fca77ef041e3e612baa28d585ecd9,.json,ACTIVE_REFERENCE,true
config/33-z-signed-plugin-external-provider-platform-inventory.json,3616,d4bccd96426e6080f97de0168eaa5b138439e3fcfb6cdbeb9bd66a9b5e5c4540,.json,ACTIVE_REFERENCE,true
config/33-z-signed-plugin-external-provider-platform-scope.json,4974,ba8c5809705f3a124eb1715d46d2f1bf6a5ea8e5a69d33d516cb4c566e19f70e,.json,ACTIVE_REFERENCE,true
config/34-a-communication-policy-mls-foundation-inventory.json,3741,52c3027439c7b3f5376509b1d0eb6eab498148c86a970b070ad6d8c11096a8fc,.json,ACTIVE_REFERENCE,true
config/34-a-communication-policy-mls-foundation-scope.json,4710,1cee0bb0fb25323f01f78f1111ebfb407f301122b05f94aa536f39c7626a844e,.json,ACTIVE_REFERENCE,true
config/34-b-communication-messaging-lifecycle-privacy-presence-inventory.json,3898,08010ffa59c3c776057561f74e3e11da4cdd1e8ec11903fda3a09a501d529d75,.json,ACTIVE_REFERENCE,true
config/34-b-communication-messaging-lifecycle-privacy-presence-scope.json,4990,a596011ba511ac1b164120941949b95a5275831c8d25ea3398ba6acc1cb30817,.json,ACTIVE_REFERENCE,true
config/34-c-realtime-calling-media-accessible-ux-inventory.json,4259,b97005e56a6fa6d1b8e15c47ae6aa703c143eb753c079fc3a892c40643e9fb4b,.json,ACTIVE_REFERENCE,true
config/34-c-realtime-calling-media-accessible-ux-scope.json,5294,d017128b123d33f51815a677a9c868d9caa38c1f1486d4b0dd1dfbd7b49aeaad,.json,ACTIVE_REFERENCE,true
config/34-d-explicit-consent-recording-media-retention-inventory.json,3884,b5b9bac605fb226e9eff0311fe7473082bf713abea16d1c41abe4414c3f478e5,.json,ACTIVE_REFERENCE,true
config/34-d-explicit-consent-recording-media-retention-scope.json,4542,cc3242e035cdbc9730a830088e0f0f54b68d524093c39ef25e0732b4e01f833c,.json,ACTIVE_REFERENCE,true
config/34-e-local-first-translation-caption-language-provider-inventory.json,3894,1d59efe3a200f8f5107937beaee1bf3095be6c3376f5b590a060c44c3ae098f7,.json,ACTIVE_REFERENCE,true
config/34-e-local-first-translation-caption-language-provider-scope.json,4490,2a6f2b7adae40004291378e89bc21de0443eafe53fbc97e8965efb93ecf5d93b,.json,ACTIVE_REFERENCE,true
config/34-f-family-meetings-decisions-consent-minutes-inventory.json,3781,72a54e8c77118cdc7e21dd73b07335c9620d6cc0f38d3deb059a740621800047,.json,ACTIVE_REFERENCE,true
config/34-f-family-meetings-decisions-consent-minutes-scope.json,4648,188cb518e129bc1c3dd4867d4d5c91d47a3fa4c6d141ad8aa3b789af171a5840,.json,ACTIVE_REFERENCE,true
config/34-g-e2ee-file-sharing-remaining-communication-ux-inventory.json,2564,f6722179c244933d09f0e6d038d61e31feac70c8ec0e8bfd6e1fb77b18b36615,.json,ACTIVE_REFERENCE,true
config/34-g-e2ee-file-sharing-remaining-communication-ux-scope.json,2850,3945041854fc4b9e36315f60ed936ec6556e7406912d098c62da11ad93a8e785,.json,ACTIVE_REFERENCE,true
config/34-h-communication-audit-archive-integrity-inventory.json,1771,4705427fcd7eb1474e358a0d2b6acb2bf52e9b3a27ee75b494d52f178db40c37,.json,ACTIVE_REFERENCE,true
config/34-h-communication-audit-archive-integrity-scope.json,1753,6503d1eb2447190862c80d5db5924ac0d6e54b8ddd1e33e3232d364390e0deda,.json,ACTIVE_REFERENCE,true
config/34-i-distributed-core-consensus-tenancy-inventory.json,2560,152a722504dc8e6aefdaa1a7caf40ca3d6088cae3258411e28c85b6f32d8fe69,.json,ACTIVE_REFERENCE,true
config/34-i-distributed-core-consensus-tenancy-scope.json,3189,90815437d7e95654b5080a7ca694039a1978ffa4cd0a1d318790e900f4ea8c7d,.json,ACTIVE_REFERENCE,true
config/34-j-distributed-clients-operations-disaster-recovery-inventory.json,2349,67168e47130b9ec2cbb7086f14e58bb59507ab14c0e2f0a5dd9e816945c06515,.json,ACTIVE_REFERENCE,true
config/34-j-distributed-clients-operations-disaster-recovery-scope.json,3206,664258eb6d7da750cdde2e0ff7f3b11e5721327045498577363a1db5e68ed52c,.json,ACTIVE_REFERENCE,true
config/34-k-windows-resilience-universal-ux-inventory.json,3871,aa139eade68e287e3ba1311a396199752d3543f74b1ec615b5f3ec7cf7e7404a,.json,ACTIVE_REFERENCE,true
config/34-k-windows-resilience-universal-ux-scope.json,4909,25a1d4763d6a36d596e5a1d8709f64028d03ad181d8c099655684f1ad78a7058,.json,ACTIVE_REFERENCE,true
config/34-l-bronze-final-drift-deterministic-delivery-closure-inventory.json,1680,11f02d9a30b00fe504d0ef82ae47f53f5fdb608fdc5aa715da9eb6d9f6b40d96,.json,ACTIVE_REFERENCE,true
config/34-l-bronze-final-drift-deterministic-delivery-closure-scope.json,1976,e1c4669ea4897b8813a2b74f957c1012a8b8540d0a28a5267419fdab0f1ba82a,.json,ACTIVE_REFERENCE,true
config/accepted-cache-rc2-validation-policy.json,554,8c2963d70118409a716b49632388b9f0f2dcb967de2792b0b7ad4125b021213e,.json,HISTORICAL,true
config/accepted-scope-registry.json,454446,74e99b4abd218ccdb725e5efcfc8b04acfa86e964b780aa8dca562ecde2b20b5,.json,ACTIVE_AUTHORITY,true
config/active-document-set.json,3054,9224ab233b3b31a7895b94da606a334ccc8b13b3f8cbce95b885f8a75f6e228f,.json,ACTIVE_REFERENCE,true
config/active-file-classification.json,655,d7aedc7d45c5f2ecbddc5813666d3f05227cb2014b0f350f259754213f99471c,.json,ACTIVE_REFERENCE,true
config/active-governance-ledger.json,53591,658870cbd8e3e5b111e84b3978abeeb80906912a3e2b343abbf0ec6c24c69d50,.json,ACTIVE_AUTHORITY,true
config/additional-family-capabilities.json,22031,f6cfb72cbe2c6b1bbe69df23283825f58a675610138b161584582974b68260bd,.json,ACTIVE_REFERENCE,true
config/bronze-backlog-priority-policy.json,8108,da460468f45de0222a84f4370339ed8866f9f3d808b898eb79386c4efeec3e1d,.json,ACTIVE_REFERENCE,true
config/bronze-current-audit-policy.json,5416,61bb63f5dfa3752a15bf6f7dfec0acd08da36b573d8da3d855c55a8a3472e722,.json,ACTIVE_REFERENCE,true
config/bronze-open-closure-status.json,1303,a00f0a1c7985b29a02aaf6d213ba8bc17d3e984064a6295f80c3e8bca259f032,.json,ACTIVE_REFERENCE,true
config/build-toolchain-security.json,1216,515958234d357b4005a98f0463960b3d9db677b002c0509d6fc9ba853817e0b1,.json,ACTIVE_REFERENCE,true
config/canonical-rule-registry.json,106076,9812750d45c6039c6a942da50255aa565205d3977372ff0682ef2b8f2036bc3f,.json,ACTIVE_AUTHORITY,true
config/change-impact-dependency-registry.json,55472,a56325beaba64e7de2930f3a3f8ab1b75544f8dfc30aae347d1c5c27118abf40,.json,ACTIVE_REFERENCE,true
config/conversation-capacity-policy.json,376,602c86d8a79e6868a23f8deb4deeaa3ddabfef56f1198c23c1cd09b95886a219,.json,ACTIVE_REFERENCE,true
config/deferred-api-integrations.json,3683,4315a79de940ea597737ec0f8788edd6b7a1e6fab877ead7548efd716e30fdcb,.json,ACTIVE_REFERENCE,true
config/delivery-attestation-contract.json,14094,e14ea5827cc880fd9836158499ee418376f2896d9ac93c3b76c1d351d5c3e7bb,.json,ACTIVE_REFERENCE,true
config/delivery-report-contract.json,1098,ba0d9404ef40773fa783d18f8148ce5a4909d84e5cfb60247f73c6846d3b15b9,.json,ACTIVE_AUTHORITY,true
config/document-inventory-policy.json,549,021dbc8bdd9aa9ee962f1b26dd57a35668466503e39dd32f483859224114d895,.json,ACTIVE_AUTHORITY,true
config/documentation-synchronization-policy.json,2240,579f05b38b3ff351e142a3cb97ba9c9931d658255748a5736a58dc50003e6375,.json,ACTIVE_AUTHORITY,true
config/gold-activation-trust.json,416,400237da4a03c29fa3590672ae9bc0d1cea6ef3106eca8e33c800ddaa9ad90d6,.json,ACTIVE_REFERENCE,true
config/in-use-user-data-protection.json,719,a3f06653708df31ed645b24d7f7229b638ffaf3e22bc4a957ea8f5a53ddd16f6,.json,ACTIVE_REFERENCE,true
config/kullanici-arayuzu-dil-politikasi.json,8574,e8d017873600cdda72fdbd282a90cb0828ea2213a8bfa4e4f5acedfc39e3b195,.json,ACTIVE_AUTHORITY,true
config/master-build-ledger-policy.json,3707,8c0224af43fe21fe65975eb747bb3c7a8c148e460f646c95231fb478976b0781,.json,ACTIVE_REFERENCE,true
config/master-build-ledger.json,393542,f7d26d78fed563a66a063f4c23676b9787e73a6c63449d1b927da2ed3a335aa0,.json,ACTIVE_REFERENCE,true
config/mutation-release-readiness-policy.json,5425,b48fcca15e93d7ff864c5a0fca48e39d70518a029f2a670ee1cf9d8eafd669c3,.json,ACTIVE_REFERENCE,true
config/npm-cache-bundle-acceptance-policy.json,417,469d20759856e88239f3c4fdce575a8e10ebc32312fef11144dedadbd918e7b4,.json,ACTIVE_REFERENCE,true
config/npm-ci-policy.json,576,a9caff9af535779de6851249849a3331d8635cb773f18c965dbc02d877d5336e,.json,ACTIVE_REFERENCE,true
config/npm-dependency-acquisition-policy.json,638,fd995599c82626622dc35e0119a9768a232a763b5199ef793ce3011c5d8e6158,.json,ACTIVE_REFERENCE,true
config/persistent-artifact-policy.json,787,163b76bebc4ed67fd378c9169491c0fda8c253321a8a0ddf6ca53719ce397af1,.json,ACTIVE_AUTHORITY,true
config/personal-identity-policy.json,1716,b7ed7ff5e2964404bcb20fa970b836bae647671e8c969b169543b157f1d98379,.json,ACTIVE_REFERENCE,true
config/platform-policy-legacy-bypass-baseline.json,320,9ae11369d9fe2b12a2e2f28eea0e4a0368decf9e6ff94011a2e15bb7867abe24,.json,ACTIVE_REFERENCE,true
config/ppk-015-network-egress-current-ratchet.json,2021,808f1f5e88856e3cf1d558722fc40d4448621f0139a0757c946fb4ce628a4a61,.json,ACTIVE_REFERENCE,true
config/product-lifecycle-policy.json,6379,4b55c12e0a9e82dadf18272943ad5555f73dc631f37f940d8de73a47b47c831d,.json,ACTIVE_REFERENCE,true
config/project-constitution.json,5596,8b06c563f714f511a06fec23a53c0d0cf16ec2a4d4f6010486965323eee0b549,.json,ACTIVE_AUTHORITY,true
config/project-progress-model.json,890,c7d74aa3204594059ad81adb26c7f54af1c1355fbf3b5395c6043b3c2c99230c,.json,ACTIVE_REFERENCE,true
config/protected-side-artifacts.json,492,0d314b4f22d81702d166586b51068f131ab0506df9a602454f3816c77edab5a0,.json,ACTIVE_REFERENCE,true
config/rc2-validation-gates.json,2875,ba6411ea72984939f31f8cef501cdb0b5b7ec15f6b463f47b9a03b9b0b546de4,.json,HISTORICAL,true
config/release-channel-worktrees.json,706,569c2de63a6a12a632f6dbb77ea719fd04d2876dd8e49779caa60efec60a59eb,.json,ACTIVE_REFERENCE,true
config/release-ledger.json,9619,2e09a2de7f53ef1e991e1ed039ec7c6b1c8ba7af267f9b913f78e79130216fc5,.json,ACTIVE_AUTHORITY,true
config/remaining-scope-package-roadmap.json,40996,897ebd9e67865474db13bdc6ba08ade6b62bc02175bb7de24b7956684b55b70e,.json,ACTIVE_REFERENCE,true
config/rule-acknowledgement.json,1459,9d33a47262a12acb41f533a9e0630502e6d361b2bfe1b8a3cb87f1c2738fedc4,.json,ACTIVE_REFERENCE,true
config/rule-enforcement-registry.json,103066,7bdfad83d7d942ff75b005bed13d457bb95824983cc63e6bae11e6998aa89438,.json,ACTIVE_AUTHORITY,true
config/source-preflight-checks.json,15017,0955f9772e0d75368cacf7e2a318706ffa95f4d7f8b4f71950d38442cfb82dbb,.json,ACTIVE_REFERENCE,true
config/ui-visual-reference-manifest.json,7483,b05c44c9b241320f9f23af2bd4f60fcffb0698480449497f360395c5671adaf2,.json,ACTIVE_REFERENCE,true
config/user-decision-ledger.json,151909,0886b09109fdbbd16bfaaeb5bfdaabe2e42ad026239f97ac8b2c6725d242ae70,.json,ACTIVE_AUTHORITY,true
config/work-segmentation-plan.json,154739,41348298e82f2bf2d11dc133f9b55467f49a6ceaa5f85daf06e3bf954fee39d2,.json,ACTIVE_AUTHORITY,true
CONTRIBUTING.md,8606,f6ee8ce1b361a4d8ed7ff4d127aa40835435ba67d71c59cfe6ebe8c23193017b,.md,ACTIVE_REFERENCE,true
COPYRIGHT.md,374,f950f4c8e52e7d1572adda12c9c6b039b2e85c07fbe559f43c9617e9898222ff,.md,ACTIVE_REFERENCE,true
database/migrations/0001_legacy_mvp40_schema.sql,13256,db9f308eb51ec2c5bb8fd8f6099c5faa19ee67c8ab01641108b4b61489e6fd94,.sql,HISTORICAL,false
database/migrations/0002_legacy_mvp40_compatibility.sql,2071,94042acdaeaaeca58f0bfe948a6ca0d426fc19a099d37538f1796531ff483f43,.sql,HISTORICAL,false
database/migrations/0003_database_metadata.sql,268,ec7a4bd4dd573ace03f71afe71146d95e8f27fce03853b8096ae2f44933b23a0,.sql,SOURCE_CODE,false
database/migrations/0004_transactional_outbox.sql,1134,f5edb92cc3d0bac80d2477e4732327198d52dfa91e43b9ab737e3fcf8eef0126,.sql,SOURCE_CODE,false
database/migrations/0005_event_dispatcher_state.sql,306,6c55e3bb51e11f3a3ab7fb29c1aa663655e0446506afe249cecbfeace9e67e48,.sql,SOURCE_CODE,false
database/migrations/0006_trusted_devices.sql,652,ca7c11c05a303a9658b3463dedc3d0c97e92c66d6425a3672a5c294742b0fd25,.sql,SOURCE_CODE,false
database/migrations/0007_authorization_audit_hardening.sql,592,bb8c8a09ef309d025a0ddf4ee8b1d3631b8a7c68a30405c3dfa5ff12c87dcfa5,.sql,SOURCE_CODE,false
database/migrations/0008_membership_collaboration_notifications.sql,937,c9c17fdb7f4fda76eb8e279450fa712c739f2c1f09a97e77342d2c259bbbe433,.sql,SOURCE_CODE,false
database/migrations/0009_health_application_indexes.sql,444,cb052b4466bd37b5d94540d8b5a2c10165c1f84f506c1f0205f96fb764322dc0,.sql,SOURCE_CODE,false
database/migrations/0010_finance_query_indexes.sql,238,834c19a7ebb92464455ac4bf398db8d5bdb508626bddecffef9d40349142585d,.sql,SOURCE_CODE,false
database/migrations/0011_archive_application_indexes.sql,549,2e82c8260d6477d06aa2237276414f5bfd8c611648449ffb5365a8ba0fe52a33,.sql,SOURCE_CODE,false
database/migrations/0012_legacy_application_indexes.sql,614,0f80f4ddef08de5e3ccc4fa5edee782b41aa25b436e59feb23d298aff6bb9bc6,.sql,SOURCE_CODE,false
database/migrations/0013_remove_untouched_legacy_demo.sql,2144,4f3a0908219d80a1aeb39e5d524a029181441195e7c099b0f17475359de7c56e,.sql,SOURCE_CODE,false
database/migrations/0050_household_family_branch_person_membership.sql,5679,16fb32d723abdd8e63af5f0140f1262b7b014838dc03ac2e1bba3de58c9de420,.sql,SOURCE_CODE,false
database/migrations/0051_person_profile_lifecycle.sql,3769,e52ca9b7e3dc1c131aa66ce5a1454f50a3b834804917e01784a0c72b9b7a8db5,.sql,SOURCE_CODE,false
database/migrations/0052_authorization_context.sql,2299,870b5eebc794cae33daa85aa9227a97fe71e02cf675e0c8d4d4fbb58ca154f18,.sql,SOURCE_CODE,false
database/migrations/0053_invitation_lifecycle.sql,1969,883d917b80038da1f72f5e3ad1af5e2a26d4c50005d3e9051559223911875464,.sql,SOURCE_CODE,false
database/migrations/0054_data_repair_center.sql,3265,eae10b1450097080831389ac73d13c70f8bd36b2279ae7b2aecf50431cb4f67c,.sql,SOURCE_CODE,false
database/migrations/0055_windows_hello_registrations.sql,3074,7dd1a6b934f0e4744e6ede179005522709fd188290d6674e1382718a519819ae,.sql,SOURCE_CODE,false
DELIVERY_SUMMARY_TR.md,912,c5f09f281a1e5f2602cc59fafbb9f220ba39455949e22ce1a4a7774a8ee84925,.md,ACTIVE_REFERENCE,true
DEPENDENCY_AUDIT_MVP26.json,366,32fe6da54bd04462f6428439fe78d0e7774dfe0ced0762f037fd43856bc5c21e,.json,HISTORICAL,true
DEPENDENCY_AUDIT_STATUS_MVP41.md,531,86d710f5f7243572593d4cc49aed33041fe52c1232d0e828fd83ab56e169d06d,.md,HISTORICAL,true
DEPENDENCY_AUDIT_STATUS_MVP42.md,438,8e4b33f87cb21e5214f085741f8cbdcf4526d6670f1ace5cc4098ece23c64538,.md,HISTORICAL,true
DEPENDENCY_AUDIT_STATUS_MVP43.md,521,89d834509e2f018df9d510535f02794e8d8f3f4bd4336af9661b3504d4b7f589,.md,HISTORICAL,true
DEPENDENCY_AUDIT_STATUS_MVP44.md,467,442bfb2d1b613616f4162fa8a6f7e09187f4d04fe91491dcb8ae7c22ec3faaac,.md,HISTORICAL,true
DEPENDENCY_AUDIT_STATUS_MVP45.md,551,29889678a84d2e707e8804c34a184dd7f01fb0eb6ca6b954638dfefe8ca65b7a,.md,HISTORICAL,true
DEPENDENCY_AUDIT_STATUS_MVP46.md,750,07296fd507e132e4e457002090951fbab0fab0d51d74a792f22329b9b6005f12,.md,HISTORICAL,true
DEPENDENCY_AUDIT_STATUS_MVP47.md,709,4e975786ead6e64271ada55f1c58fc683f0a4654ad941002c70a46838e4fe66d,.md,HISTORICAL,true
DEPENDENCY_AUDIT_STATUS_MVP48.md,759,3b24c58136f9b48a08dd3db59b5a09ffa45bd78f73e7e310366f648accac4623,.md,HISTORICAL,true
DEPENDENCY_AUDIT_STATUS_MVP49.md,939,115fa74e82ed9ccb2b1986bf205a1741bd33bafd84d6d5ad32b300abb3e52a61,.md,HISTORICAL,true
DEPENDENCY_AUDIT_STATUS_MVP50.md,626,d8a9e951aa4a8991d43194faac5fe25884d6ec8b1d64ada58fc44db782563368,.md,HISTORICAL,true
DEPENDENCY_AUDIT_STATUS_MVP51.md,662,d0a54f91fe566ddf981de37c89d854f7809b41c40508c8ade5be701fba9e24e7,.md,HISTORICAL,true
DEPENDENCY_AUDIT_STATUS_MVP52.md,704,1e59c54d622c65e4b447ee376c82f750af93a25319d3a346b9795b36197957ce,.md,HISTORICAL,true
DEPENDENCY_AUDIT_STATUS_MVP53.md,541,9e13ea5dd6ec5da0e52f91b4e11fc7f337b2de81efcbb3da70848b9c22173bc4,.md,HISTORICAL,true
DEPENDENCY_AUDIT_STATUS_MVP54.md,586,f8d57ab9fd56d3698e720490d4210b38da9807b96f8769ceeb30b6e49e3dbbe2,.md,HISTORICAL,true
DEPENDENCY_AUDIT_STATUS_MVP56.md,430,bb259e160912fc3f1192e9edcea780a0e4a5310f37882431309b90029e141914,.md,HISTORICAL,true
DEPENDENCY_AUDIT.json,366,32fe6da54bd04462f6428439fe78d0e7774dfe0ced0762f037fd43856bc5c21e,.json,ACTIVE_REFERENCE,true
docs/00_SCOPE_FREEZE.md,9196,ac5a349a665a14ff1737d3da4953a352dfafee88d08bf5c0fb09eefcf382ab40,.md,ACTIVE_REFERENCE,true
docs/01_TECHNICAL_STACK.md,10011,39ce80cc9146c8fff90e6a59b96b7c813e019f9673fc1f50ff63864701c508f2,.md,ACTIVE_REFERENCE,true
docs/02_SECURITY_BASELINE.md,10278,5bbe90f5c81aa4e13933d4071984ad600d38a604264619e4e1a5b7ebca1bb8f0,.md,ACTIVE_REFERENCE,true
docs/03_RELEASE_FREEZE.md,985,4689cd368bb3df2e17416259323345b77709d68d8b2a1c5f33e0fb0988e2c652,.md,ACTIVE_REFERENCE,true
docs/03_TEST_AND_ACCEPTANCE.md,10137,9a670d947f4a44335b87d2eae4d5377e3812f4665db0b7fdb984684357baa983,.md,TEST_OR_GATE,true
docs/04_BRONZE_FOUNDATION_GATE.md,840,48349ca2d6106b734316125f3b458b9f23ad6611c8e3d398f6d5a0e7f7e57680,.md,TEST_OR_GATE,true
docs/04_BRONZE_RUNTIME_GATE.md,739,e5af2acd50e4ec6dc97be688db40bdf006e027ad816b6d92f8b88134cb71b4f7,.md,TEST_OR_GATE,true
docs/04_RELEASE_PLAN.md,8058,f439e62adeeb7302b8820bf88cc1379e98aa3290761f53fd253870264be1a220,.md,ACTIVE_REFERENCE,true
docs/05_BRONZE_DATABASE_GATE.md,1609,29c23992ee5d65daba12935908b0d3a2985891494741b26e2866ee7591bc0f9c,.md,TEST_OR_GATE,true
docs/05_DEFINITION_OF_DONE.md,8515,51fba08117837f80e1c1402f335197301accfa80634fe73dad32a7b4bdae9209,.md,ACTIVE_REFERENCE,true
docs/06_OPEN_ITEMS_AFTER_CODING_START.md,24435,654351628e0c341b11e353caa7483c90593fba229445c2678163bb457fd48335,.md,ACTIVE_REFERENCE,true
docs/07_BRONZE_REQUIREMENTS_TRACEABILITY.md,37715,3c59d797560456c45675c15243b0254d8756ee8f2fca27065fc25f48af0189d8,.md,ACTIVE_REFERENCE,true
docs/09_ACTIVE_DEVELOPMENT_STATUS.md,1475,a59f0bb6dfd780699e42543607e9404d5c1c00cb0d99924f7c1ce21f66fcd0dc,.md,ACTIVE_REFERENCE,true
docs/10_MASTER_DECISION_REGISTER.md,132744,6863894577fc789b60c46678633ced9b2f63080472febd139df9b4b518a07d0e,.md,ACTIVE_REFERENCE,true
docs/11_DOCUMENT_AUTHORITY_MATRIX.md,30299,e068d8f477cc71d102eedabae9a02eea2eea1d69c07ccca55d33712c9994279c,.md,ACTIVE_REFERENCE,true
docs/12_PRODUCT_SCOPE_AND_MODULE_CATALOG.md,11359,117d4cb49f0cbfedd1ae705313e4088b703dc4b1aa20381063ad68a1a3427d55,.md,ACTIVE_REFERENCE,true
docs/13_UI_UX_ACCESSIBILITY_STANDARD.md,10635,a92f803797429acad05be0e1f141ed02314c19eb6b0f89336f64121e032c96e1,.md,ACTIVE_REFERENCE,true
docs/14_SECURITY_PRIVACY_BACKUP_STANDARD.md,29752,de3b15f4d78f5a889f2d57eaf296c24ad5ff8158f9430af6dc149a977379a811,.md,ACTIVE_REFERENCE,true
docs/15_RELEASE_VALIDATION_GOVERNANCE.md,11540,4984288dcf1f1b143a54e91db45b1fdcc97af067cfaa5d42e38501f1e8015e6f,.md,ACTIVE_REFERENCE,true
docs/16_STRICT_PRODUCT_LIFECYCLE_POLICY.md,8845,125eead4b3665824dfe6cae12d490bb8f55a446378169abce75992d458cd6cf9,.md,ACTIVE_REFERENCE,true
docs/17_MASTER_BUILD_LEDGER.md,161639,2d16ce98047b10d642ff70b5ded466e2af633fc0d75c3353ec44c8af2932319f,.md,ACTIVE_REFERENCE,true
docs/18_PROJECT_CONSTITUTION_V3.md,1892,c3855ca920075914eb674c539c0e11d1de486caa0669130bda29910a0547ca3b,.md,ACTIVE_REFERENCE,true
docs/18_PROJECT_CONSTITUTION_V4.md,3476,712489368c441fcf8abe103a277bde0fd94c1407df7da846bb7aced14c5b1d2b,.md,ACTIVE_REFERENCE,true
docs/18_PROJECT_CONSTITUTION_V5.json,1328,224eb7a73acde016fe0ee9897af9238ce54c242f9fbe456cdefd3e42c6459e9d,.json,ACTIVE_REFERENCE,true
docs/18_PROJECT_CONSTITUTION_V5.md,2043,1721d92e990c08d949c2b74ba6ff170a502da8d192baa9c0ad8e2676ec59b6b4,.md,ACTIVE_REFERENCE,true
docs/18_PROJECT_CONSTITUTION_V6.json,967,702b4ef775aa2c18f86b5007bdddeb625870cbf985ea0d3da9e4c890b88b6103,.json,ACTIVE_REFERENCE,true
docs/18_PROJECT_CONSTITUTION_V6.md,1304,04df1051c7a60f510334448097eb42ea1e3287cc23321a574dba3fab829f08c3,.md,ACTIVE_REFERENCE,true
docs/adr/ADR-001-modular-monolith.md,539,7e5c14c33f273cc414c6f6788fc2283ed304dc81f27ab2b4aca30642aedd3522,.md,ACTIVE_REFERENCE,true
docs/adr/ADR-002-electron-react-typescript.md,479,5a1dd9e6f5df23d76c19bcb27a4d032aa56eb830058e86f9549f59983f3c65a8,.md,ACTIVE_REFERENCE,true
docs/adr/ADR-003-local-first-data.md,460,b915230b2bfb110f1ef4d70f3e1fde253068ccc00e9d4834986fc9275da7f320,.md,ACTIVE_REFERENCE,true
docs/adr/ADR-004-object-level-authorization.md,437,fbb68470f83289845bf796b695e36629260c91380b2b679cc9498c62d04ea400,.md,ACTIVE_REFERENCE,true
docs/adr/ADR-005-ai-consent-boundary.md,464,376e1853515744d4d9c969680f1bbd451ae46862cbd19b30977f53ed2304f965,.md,ACTIVE_REFERENCE,true
docs/adr/ADR-006-timeline-event-graph.md,430,bba6e5e659a2c5dee4bac943f938f38955e0791b08e839e6c9ade6b03a20b89d,.md,ACTIVE_REFERENCE,true
docs/adr/ADR-007-provider-abstraction.md,395,cc4517ac4aa760c835704c72f90723dfe66a6ec4a5eedf82dbfc6e92e2c94807,.md,ACTIVE_REFERENCE,true
docs/adr/ADR-008-product-identity-and-scope-separation.md,421,b8372cc59d1282519d45e91363e3e439307a96b451013227b9455bb9c2c61153,.md,ACTIVE_REFERENCE,true
docs/adr/ADR-009-release-evidence-honesty.md,419,aa688d97e625ddaa745d8ced99b147430aacd842eff0bd81737a6d799b66b02a,.md,ACTIVE_REFERENCE,true
docs/adr/ADR-010-apple-inspired-ui-typography.md,544,ef37765b351bc9690cd8622a773b06db77ec98f6f809d0f39f4249f35d016f23,.md,ACTIVE_REFERENCE,true
docs/adr/ADR-011-independent-backup-and-device-reauthorization.md,393,9354e5e8e512d5539e30d441f7f338c30c317644b5c644a16d54c59f0ccb31b0,.md,ACTIVE_REFERENCE,true
docs/adr/ADR-012-document-authority-and-decision-ledger.md,472,ab4e1ee8346303a2a5f9cc42e7cbe38552d53f452f0095fb4709eada99b72cc7,.md,ACTIVE_REFERENCE,true
docs/adr/ADR-013-os-protected-device-identity-secret.md,1515,d87f537f34fd0995df803b140bbbd43697e894cc209241cb7fd0cd9b45b21cbb,.md,ACTIVE_REFERENCE,true
docs/adr/ADR-014-os-protected-mfa-secret.md,1478,c3244662e11afae9b776df079ca51abf278ff853ffa49e779130d96e95b8ca2c,.md,ACTIVE_REFERENCE,true
docs/adr/ADR-015-password-protected-full-backup-container.md,1250,323bd1dc6c08dbd59d3c2ddd280c9ffd57e0207137852fe18738813acce96150,.md,ACTIVE_REFERENCE,true
docs/adr/ADR-016-durable-full-backup-restore-transaction.md,2155,c29a9ca0376b73366b2122f480f015fdb44d5756032f08b952a4f8319c0047db,.md,ACTIVE_REFERENCE,true
docs/adr/ADR-017-startup-security-preflight-and-windows-dpapi-proof.md,3100,50e7494062a9b2bfd4d779c4d2b9d6a0da94e5bc839ad3fc055bd5e09df1ae74,.md,ACTIVE_REFERENCE,true
docs/adr/ADR-018-sensitive-finance-health-object-privacy.md,2048,e27738861455ac4c2ba0e3893bf014fe422d8ab8816e52cc3788046301955968,.md,ACTIVE_REFERENCE,true
docs/adr/ADR-019-persistent-accessibility-preferences-and-keyboard-flow.md,1907,fb47c4b1757d3a8ba3a1d33b0c240ddb6fb8c8a0222242b1a08ec2158f859f92,.md,ACTIVE_REFERENCE,true
docs/adr/ADR-020-os-protected-archive-vault-key-and-portable-rewrap.md,2073,55324695f75dfd41c675febbd33e02917d86f9547ab02d7be7419b3ceeefd905,.md,ACTIVE_REFERENCE,true
docs/adr/ADR-021-data-retention-recoverable-deletion-and-purge.md,2518,af856ab3be4749d0e98a085822b11d7b1b1ac61d40f03d4a73a759630c387cb0,.md,ACTIVE_REFERENCE,true
docs/adr/ADR-022-verified-managed-backup-purge-propagation.md,2862,fa03834075978c6de08f318d446edec093c52420e86eddbbd2cba424d5670539,.md,ACTIVE_REFERENCE,true
docs/adr/ADR-023-backup-quarantine-retention-legal-hold-and-destruction.md,2446,08f654c94fad89cfa2591b904762e6ab4a7940f362d9d7a42f06e6e90b1b6846,.md,ACTIVE_REFERENCE,true
docs/adr/ADR-024-external-backup-inventory-and-user-attestation.md,1470,8f93b7f55f8535e17bcc0eb7c3eaf474fbb1a3f802d506751905800b53fc5e75,.md,ACTIVE_REFERENCE,true
docs/adr/ADR-025-signed-external-backup-destruction-evidence.md,2091,0a1ec47632ee79a33a1550b759513b06b626c7ca9dcc4ea83b8c8ae916b47b53,.md,ACTIVE_REFERENCE,true
docs/adr/ADR-026-signed-evidence-key-rotation-and-temporal-trust.md,1110,ad4442046ee61e4b4896f5097f3fa22fda4dc3979e4407dd4fdcea781f0f5d2c,.md,ACTIVE_REFERENCE,true
docs/adr/ADR-027-signed-evidence-revocation-list-and-offline-cache.md,1883,99e0871d5c5641c9f0ca1c593e12efb8259a5288837f34983a292eed5e7059e4,.md,ACTIVE_REFERENCE,true
docs/adr/ADR-028-trusted-revocation-endpoint-and-tls-pin-rotation.md,1578,7ca6013f19fa8028549bc4f212c6573546b63ed4a2739c4865d4bcbd99c7a5d9,.md,ACTIVE_REFERENCE,true
docs/adr/ADR-029-validated-family-data-import-and-controlled-rollback.md,3225,d6b6fa3e806f9bc87e9ea06c75fb00ee73d3d04c59fa55250f04c5bad348b886,.md,ACTIVE_REFERENCE,true
docs/adr/ADR-030-keyset-pagination-and-bounded-rendering.md,1694,5d57a7f5b72632885bd57521035dfe850afd32342df95cb05c54012d81a9d836,.md,ACTIVE_REFERENCE,true
docs/adr/ADR-031-content-addressed-npm-dependency-handoff.md,1396,1a7f8269de6d879da84814e3c36d32fb7117614f72180947c2fb3f8726261bd2,.md,ACTIVE_REFERENCE,true
docs/adr/ADR-032-bounded-bootstrap-and-screen-lazy-loading.md,1529,819661377d1074296a6f66564cd618c5281567885859c92906316c7db14f5d12,.md,ACTIVE_REFERENCE,true
docs/adr/ADR-033-searchable-keyset-entity-catalogs.md,1637,7d9ab2db31deb1340658878947871c31db29729ab6a0e40b7251f3e7bc8d448e,.md,ACTIVE_REFERENCE,true
docs/adr/ADR-034-session-safe-async-state-ordering.md,1341,f1dc71eef9260da943b0afccbcbc55435632fd56e65dad063df7cfc55a01ada1,.md,ACTIVE_REFERENCE,true
docs/adr/ADR-035-request-session-revision-bound-ipc-transport.md,1084,b8c6df49f114e5ac84f2443c8956355f66ae0557bc471b1f8c6794291dd3e89b,.md,ACTIVE_REFERENCE,true
docs/adr/ADR-036-cancellable-ipc-request-lifecycle.md,1899,f261931c5f91675c10f0ad4da3241c8f71d945b5e8bf819708c8e10f15987a4a,.md,ACTIVE_REFERENCE,true
docs/adr/ADR-037-revision-scoped-ipc-read-sharing.md,1525,738eea6eca733b7f41b98bd463f19626eba1b5dd7eb4dba154c779d873990e1f,.md,ACTIVE_REFERENCE,true
docs/adr/ADR-038-privacy-safe-ipc-performance-telemetry.md,637,63f95f17e742df66057a25f9e030853b95de166a39500737c264d00a97d16ea9,.md,ACTIVE_REFERENCE,true
docs/adr/ADR-039-fail-closed-adaptive-ipc-resource-budgets.md,1139,3ad649fc2f71ed6b525a195ccd5c5f838b3a29825b8866a8beca93db44488811,.md,ACTIVE_REFERENCE,true
docs/adr/ADR-040-crash-safe-adaptive-budget-state-and-decision-journal.md,1326,d14d2fa73b90007cee415c74670baf17336a1f53eaab50db66f4973717d51cf7,.md,ACTIVE_REFERENCE,true
docs/adr/ADR-041-authenticated-adaptive-budget-reset-and-privacy-safe-diagnostics.md,1143,4adb5ff6652cf1d1baaaa93ae7e92f69e7bf589878e32b2acb3f75e73dab1d84,.md,ACTIVE_REFERENCE,true
docs/adr/ADR-042-single-use-adaptive-budget-maintenance-sessions.md,1104,8a7ac3812db9f787dd402a8dbc1b327fe98b9755d73860687c3c992c65acb72b,.md,ACTIVE_REFERENCE,true
docs/adr/ADR-043-bounded-maintenance-reauthentication-attempts.md,2187,e09fa875a1cd1964a457bc2a730771ca1bc4a4dacb660fe479f7e3c975952588,.md,ACTIVE_REFERENCE,true
docs/adr/ADR-044-os-protected-maintenance-reauthentication-state.md,2188,bf7461a1758bfaa68a26e3b8434fd4fedddc29079d703e47a8da4bd5f4e1e316,.md,ACTIVE_REFERENCE,true
docs/adr/ADR-045-device-bound-maintenance-reauthentication-state-lifecycle.md,2321,1fa146bb7a747c2b6e7e006e25b237bf849470b139d87b9463e4425119e6b9ac,.md,ACTIVE_REFERENCE,true
docs/adr/ADR-046-authorized-maintenance-lock-recovery.md,2392,43cad909a88ee2f9eca59adce6efdcf76a5d2b9de29c66dbc05db86519c5a33a,.md,ACTIVE_REFERENCE,true
docs/adr/ADR-047-post-recovery-session-termination-and-cooldown.md,643,e3a5d1a38302f8b69331975c1ea3518ef9b45e58f027172f88f1f053aa9bebdb,.md,ACTIVE_REFERENCE,true
docs/adr/ADR-048-account-security-epoch-after-maintenance-recovery.md,1875,04ea2974879858284f06abd97409a5d6ebb8c2f57835609293f775494d6864b0,.md,ACTIVE_REFERENCE,true
docs/adr/ADR-049-epoch-bound-session-device-reauthorization-receipts.md,2470,0f66ac682b276f7373201517f11162bd0f98a8016323bfabb982940eed97fe9a,.md,ACTIVE_REFERENCE,true
docs/adr/ADR-050-dedicated-security-center-menu-and-renderer-boundary.md,2550,984b93a46d057f45fd602f50f3bc7da4a9934dfb21b8a2e2451660ef2151810b,.md,ACTIVE_REFERENCE,true
docs/adr/ADR-051-persistent-signed-security-receipt-history.md,1946,b9fefcd30f3822edc33dcdab1d3f6ed0b94d13ede1aad5af3eb7d68254763a25,.md,ACTIVE_REFERENCE,true
docs/adr/ADR-052-release-channel-menu-color-and-family-relationship-catalog.md,1921,7da987cbaac1a17e7187b477bcf53dda1c684010156a824248f60457f0857fe4,.md,ACTIVE_REFERENCE,true
docs/adr/ADR-053-strict-bronze-development-and-api-deferral-governance.md,1857,702320641fbf2331955f174bf88a20eb2887649830fac47e446b5468368169da,.md,ACTIVE_REFERENCE,true
docs/adr/ADR-054-protected-periodic-revocation-sync-state.md,2161,8bdb7139bca519e09f3d50ce979e175bbd0fa46018bdef809f38c3998840f330,.md,ACTIVE_REFERENCE,true
docs/adr/ADR-055-out-of-band-dual-evidence-root-trust-verification.md,1644,da3442ac7ab98e3ac4adefef6d9f4682102a3bd49429d9e7fb5d337a5cc39545,.md,ACTIVE_REFERENCE,true
docs/adr/ADR-056-automatic-clean-backup-rewrite-and-quarantine.md,1301,8690daafef33ba4558bc8ac4ed1e16757ced7777ef0405fd01f5d67e1846d766,.md,ACTIVE_REFERENCE,true
docs/adr/ADR-057-atomic-clean-backup-rewrite-finalization-ledger.md,1920,e287156c9f89a157a708321bff15fee7b563ba0503ebd8351449c15e39874047,.md,ACTIVE_REFERENCE,true
docs/adr/ADR-058-monotonic-managed-backup-propagation-chronology.md,1521,bf2e9fa9e9337f8811e06d74abeb52e924c40908edc3672a88ed75c90571511c,.md,ACTIVE_REFERENCE,true
docs/adr/ADR-059-linked-clean-backup-rewrite-chronology.md,921,76b6ea043375509764c233841c8e9eb7029cdd03ce28a6b9616cdc0e0f1e5389,.md,ACTIVE_REFERENCE,true
docs/adr/ADR-060-restart-safe-clean-backup-rewrite-recovery.md,1450,b4f036275572d526f7b83476ddb2c0908a52548844a65e9e6790c14030a8f9d4,.md,ACTIVE_REFERENCE,true
docs/adr/ADR-061-rollback-safe-clean-backup-rewrite-claim.md,1679,cf18e074f5f878264775eaa50d1cf928bf3d5d0566e9d679ed28d671fe3d682b,.md,ACTIVE_REFERENCE,true
docs/adr/ADR-062-clean-backup-rewrite-operational-isolation.md,1136,00b8147d2cdc475c28cf20e923e6617be94c502524226279ace43e309ba01968,.md,ACTIVE_REFERENCE,true
docs/adr/ADR-063-monotonic-clean-backup-rewrite-terminal-chronology.md,1242,4a6046d42877ee3e63da8085e8d22ee41a6b24ff47109d90603ba233575ae308,.md,ACTIVE_REFERENCE,true
docs/adr/ADR-064-trigger-aware-clean-backup-rewrite-backoff.md,933,3b3184102ee8ddb110b1ff369a7aca1799109a151b7ebac407abbc08b445c0a5,.md,ACTIVE_REFERENCE,true
docs/adr/ADR-065-manual-clean-backup-rewrite-availability.md,1302,46deb357992d416e96f36144592d94fc6bc5a32d9e763d9c3cd0387e0626ef7d,.md,ACTIVE_REFERENCE,true
docs/adr/ADR-066-running-clean-backup-ledger-owner-identity.md,1125,2f023d850e95a43f7af3f4476a0dcceafaaf4a4cfbcb530166914abf473ba0e9,.md,ACTIVE_REFERENCE,true
docs/adr/ADR-068-immutable-active-clean-rewrite-ownership-snapshot.md,692,aebd2e11eab8eea0a4766acfa5e5b61bb562ab01ae21695e77c84afd50a6053d,.md,ACTIVE_REFERENCE,true
docs/adr/ADR-069-immutable-active-clean-rewrite-policy-parameters.md,480,ea0782d124f95dae7957d6ccdf873b810a7aaa6e74b78b8ab4588bb5d8690a26,.md,ACTIVE_REFERENCE,true
docs/adr/ADR-070-atomic-clean-rewrite-terminal-transition.md,688,6b2cb3105c662d40443a324608f994eb2cdb61efdfbf314503352bd091d6b06e,.md,ACTIVE_REFERENCE,true
docs/adr/ADR-071-terminal-clean-rewrite-chronology-monotonicity.md,276,cad058baf32532a622ad3dbdf5fb63d3aceb2ffa22dd17b00adc282bbcab023c,.md,ACTIVE_REFERENCE,true
docs/adr/ADR-072-clean-backup-rewrite-propagation-outcome-integrity.md,195,dbff2235157466e6a8f3a711f9da635c0c3ad5f69698a44cdf9ad708ffe39260,.md,ACTIVE_REFERENCE,true
docs/adr/ADR-073-clean-backup-rewrite-propagation-status-integrity.md,309,88ec7e7bb7238be1a7cc54da2bf27a8247e61289eccb33eccb56b44079e60f64,.md,ACTIVE_REFERENCE,true
docs/adr/ADR-074-clean-backup-rewrite-propagation-uniqueness.md,254,3d9581572d1eb610de154e65e7021c97fd87ec1d7963d8f5413b1b7f5e279340,.md,ACTIVE_REFERENCE,true
docs/adr/ADR-075-clean-backup-rewrite-propagation-reference-permanence.md,334,58698244baecf713575e6b9954003feb5c8c19d42bec1afe57998c1762145c99,.md,ACTIVE_REFERENCE,true
docs/adr/ADR-076-clean-backup-rewrite-propagation-evidence-immutability.md,698,bd1cef8e906e5903347ebd0f2cdf22f0d2d9e1b12c2c33678d61b44a081117dd,.md,ACTIVE_REFERENCE,true
docs/adr/ADR-077-clean-backup-rewrite-propagation-replace-bypass-protection.md,747,a4dd9e4ccc566a56cf394137d6507546857969bb48fef5ffe85cd4f1ebd69ea2,.md,ACTIVE_REFERENCE,true
docs/adr/ADR-078-master-build-ledger-continuity.md,1236,5a53151fa7cd65379c45ba4028c2b5640b257ddd89b7c0b6722723814247db53,.md,ACTIVE_REFERENCE,true
docs/adr/ADR-079-project-rules-mandatory-startup.md,1356,d89272b93eb4505107f75925d66111421dd483c5b4485c103bdaa3ad1228873e,.md,ACTIVE_REFERENCE,true
docs/adr/ADR-080-conversation-context-capacity-handoff-gate.md,1578,37ddf95cb70ab5e20dcd5f38db4a748847c5d67e4a77c6ae8fbe3b0fd0c513e7,.md,ACTIVE_REFERENCE,true
docs/adr/ADR-081-project-constitution-v3-governance.md,925,d8610e20770da5233fa6b5843471b7f90532dd17f14e6a1827ae282df81aabcb,.md,ACTIVE_REFERENCE,true
docs/adr/ADR-082-secure-onboarding-user-data-vault.md,769,bdfcd5416d8e62a79248cea185bdb9c79f7049c32785f844d69ce9a555be8f57,.md,ACTIVE_REFERENCE,true
docs/adr/ADR-083-clean-backup-terminal-ledger-immutability.md,1523,decadd2f9ceec0adf6de513e56ae770b73051abc857c4400db13808cee7eab14,.md,ACTIVE_REFERENCE,true
docs/adr/ADR-084-clean-install-external-access-handoff.md,579,81301336d136d6fe907141b3090f15222b3583b20bcc9fd3718106cbcb66bbd4,.md,ACTIVE_REFERENCE,true
docs/adr/ADR-085-approved-ui-visual-baseline-hash-pinning.md,863,07d6df3dd9d760aa692d6330bc6725d431f203b10fa1d7d32b2df02da2a01bba,.md,ACTIVE_REFERENCE,true
docs/adr/ADR-086-memory-resident-sqlite-windows-efs-staging.md,1649,683529ee550241fa548b393ec4108afec9b5fa288bb3bf43d01c3d744f3165be,.md,ACTIVE_REFERENCE,true
docs/adr/ADR-087-protected-side-artifact-boundary.md,1900,362119d6848263024af1b0dac4de56139333dd7f4a230a61b71b549e7079702b,.md,ACTIVE_REFERENCE,true
docs/adr/ADR-088-pr171-stepwise-validation-persistence.md,994,7a9c433203a884825b3dd54401ebd9a7d7a6c964aefae51f121f624b9af71637,.md,ACTIVE_REFERENCE,true
docs/adr/ADR-089-real-windows-efs-dpapi-packaged-evidence.md,2030,38673e81cb48fd624d572e1b0321d16fd451ce50d0b54bdf4b519614ce25f786,.md,ACTIVE_REFERENCE,true
docs/adr/ADR-090-windows-evidence-intake-and-source-binding.md,2212,6de1b5de2b86d94e9e9951384b0b124a056a988964a19bfdbcd052d8e5c6e508,.md,ACTIVE_REFERENCE,true
docs/adr/ADR-091-open021-efs-only-real-windows-proof.md,925,f7c882ac1eee13c5f049f3a0ee38a9dc6fdc2fcab8d9075896c091830e888032,.md,ACTIVE_REFERENCE,true
docs/adr/ADR-092-open022-dpapi-protected-side-artifact-proof.md,1356,69394ed66454b4fd52a3de49638f961e3fa69bb99a57246a7530dd71951a06c7,.md,ACTIVE_REFERENCE,true
docs/adr/ADR-093-unified-bronze-windows-security-lifecycle.md,1548,4030da54f2241346d4fca1a5ee7c83efde4ad778f3bef3d12b0acad84eb10f72,.md,ACTIVE_REFERENCE,true
docs/adr/ADR-094-windows-packager-bootstrap-and-ps51-evidence-encoding.md,849,e44eed43575e46625220b698ad0c622f417299778b0c697bda1ef1675be5272f,.md,ACTIVE_REFERENCE,true
docs/adr/ADR-095-workspace-package-build-before-windows-package.md,1019,85553cb48df0c8fc56898fe91030735a268ddf68d6c3f90227e225a60d615798,.md,ACTIVE_REFERENCE,true
docs/adr/ADR-096-preload-global-lifecycle-typing.md,1015,01b1ca1d290f4ec5b1df9eaa7ce8f5dc087c21701d28ac5cd374c84892d1cb4a,.md,ACTIVE_REFERENCE,true
docs/adr/ADR-097-preload-commonjs-staging-graph.md,942,59152e60321df8fd18d01da966ab2c4679ab4e1a084712fffec9268f072a61c6,.md,ACTIVE_REFERENCE,true
docs/adr/ADR-098-deterministic-nsis-license-source-sync.md,1200,3a0dd7c8b6fcdd35071f15e25c141ba06ac8188569b86f8f66049b13d4139ebc,.md,ACTIVE_REFERENCE,true
docs/adr/ADR-099-fail-closed-windows-efs-safestorage-startup-evidence.md,1811,ce2c1bdfdaa1f00af7216e78c881e5eb204efbb5cfe605ec9a17a7ded6ff5eb9,.md,ACTIVE_REFERENCE,true
docs/adr/ADR-100-platform-actual-conversation-capacity-gate.md,601,b6128c610fcf2fb6be386354e6bac79d0683ce3aa3e54efc0c937468c7d348d5,.md,ACTIVE_REFERENCE,true
docs/adr/ADR-101-protected-device-identity-before-device-bound-maintenance-restore.md,1549,85ad7f3a54ddd799e7fe764ec5bce63cc0c7defc54cd33b715c78482906e8cc9,.md,ACTIVE_REFERENCE,true
docs/adr/ADR-102-build227-windows-persistence-and-closure-remediation.md,1875,02fd36eb5306cf5db2871995103fe5033f621a49290628d9adda55066ec141e6,.md,HISTORICAL,true
docs/adr/ADR-103-build227-evidence-bound-bronze-open-closure.md,741,efb8d3b8e6acf484562103c24382a1651d0b310e82e366920142f74d29bb4b70,.md,HISTORICAL,true
docs/adr/ADR-104-monthly-channel-release-identity.md,392,ee6f83bff7e2eb957b4bb77c413230224aa9e21ef0d52e4c8de34c78764162d0,.md,ACTIVE_REFERENCE,true
docs/adr/ADR-105-platform-policy-kernel.md,413,b068097006d471a6f486b65e038dfabc71de90fa31e5aa05a2fd174329213e96,.md,ACTIVE_REFERENCE,true
docs/adr/ADR-106-headless-core-service-boundary.md,370,4efae7039d7699c445a8a032779a33ef055d12d5f2731d027b0716f8cf262e03,.md,ACTIVE_REFERENCE,true
docs/adr/ADR-107-adaptive-ipc-maintenance-strong-reauthentication.md,1732,700d3da7063749ef0850e259e81c9f82be80173abf84eb0dabb411a959cbbbb2,.md,ACTIVE_REFERENCE,true
docs/ASYNC_STATE_ORDERING_V1.md,2059,3721d5e41f76c0f5fbda2e832cd4374edb0d2fe243f0df591338e9120d973448,.md,ACTIVE_REFERENCE,true
docs/audit/29-D2-A_ENVANTER_GIRDI_KILIDI.md,1068,24bb959d8cda8752ca58f139b414040e9d3c0b044877a1d95754ba1ed29da412,.md,ACTIVE_REFERENCE,true
docs/audit/29-D2-B_AKTIF_TARIHSEL_BELGE_ENVANTERI.md,621,7d04f06667fb52c2407977e9a8c9f4f149a49325398a681c71bd1f9fa102fbb7,.md,ACTIVE_REFERENCE,true
docs/audit/29-D2-C_YAZISMA_BUILD_KARAR_CAPRAZ_ENVANTERI.md,957,a7af817b81e64b05ceb660022c4ff978642b792c3b30b6078a96f2a541eb326e,.md,ACTIVE_REFERENCE,true
docs/audit/29-D2-D1_BIRLESIK_ENVANTER_TASLAGI.md,1512,a5cd713c0a02d7a1cfb006b714eafa0bb152d4fd1d86db5c9703849c4c2bf4d2,.md,ACTIVE_REFERENCE,true
docs/audit/29-D2-D2_BAGIMSIZ_KAPANIS_VE_CELISKI_KAPISI.md,821,a9141fb649f8a96172bc209fc19648c5e46f24947253b2c44fc221be3d2f1788,.md,ACTIVE_REFERENCE,true
docs/audit/29-D2-D3_29-D2-D_UST_ADIM_FINALIZASYONU.md,852,d886468c0b0bbc2146881db8faac87095f56dc5e1a49316c1a36da3ef14f8bec,.md,ACTIVE_REFERENCE,true
docs/audit/29-D3_KURAL_BOSLUGU_VE_CELISKI_ANALIZI.md,1043,5a81767ec42960a1a4e60b9192f46746e1b4bdacd6aea1f607b06b97318b2e85,.md,ACTIVE_REFERENCE,true
docs/audit/29-D4_PROFESYONEL_TEKNIK_DEGERLENDIRME.md,3334,f838506378e0fe8d9fd2cdec4b2181da9c7f98dee0cc0fb4165e8168ec8dedda,.md,ACTIVE_REFERENCE,true
docs/audit/29-D5_KAPSAM_VE_GERCEK_ILERLEME_RAPORU.md,2063,bc1d30d879a6e2fb0d2c7376f4eb1b4416ef47618309686a03928bfcfb4fbc9f,.md,ACTIVE_REFERENCE,true
docs/audit/29-D6_29-D_GOVERNED_FINAL_KAPANIS.md,1484,8b71562b60703b39bfebdf0cf81acc151304630e2a0b93c3946ff36d2c979445,.md,ACTIVE_REFERENCE,true
docs/audit/29-E1_HEDEFLI_TEST_GUVENLIK_KAPISI_ENVANTERI.md,987,dec0e35055d8a6258e6c9acd6c8273411682a3fcaae06cd1078672929f34deaf,.md,TEST_OR_GATE,true
docs/audit/29-E2_AKTIF_HEDEFLI_TEST_VE_GUVENLIK_KAPILARI.md,909,40c62cd8184050e6e38665029a6422de244ae8b9a729bef10262f5adc310e100,.md,TEST_OR_GATE,true
docs/audit/29-E3_BAGIMLILIK_DESTEKLI_TYPECHECK_TEST_BUILD.md,1217,12fc9a51186761b56bfbd0625a381a5100fb09ebb84fd34e72e53ec510285106,.md,TEST_OR_GATE,true
docs/audit/29-E4_29-E_GOVERNED_KAPANIS.md,1357,b99e36b68fc0555e0af2b9429664ce0d3f0a2349630563bd85dc8accfcf088f7,.md,ACTIVE_REFERENCE,true
docs/audit/29-F_BELGELER_DETERMINISTIK_PAKET_EXACT_SOURCE_LIBRARY_KAPANISI.md,1638,af659503742d835b8866245f63293b98c138a3318f66a3e3133af28142c800ca,.md,ACTIVE_REFERENCE,true
docs/audit/30-Q_PPK-002_KRIPTOGRAFIK_GUNLUK_KANITI_VE_GERI_DONUS_CAPASI.md,2365,47aca2cd608fc0f51392525820c36787267ba3264ca07405a43948fcfac3b51b,.md,ACTIVE_REFERENCE,true
docs/audit/30-R_PPK-002_ARSIV_CEKIRDEK_TABLO_RECEIPT_FENCE.md,2327,f289f056c9e4dbb5fdd85272b6272e724ba10c6b0f8932ff0b913d7606870e3a,.md,ACTIVE_REFERENCE,true
docs/audit/30-S_PPK-002_ARSIV_YARDIMCI_TABLO_VE_ETKINLIK_EK_RECEIPT_FENCE.md,2337,6a1ce1bbd411fcf46f33092d838874912fa39aec861bc080228363921164e832,.md,ACTIVE_REFERENCE,true
docs/audit/30-T_PPK-002_YENI_KORELASYON_ISLEM_IDEMPOTENCY.md,2985,32ba4da2b04533c9d878c46859ddef6bd69f98a2f64be5829ff214b52c12d219,.md,ACTIVE_REFERENCE,true
docs/audit/30-U_PPK-002_KALICI_BEKLEYEN_ISLEM_KIMLIGI_KURTARMA.md,2940,5d75daa10a8161250b6dea39b080142e2fb12123a1fc9b5af9adfb18bc6d6272,.md,ACTIVE_REFERENCE,true
docs/audit/30-V_PPK-002_REPLAY_REZERVASYONU_TEMIZLEME.md,1392,57ddea063d9ff76469997d1166cc5cede569bd4968d1b7f309500b8018473b62,.md,ACTIVE_REFERENCE,true
docs/audit/30-W_PPK-002_FINANS_POLICY_ENFORCEMENT.md,1244,40f842fd36a20db2e6405779d9193d9f7409e84919999f92c5fdda7bb9a43ee3,.md,ACTIVE_REFERENCE,true
docs/audit/30-X_PPK-002_SAGLIK_POLICY_ENFORCEMENT.md,933,e73243bd716be127a2a9d5c467ecf90fde44974e5b07acb4cb4b4c79fd9f6a61,.md,ACTIVE_REFERENCE,true
docs/audit/30-Y_PPK-002_LIFE_POLICY_ENFORCEMENT.md,973,a5919eae7e4f7e634bb722720a9cd4b9bf4c3973c04cc5b69a223dbe353d26b6,.md,ACTIVE_REFERENCE,true
docs/audit/30-Z_EXTERNAL_USB_LIBRARY_RECEIPT.md,1322,662940398dc743d46face8a13558397b0252de5494439be8651fbbda14ba5be5,.md,ACTIVE_REFERENCE,true
docs/audit/30-Z_PPK-002_LOCATION_POLICY_ENFORCEMENT.md,1161,1ce756e56a91120db5d2d999622a6da93e36342c7dc4296c3ac1f157c0f1e5cc,.md,ACTIVE_REFERENCE,true
docs/audit/31-A_PPK-002_TIMELINE_EVENT_POLICY_ENFORCEMENT.md,1125,34955921b17ca472ed4b1b95c2a525f34a537416ff0bf926843a4560db860902,.md,ACTIVE_REFERENCE,true
docs/audit/31-B_PPK-002_FAMILY_DATA_IMPORT_CENTRAL_AUTHORIZATION.md,1335,b39136317c49c96d907514b85c890ba36d36f6a308e8eaec9a7af9be14239adc,.md,ACTIVE_REFERENCE,true
docs/audit/31-C_PPK-002_FAMILY_IMPORT_MULTI_POLICY_RECEIPT_BATCH.md,1743,8202d561dd3d0fd5ac946340af9f5b3b2c2885c735a0eb7bda0c2b26aefb411c,.md,ACTIVE_REFERENCE,true
docs/audit/31-D_PPK-002_FAMILY_IMPORT_REUSED_LOCATION_READ_RECEIPT.md,1732,23488739e76b542beb6f22f5197943c89f83ecf1083ba26fc464fb27f47454d5,.md,ACTIVE_REFERENCE,true
docs/audit/31-E_B0-02_USER_VISIBLE_RELEASE_BOUNDARY.md,926,bf113e83d4a50cf4bcf93a1368e2e21a0626553bd443f42f40180c9f4bd813ac,.md,ACTIVE_REFERENCE,true
docs/audit/31-F_PPK-002_FAMILY_IMPORT_CREATED_LOCATION_LINKED_EVENT.md,1185,13bb59e87114c4283025cf1ee5fbf79e9e1fe925a5d654aefd27683d0d87d26a,.md,ACTIVE_REFERENCE,true
docs/audit/31-G_MAIN_STRUCTURE_CORE_SERVICE_API_FOUNDATION.md,2064,fd3dd1a7a5eeb77342c3aa5f153eb86baf365fbf047959d6ef8df0b15efc18df,.md,ACTIVE_REFERENCE,true
docs/audit/31-H_CORE_SERVICE_FAMILY_DATA_SESSION_OWNERSHIP_CONTROL_PLANE.md,1560,c29f593061bcb6fc61a80bd274b77e6beed2b62c0fc3b64d4cfa2f537fdf0fb1,.md,ACTIVE_REFERENCE,true
docs/audit/31-I_HEADLESS_DEVICE_SECRET_PROTECTION_BOUNDARY.md,1097,649e21602161e63f38015f1b922f5d9686d8a863675f64cf6a2f8fadf9d5bb46,.md,ACTIVE_REFERENCE,true
docs/audit/31-J_FAMILY_DATA_COEXISTENCE_DEFAULT_DENY_CUTOVER_GATE.md,1660,92930e00815c615ff274b71471fd45c1389538bc2db733670fff49b4bbcb4ed0,.md,TEST_OR_GATE,true
docs/audit/31-K_MONOTONIC_CUTOVER_READINESS_EVIDENCE.md,2167,bdf22128d08ea1990cec8bb15ec6d2fcf999d1f7be6d0878228aa958bf3de3d3,.md,EVIDENCE,true
docs/audit/31-L_PROTECTED_CUTOVER_READINESS_JOURNAL_PORT.md,1332,39b50f910429b204e66fb7176243bd9458a4f6f997790bfc7aef005b1f3bd4ec,.md,ACTIVE_REFERENCE,true
docs/audit/31-M_SIGNED_CUTOVER_READINESS_EVIDENCE_VERIFIER_BOUNDARY.md,1454,31b92881b03198b7c6c5381c8960724de8b840c24fd5b4cc1e15c4e4e551d315,.md,EVIDENCE,true
docs/audit/31-N_SYNTHETIC_SINGLE_WRITER_PROOF_HARNESS.md,1566,6c68d1ccbe177de126f41d852bd7cae671f9e771c8c32335b321798a55611fa1,.md,ACTIVE_REFERENCE,true
docs/audit/31-O_SYNTHETIC_KEY_LIFECYCLE_PROOF_HARNESS.md,1725,2625563e8dee4768de6e8a08bf6bcc18ee33a0395b4af7f6b55cbfc9f0ff4038,.md,ACTIVE_REFERENCE,true
docs/audit/31-P_SYNTHETIC_ROLLBACK_RECOVERY_DRILL.md,1807,0eb040ceac3b30571190d012fd417dc1106d1a6709cd1929c7a5e53212d28df5,.md,ACTIVE_REFERENCE,true
docs/audit/31-Q_END_TO_END_SECURITY_EVIDENCE_AGGREGATOR.md,1625,fb11d3ab7410a3e734ad213bf850f38abeb2e7ed4b87971ee065a6bca5c3bc6e,.md,EVIDENCE,true
docs/audit/31-R_EXPLICIT_USER_APPROVAL_RECEIPT_BOUNDARY.md,1855,7e4d46d8814f8103b16312243c3f083b2b593115e489ce299544cb2172102147,.md,ACTIVE_REFERENCE,true
docs/audit/31-S_VERSIONED_CUTOVER_DECISION_PREFLIGHT.md,1943,97ac01eca3961ae1d2cc235f6596891626aabc0bcb314ec852ea4a4022ba3b32,.md,ACTIVE_REFERENCE,true
docs/audit/31-T_PPK-002_FAMILY_IMPORT_GOVERNED_ROLLBACK_RECEIPT_FENCE.md,1349,be2dc8fb3bcf7c138aa9afe92e9577b36fd55dac116f07957462114749fc3d9f,.md,ACTIVE_REFERENCE,true
docs/audit/31-U-W_PPK-002_KALAN_TEKNIK_SINIRLAR.md,1455,5fcc8945549a8398b180ceded3e142702ff1de4b0682f2393cfea92eb2ba272b,.md,ACTIVE_REFERENCE,true
docs/audit/31-X_PPK-002_UST_KAPANIS.md,1596,cff991e438c00afc6519958c71dbe36d915345cc686d4e348f9b1931399ef970,.md,ACTIVE_REFERENCE,true
docs/audit/31-Y_PPK-003_VARSAYILAN_RET_UST_KAPANIS.md,1618,934344e25337fbd2f7dffdfb2b0e115d6608f124c2b5ad1fa8314c75cd04b919,.md,ACTIVE_REFERENCE,true
docs/audit/31-Z_PPK-004_TAM_POLITIKA_BAGLAMI_UST_KAPANIS.md,1854,69adde5ac5e4de83c0617d57fc3b833d4b904c1d161774c910296c17966bce7b,.md,ACTIVE_REFERENCE,true
docs/audit/32-A_PPK-005_VERI_SINIFLANDIRMA_UST_KAPANIS.md,1850,7f1655c3c120871fa37a85830f6fe1dfb655b6d3a531924c49530b4404c2e986,.md,ACTIVE_REFERENCE,true
docs/audit/32-B_PPK-006_POLITIKA_YUKUMLULUKLERI_UST_KAPANIS.md,2048,562c80c5967f030938011a4e735dde5c3d0da61d8c4237dea501621fb8fed670,.md,ACTIVE_REFERENCE,true
docs/audit/32-C_PPK-007_IMZALI_SURUMLU_POLITIKA_PAKETI_UST_KAPANIS.md,1919,26efca84df2fa9f28f24f7747361908aeb2636797705a2132428b6d7f1a01e04,.md,ACTIVE_REFERENCE,true
docs/audit/32-D_PPK-008_UYGULAMA_KIMLIGI_CIHAZ_SERTIFIKASI_UST_KAPANIS.md,2034,d6df9c56a380f16c6968407af207412c7a05e992ff6042ea3033666664878e33,.md,ACTIVE_REFERENCE,true
docs/audit/32-E_PPK-009_CORE_SERVICE_POLITIKA_YENIDEN_DEGERLENDIRME_UST_KAPANIS.md,1646,b57908d0452ad594f8f6111dc87919ace45d55ac85a44e96706da5ad2f9cbeec,.md,ACTIVE_REFERENCE,true
docs/audit/32-F_PPK-010_MERKEZI_POLITIKA_SIFIR_ISTISNA_UST_KAPANIS.md,1636,bfd973fabedd03ca7aaab82c1cf8ada3d2f1f6b55ecd91d825fb951e035fcb41,.md,ACTIVE_REFERENCE,true
docs/audit/32-G_PPK-011_BAGLAMSAL_SAHIPLIK_ORANI_UST_KAPANIS.md,1742,358f5fa1ebe3478ee1af28644c70abb5cdbdb69565c1b3a5f89ac229bcc1386f,.md,ACTIVE_REFERENCE,true
docs/audit/32-H_PPK-012_CEVRIMDISI_CAPABILITY_LEASE_UST_KAPANIS.md,1801,1321de970ccd1b6fc4d2ca370f2d78f24867b52c389fc3df3d1be0e6a12572cd,.md,ACTIVE_REFERENCE,true
docs/audit/32-I_PPK-013_ISTEMCI_VERI_ERISIM_UST_KAPANIS.md,2574,0f86792a20e5e55635bbd512e4b491d40877558efb96b6fbe6f239db0939b22f,.md,ACTIVE_REFERENCE,true
docs/audit/32-J_PPK-014_SURUMLU_CORE_SERVICE_API_UST_KAPANIS.md,2734,9c0c7cf65cbd992faddf941b0c8b1910bcd1adfb4bd3ae67ad8643c5614943b8,.md,ACTIVE_REFERENCE,true
docs/audit/32-K_PPK-015_NETWORK_EGRESS_POLICY_UST_KAPANIS.md,2678,bd1590f8cb513bd5c59eda0f87f8c0a947f4716d079db58a23ff2ba9e518c326,.md,ACTIVE_REFERENCE,true
docs/audit/32-L_PPK-016_TURETILMIS_VERI_POLITIKA_MIRASI_UST_KAPANIS.md,13282,19013b0e06c66c02d90ee4e15c43db90db28bbeccb717567109f23ddc19fe6ac,.md,ACTIVE_REFERENCE,true
docs/audit/32-M_PPK-017_HASSAS_LOG_POLITIKASI_UST_KAPANIS.md,3531,34eff54edc0b2b83ab06ad6f7c3052c476238455d7654963c737f6b70ba89508,.md,ACTIVE_REFERENCE,true
docs/audit/32-N_PPK-018_DEGISMEZ_POLICY_KARAR_AUDIT_UST_KAPANIS.md,3898,3f2ab87dfe1e986895ecd7021fcd2a98d8f5a2774946a4aac6881be167500c0c,.md,ACTIVE_REFERENCE,true
docs/audit/32-O_PPK-019_KAYNAK_SILME_RETENTION_YAYILIMI_UST_KAPANIS.md,3772,71dbf174812b097f8fbf6fe65e487247c08e88920c272c527e7f19aac99c2340,.md,ACTIVE_REFERENCE,true
docs/audit/32-P_PPK-020_COK_PLATFORM_POLICY_CONFORMANCE_UST_KAPANIS.md,3691,bf4567c277a844c1db7e287f36a843b7fdbc0e5e6684be507b18f482e6bb7582,.md,ACTIVE_REFERENCE,true
docs/audit/32-Q_PPK-021_PLATFORM_POLICY_AST_FAIL_GATE_UST_KAPANIS.md,4242,e11d7ea936bc618ee0f899f863308f6a1b8a5e6f708cdcea28083197e9bb64ef,.md,TEST_OR_GATE,true
docs/audit/32-R_PPK-022_CAPABILITY_MANIFEST_BUILD_RUNTIME_GATE_UST_KAPANIS.md,4309,98691ccac0429c11286fae10991e658d1fe0e3b7bc1fc9477e9381b4a16c02b9,.md,TEST_OR_GATE,true
docs/audit/32-S_PPK-023_UYGULAMA_GUVENLIK_PROFILI_UST_KAPANIS.md,2924,b93ddf33428e1d75808445824825d46119fc674aacc44ddf6989ccfb8d912abe,.md,ACTIVE_REFERENCE,true
docs/audit/32-T_PPK-024_POLICY_SERVICE_AVAILABILITY_UST_KAPANIS.md,2848,fe369e00ec417df44feeab6b90ee9585fb8a9032f0a46900916e78da88e15373,.md,ACTIVE_REFERENCE,true
docs/audit/32-U_PPK-025_SOFTWARE_SUPPLY_CHAIN_UST_KAPANIS.md,6041,6d990b7a4697730ced59d477e3015ab4869bcdc78ba7038dc42d11bb85a74df9,.md,ACTIVE_REFERENCE,true
docs/audit/32-V_PPK-026_TYPED_POLICY_SDK_UST_KAPANIS.md,1885,3da97602decf30fa61fa6af6243e5ed82e21578f5d46a28e5dba4dd1dbbe246c,.md,ACTIVE_REFERENCE,true
docs/audit/32-W_B0-03_B0-04_PRODUCT_SURFACE_GOVERNANCE_UST_KAPANIS.md,2108,abf41d6acb9ffc590c338068631c6f4f31a5d5627861d2c0413f06c314f5b9b8,.md,ACTIVE_REFERENCE,true
docs/audit/32-X_B2-03_B2-04_DESKTOP_SECURITY_UST_KAPANIS.md,2406,0f156ee5f31964de90f6ec438b5ffc7b3e5a9f0c5d954317c4b58e465fb6b94a,.md,ACTIVE_REFERENCE,true
docs/audit/32-Y_B2-05_B6-03_SENSITIVE_DATA_CONSENT_UST_KAPANIS.md,2582,ce83a24c22b17d68f1ad94fce33542beb05babec729540699a314a74868d74a5,.md,ACTIVE_REFERENCE,true
docs/audit/32-Z_B4_BANKING_FOUNDATION_UST_KAPANIS.md,3138,2f262f6d20e602fa060985ba38e1a422ab0d25659e2337270e457ffbcbd95632,.md,ACTIVE_REFERENCE,true
docs/audit/33-A_B4_PAYMENT_CARD_MANAGEMENT_UST_KAPANIS.md,3025,eb3773c01d16f367b33ee70da62569182f4f6f8e147b900a23b391b2e9783b7c,.md,ACTIVE_REFERENCE,true
docs/audit/33-B_B4_LOAN_MANAGEMENT_UST_KAPANIS.md,3179,f9a85fd72963beef1c4bed3a771891f8fcf09ed79c579048c6e92b4fe4d02b8a,.md,ACTIVE_REFERENCE,true
docs/audit/33-C_B4_FINANCE_PLANNING_PORTFOLIO_ANALYTICS_UST_KAPANIS.md,3643,670a42649dcd6c1bd6f6e4afcc36d5aa26387c05aa97a084260c4e89b1d6ca46,.md,ACTIVE_REFERENCE,true
docs/audit/33-D_B4_CONTROLLED_IMPORT_OPEN_BANKING_UST_KAPANIS.md,3932,ae2c354216f0009bae17bbda91c29644f89f4ab6525ed1d2f65027764740b47d,.md,ACTIVE_REFERENCE,true
docs/audit/33-E_B5_CATEGORY_LIFE_HOME_VEHICLE_UST_KAPANIS.md,2057,d0fd98ae1e842cfd76069a23d8ae17809938c4e6f3ac740b090582a722d34e15,.md,ACTIVE_REFERENCE,true
docs/audit/33-F_HOME_INVENTORY_UTILITY_BELONGINGS_UST_KAPANIS.md,3585,8ff6352c3e18869dd03eaabf978802db5e689e84431a187670b32a75a34be3f6,.md,ACTIVE_REFERENCE,true
docs/audit/33-G_FAMILY_EMERGENCY_PLANNING_UST_KAPANIS.md,2259,3e18ce12d6150453bd60088524b30d26359b11a5c9af1b0410c9a448f0ce5d38,.md,ACTIVE_REFERENCE,true
docs/audit/33-H_FAMILY_EMERGENCY_PREPAREDNESS_UST_KAPANIS.md,1661,0f95d4dfc2d1811eb03a79910173b73edd8e68e0e2f2c90d596e82a63138fa73,.md,ACTIVE_REFERENCE,true
docs/audit/33-I_FAMILY_EMERGENCY_ASSISTANCE_CARD_UST_KAPANIS.md,2526,4fd3329e963eae1d9103933061681d4c1d7d20f3007d2b3427cdd9467fbfcbba,.md,ACTIVE_REFERENCE,true
docs/audit/33-J_FAMILY_EMERGENCY_CARD_PORTABILITY_UST_KAPANIS.md,3051,a87efdef3781e9c781e0d5a04177e52a7a195c7303d825f7eb890f258f69ec49,.md,ACTIVE_REFERENCE,true
docs/audit/33-K_PRIVACY_CONSENT_LOST_DEVICE_CONTROL_UST_KAPANIS.md,2628,5d4cc2f81d759df90d05df148b1b94a2a161520dbfa3543aefad4f4f735f1ae8,.md,ACTIVE_REFERENCE,true
docs/audit/33-L_LONG_TERM_PORTFOLIO_UST_KAPANIS.md,4289,7638435730618829802d96415a70bbfbb45ea35c7c89f098d4cae99b389a4663,.md,ACTIVE_REFERENCE,true
docs/audit/33-M_ACCESSIBILITY_PREFERENCE_CENTER_UST_KAPANIS.md,971,35b80c09159a1a76c4d60e4f0fca112dd35c1393a959ee43f88de6223783069d,.md,ACTIVE_REFERENCE,true
docs/audit/33-N_DRAFT_ASYNC_STATE_UX_UST_KAPANIS.md,901,15ddd5947ffe1bba612e7b549bf9d86518783068d9702556362266af83904845,.md,ACTIVE_REFERENCE,true
docs/audit/33-O_PRIVACY_OWNERSHIP_DATA_RIGHTS_INCIDENT_CONTROL_UST_KAPANIS.md,987,4cd24ea813d5ff57aa2c73919304b5e63804dbe2386b88395827029d564c95cc,.md,ACTIVE_REFERENCE,true
docs/audit/34-L_BRONZE_FINAL_LOCAL_CLOSURE_AUDIT.md,3067,4deaffd576d1c022a226825102fd83340c018e8c351f8aa96c1c905cb80c8ffe,.md,ACTIVE_REFERENCE,true
docs/audit/BRONZE_CURRENT_COMPLETION_AUDIT.md,11043,9d2b5012ea653d12e42d874c5ad132a697de42693ed80a62dd4483fb8dcf6775,.md,ACTIVE_REFERENCE,true
docs/audit/PPK-002_FAMILY_DATA_IMPORT_POLICY_LOCAL_CONTINUATION.md,1578,d7b91924d03fdfa6d30ae9659cdb83d73116e485d032d24829e75ddb9c52e308,.md,ACTIVE_REFERENCE,true
docs/audit/PPK-002_TIMELINE_POLICY_LOCAL_CONTINUATION.md,2551,a06e3cd7040bbc36c3a933cbd664e067120311624d8f5aff2bc6e4101cb9e05c,.md,ACTIVE_REFERENCE,true
docs/AUTOMATIC_CLEAN_BACKUP_REWRITE_V1.md,2165,b57ef020be7ac76000b32f55468157f88699c97274d3dc4cf96a0626524a760b,.md,ACTIVE_REFERENCE,true
docs/BOUNDED_BOOTSTRAP_AND_LAZY_LOADING_V1.md,2003,6860c9f18194b8590c14875b9fbc7ed358ceaf56be4d1a68bb53f06daa59f73c,.md,ACTIVE_REFERENCE,true
docs/CLEAN_BACKUP_REWRITE_ACTIVE_OWNERSHIP_SNAPSHOT_V1.md,921,149e00b3b81144a05792450566fe28dfd41fa75d42f33f93314a21f16babcbb3,.md,ACTIVE_REFERENCE,true
docs/CLEAN_BACKUP_REWRITE_ACTIVE_POLICY_PARAMETERS_V1.md,431,7de179d6e1893c2813837604fdf601ea4efdfbb0c9a165f96594123bf233bd57,.md,ACTIVE_REFERENCE,true
docs/CLEAN_BACKUP_REWRITE_ATOMIC_TERMINAL_TRANSITION_V1.md,794,02be3504390f7eeca2fa086acd90e42bf657541065f91b1e43c098915ac2761a,.md,ACTIVE_REFERENCE,true
docs/CLEAN_BACKUP_REWRITE_CLAIM_CHRONOLOGY_V1.md,2253,d1d92644ebeba9f70eec7e14797261dc55d8dba6f52454f9a81663d7d288575a,.md,ACTIVE_REFERENCE,true
docs/CLEAN_BACKUP_REWRITE_FINALIZATION_LEDGER_V1.md,1976,82bd3959ff62d033d0a4c7b9d4b5fe5fbe84133d3023f536c9f3408d51f8b95f,.md,ACTIVE_REFERENCE,true
docs/CLEAN_BACKUP_REWRITE_LINKED_CHRONOLOGY_V1.md,1091,72e36932fbb83f836e9447ca91aa0a7c4d6a491cfa09f777112a114672170e95,.md,ACTIVE_REFERENCE,true
docs/CLEAN_BACKUP_REWRITE_MANUAL_AVAILABILITY_V1.md,1220,b4cb4520a7f8575f5c2f3bd3fa4e37bb8d38f43abd100caa54936311a270bec7,.md,ACTIVE_REFERENCE,true
docs/CLEAN_BACKUP_REWRITE_OPERATIONAL_ISOLATION_V1.md,1584,e18833cb9cd98dcc75304c06edefddb08ed0a3242126c529fa05e480ef0a3470,.md,ACTIVE_REFERENCE,true
docs/CLEAN_BACKUP_REWRITE_PROPAGATION_EVIDENCE_IMMUTABILITY_V1.md,985,74c0351d1188560995bced12279324e005f17a71c33d73236c94959463e910ff,.md,EVIDENCE,true
docs/CLEAN_BACKUP_REWRITE_PROPAGATION_OUTCOME_INTEGRITY_V1.md,431,bc39e2591049dbbcd67cce81d39017eef914d0cc8dd0a7229d9fce2005726358,.md,ACTIVE_REFERENCE,true
docs/CLEAN_BACKUP_REWRITE_RECOVERY_CHRONOLOGY_V1.md,2362,03cb7ffa2087bea0760baa3b1cc6edca9f5b03eef6dfad05c76d270606247071,.md,ACTIVE_REFERENCE,true
docs/CLEAN_BACKUP_REWRITE_RUNNING_LEDGER_IDENTITY_V1.md,1497,38b561d059e9c72e6ec35d4ad1fc4a674d68ae1f56e6c2bbbca2950a58b56518,.md,ACTIVE_REFERENCE,true
docs/CLEAN_BACKUP_REWRITE_TERMINAL_CHRONOLOGY_MONOTONICITY_V1.md,317,d88a6144f1e68f6e0306eeadec7851a9b087ac7021d97c80822b72f987685f5c,.md,ACTIVE_REFERENCE,true
docs/CLEAN_BACKUP_REWRITE_TERMINAL_CHRONOLOGY_V1.md,1214,ab2565ad44ead4749d2ca6e445c242f79d314c8d71a5dea16f61ba7caf2474ff,.md,ACTIVE_REFERENCE,true
docs/CLEAN_BACKUP_REWRITE_TERMINAL_LEDGER_IMMUTABILITY_V1.md,1706,332c63f9d8de8116581d3960e9b10c880c91c24c2e4f929d015887abd0798c8d,.md,ACTIVE_REFERENCE,true
docs/CLEAN_BACKUP_REWRITE_TRIGGER_AWARE_BACKOFF_V1.md,1341,4ad03e54907f40d1c0abb30cad79aeffb4d74044b39ef4f37b043d29e7871e7c,.md,ACTIVE_REFERENCE,true
docs/current/00_AKTIF_ANA_KAPSAM.md,3285,b5844263c76306815918470fd88df516077245e2a6af665d896622f9f6f32524,.md,ACTIVE_AUTHORITY,true
docs/current/01_AKTIF_GUVENLIK_GIZLILIK_POLITIKASI.md,1238,c867c76a6eabf75c76b1bac142694c6ffeefad06e202fd9d97fee01c631893b0,.md,ACTIVE_AUTHORITY,true
docs/current/02_AKTIF_PLATFORM_MIMARISI.md,2030,6a0ef55531e433131e34b70ed903f86dd1cd848e5c787f30bcc5ebef8b4c43dc,.md,ACTIVE_AUTHORITY,true
docs/current/03_AKTIF_UX_ERISILEBILIRLIK_SOZLESMESI.md,2983,c2e1af42ebde49b5e9074dad2e5857de44e58080cb24b9393dced8d0e59664c8,.md,ACTIVE_AUTHORITY,true
docs/current/04_AKTIF_BRONZE_YOL_HARITASI.md,2451,201096b398195bc7f8f0a0ca67aebffb8488f17969a433a99bada2385aab4d13,.md,ACTIVE_AUTHORITY,true
docs/current/05_KABUL_EDILEN_EK_AILE_YETENEKLERI.md,4934,2846e7ffefebad2836bfdc9ca5dd70ce1d50684e60a5845b37dc59fd860d7d65,.md,ACTIVE_AUTHORITY,true
docs/current/06_KANONIK_KURAL_SICILI.md,8568,a96df25cd60755063fafb3984ed984069b7855e5b18b6c8cee92ee5a8076771f,.md,ACTIVE_AUTHORITY,true
docs/current/07_TESLIM_SOHBET_VE_KALICI_KAYIT_SOZLESMESI.md,1539,3a810d33b65aaa5c3ba0602274a9958eadebb98896a135273d27576f565ff3b6,.md,ACTIVE_AUTHORITY,true
docs/current/08_TUM_BELGELER_DIZINI.md,,SELF_GENERATED_AFTER_INVENTORY,.md,ACTIVE_AUTHORITY,true
docs/current/09_KULLANICI_KARARLARI_KAYDI.md,21677,cff9e6e30ca65248a31fbe9e0017f081a263cf3ccc825638b81d918cd71f68bb,.md,ACTIVE_AUTHORITY,true
docs/current/10_TUM_KURALLAR_ASILAMAZ_YURUTME_SOZLESMESI.md,5840,f5635cca9d28b1a36ca3ba07239c331389b2e04b765833abc9b52261d87206a0,.md,ACTIVE_AUTHORITY,true
docs/current/11_GUNCEL_KARAR_KURAL_IS_AKISI_SICILI.md,145075,f127ff908cd0d5234a70f9ed93ab2ddf2e5cfaa36bc3d037b93925129edb2aca,.md,ACTIVE_AUTHORITY,true
docs/current/12_KALAN_IS_SINIFLANDIRMA.md,6768,a17a0d1f6eda782511e363ccb985d7f0553deb719dd51ef8e9672f44803c5a33,.md,ACTIVE_REFERENCE,true
docs/current/12_TUM_BELGE_TURLERI_DENETIMI.md,2519,e612fb3ce09ec0c8327c7675c3058a44093eee434c323e516f30b99aaf54e273,.md,ACTIVE_AUTHORITY,true
docs/current/13_KURUMSALLASMA_VE_GLOBAL_MARKA_PLANI.md,4554,c6fb038ecdfa132d16bc36fbea5d9447cba0d00423fdc1a87c383446e6769890,.md,ACTIVE_AUTHORITY,true
docs/current/13_TESLIMAT_CALISMA_AGACI_ENVANTERI.md,,SELF_GENERATED_AFTER_INVENTORY,.md,GENERATED,true
docs/current/14_TICARI_URUN_TEMEL_SURUMU.md,1115,542042b05bd40e232660dc3b355d8aea2007edefedd749ebed8799b0bdc7435f,.md,ACTIVE_AUTHORITY,true
docs/current/15_EK_KURAL_TOPLU_BIRLESTIRME_SICILI.md,3790,e5ea95bd0fd1e79cd47b5f5ca12b2aedbe07da3c161006337c098a15f20341c2,.md,ACTIVE_AUTHORITY,true
docs/current/accepted-scope/01_TAMAMLAMA_SOZLESMESI_KABUL_EDILEN_GIRDI.md,12659,386d2b7513c5bdf6685b8b5a12922b9b0e83b2d44af0a6140f6e3020d9819d2c,.md,ACTIVE_REFERENCE,true
docs/current/accepted-scope/02_DAGITIK_PLATFORM_KABUL_EDILEN_GIRDI.md,11035,389a96e4a2c4c170442c2e26ff715c610e3b4568c35ad33b1c90c614dd7579c9,.md,ACTIVE_REFERENCE,true
docs/current/accepted-scope/03_AILE_ILETISIM_KABUL_EDILEN_GIRDI.md,10194,0c7d9b3e96d94c5b18f938a99002007b337cb784cb64789efdd9583feb8bbaa1,.md,ACTIVE_REFERENCE,true
docs/current/accepted-scope/04_PLATFORM_POLITIKA_OCR_KABUL_EDILEN_GIRDI.md,10189,6d56787366f5b2b2b02c08d20c82a73c5c5b90c1c1fff4ad665aeb4e17e771de,.md,ACTIVE_REFERENCE,true
docs/current/accepted-scope/Anadolu_Parsi_Aile_Yasam_Merkezi_Bronze_03.08.2026_Is_Matrisi.json,35864,509b4821d04faf2fc530bc5126190dcf03996a3ebc5e6b722cbb7736a97c0543,.json,ACTIVE_REFERENCE,true
docs/current/accepted-scope/Anadolu_Parsi_Aile_Yasam_Merkezi_Planlanan_Bronze_03.08.2026.27_Dagitik_Platform_Is_Matrisi.json,12536,43ccd55fb71b43619d3e8fff0ce23ab636fa736e1e47db94abd5195fdb3c9b8a,.json,ACTIVE_REFERENCE,true
docs/current/accepted-scope/Anadolu_Parsi_Aile_Yasam_Merkezi_Planlanan_Bronze_03.08.2026.27_Iletisim_Is_Matrisi.json,33056,6bceaf7d68a1f12950be23bec3b88e662aa6238ceb800b8dae842832751fae0d,.json,ACTIVE_REFERENCE,true
docs/current/accepted-scope/Anadolu_Parsi_Aile_Yasam_Merkezi_Planlanan_Bronze_04.08.2026.27_Platform_Politika_ve_OCR_Is_Matrisi.json,18331,1f558ccbd9a181656727bee72ade286ca3a4de2f53ba7397348c7efc22c0d415,.json,ACTIVE_REFERENCE,true
docs/current/DESKTOP_SESSION_AND_ELECTRON_SECURITY_CONTRACT.md,2686,0648869f27c83cd1f8243988dc9b49c3be51470aea6025a883125d5e470d3cf0,.md,ACTIVE_REFERENCE,true
docs/current/MASTER_PROJE_DOKUMANTASYONU_BRONZE_04.08.2026.28.docx,50355,62bf23a4820fa9b2cd4c36a9c90079f066b7e3d139482da9a9213302ede3a73e,.docx,HISTORICAL,true
docs/current/MASTER_PROJE_DOKUMANTASYONU_BRONZE_04.08.2026.28.pdf,270037,f9ab09e6930ddb03e06dcb4a6576886e633ffeb25e309ae53aeb57cdb7e7639c,.pdf,HISTORICAL,true
docs/current/MASTER_PROJE_DOKUMANTASYONU_GUNCEL_17.08.2026_V1.docx,347679,a551300ae443f3a756aa718ec311d06b4d99b889232155d39ee88fe53c46415e,.docx,ACTIVE_REFERENCE,true
docs/current/MASTER_PROJE_DOKUMANTASYONU_GUNCEL_17.08.2026_V1.pdf,478084,f93dc2f9b8af7a9cc73b9b8c1699ff195f9e44dba7e1004bded1dd24fdda289f,.pdf,ACTIVE_REFERENCE,true
docs/current/MASTER_PROJE_DOKUMANTASYONU_GUNCEL_18.08.2026_V2.docx,348987,0f4e3d9b5f48d7b7e937e94aede69dcaf3184c0bb10d16824873f092381efbad,.docx,ACTIVE_REFERENCE,true
docs/current/MASTER_PROJE_DOKUMANTASYONU_GUNCEL_18.08.2026_V2.pdf,479923,449b33680cbd67f7215ba14589f5cf00e1c14a179a0dd44a1f56e3446ee8785b,.pdf,ACTIVE_REFERENCE,true
docs/current/MASTER_PROJE_DOKUMANTASYONU_GUNCEL_19.08.2026_V3.docx,349713,749edc9c06ea70988c9a09f118196033b8ee1b4644fdc6b938f8703fb79729cb,.docx,ACTIVE_REFERENCE,true
docs/current/MASTER_PROJE_DOKUMANTASYONU_GUNCEL_19.08.2026_V3.pdf,481003,258d545e9ffeb91886d9057e59a6f272348cf2d78963e6ff4f67d7b0593a7c72,.pdf,ACTIVE_REFERENCE,true
docs/current/MASTER_PROJE_DOKUMANTASYONU_GUNCEL_20.08.2026_V4.docx,352628,ad8c154b8f59ec8cff5a29214ea82ed6dcc99afe476727163dd892c113933812,.docx,ACTIVE_REFERENCE,true
docs/current/MASTER_PROJE_DOKUMANTASYONU_GUNCEL_20.08.2026_V4.pdf,489570,ab3cea90a659e4bd3bde698d8c93306ac1b5070bdaf4212040500d1b28f0cf54,.pdf,ACTIVE_REFERENCE,true
docs/current/MASTER_PROJE_DOKUMANTASYONU_GUNCEL_24.08.2026_V5.docx,361916,1d3990c276fea2101e8cb58b528f0d2ff19001990ecaafe39f44ebc3f4b3e04a,.docx,ACTIVE_AUTHORITY,true
docs/current/MASTER_PROJE_DOKUMANTASYONU_GUNCEL_24.08.2026_V5.pdf,505190,b0369bfe5944a92b8f97a8c6a14c4c92746ca38c332ebbeb5c003024510f2162,.pdf,ACTIVE_AUTHORITY,true
docs/current/MASTER_PROJECT_DOCUMENTATION_BUILD209.docx,295186,6303c334282081db7a2ad602cce5132cd105bb77ef7e574009e836a54abef8a6,.docx,HISTORICAL,true
docs/current/MASTER_PROJECT_DOCUMENTATION_BUILD209.pdf,391597,590910ec50937a684c1c953624901ed1b191c733dc59588d46c23fbb14bcbd99,.pdf,HISTORICAL,true
docs/current/MASTER_PROJECT_DOCUMENTATION_BUILD210.docx,295232,1d6988e12788eaaad2d40dcf2224baa679920220a61241fbbaf6375454314ae1,.docx,HISTORICAL,true
docs/current/MASTER_PROJECT_DOCUMENTATION_BUILD210.pdf,391568,59ec6e580ef6b5e2c201aa739084e5a9669a735634a38140b4770815ffb1d33c,.pdf,HISTORICAL,true
docs/current/MASTER_PROJECT_DOCUMENTATION_BUILD211.docx,295261,a6caa76a6959b18ffc5f195f60f5b9c08d43b8e02c65eaa1f62e3b2ba1fb29eb,.docx,HISTORICAL,true
docs/current/MASTER_PROJECT_DOCUMENTATION_BUILD211.pdf,392005,dda61469b6bf748293826803998e559a524e65c6db18e6c4fea07b857191d23a,.pdf,HISTORICAL,true
docs/current/MASTER_PROJECT_DOCUMENTATION_BUILD212.docx,1450067,e70ae0357792256ab81f834858531b3bde9e54cd31c11af0ded89765348e33b0,.docx,HISTORICAL,true
docs/current/MASTER_PROJECT_DOCUMENTATION_BUILD212.pdf,465627,3fcee8fe69aeb54f0336c973f751d83b1ece259312f82141e70b4b32d6edea4f,.pdf,HISTORICAL,true
docs/current/MASTER_PROJECT_DOCUMENTATION_BUILD213.docx,1450174,4f3958895185a42030c0792c504c9af272422391b596543600c5218db4e8efca,.docx,HISTORICAL,true
docs/current/MASTER_PROJECT_DOCUMENTATION_BUILD213.pdf,466436,050b9c15b18a8fa4a4c5f96f6744c5991b64a57b07a0aa2dce6af9c6fe042f9c,.pdf,HISTORICAL,true
docs/current/MASTER_PROJECT_DOCUMENTATION_BUILD214.docx,1450504,a2bcdac9b5e86e7648632242229778daabc27501badc8aa54355af89e4f3270d,.docx,HISTORICAL,true
docs/current/MASTER_PROJECT_DOCUMENTATION_BUILD214.pdf,471139,58f6fe19a46401be3199f09cf03cf590987b5976bf2b2b812e2164c86132e99d,.pdf,HISTORICAL,true
docs/current/MASTER_PROJECT_DOCUMENTATION_BUILD215.docx,1450671,30d20bcd1e73b782d43c95a9ea0ef785925db81f82885cb044ff9324b6c645ab,.docx,HISTORICAL,true
docs/current/MASTER_PROJECT_DOCUMENTATION_BUILD215.pdf,475135,95b7acf23cb33d702f00a6ddfb8d3a82484d374a664104cc05289130606f8e7e,.pdf,HISTORICAL,true
docs/current/MASTER_PROJECT_DOCUMENTATION_BUILD216.docx,1450820,8c8b7395581130113422114b02418ede0552bcafc4fbd1e55cfdf173a5abbdbe,.docx,HISTORICAL,true
docs/current/MASTER_PROJECT_DOCUMENTATION_BUILD216.pdf,478515,aaf6473a7dba56e33e234e9a40b79d110342fe8de2f8667033b878939cfe8a66,.pdf,HISTORICAL,true
docs/current/MASTER_PROJECT_DOCUMENTATION_BUILD217.docx,1450953,0d5bc8208ba1c9d8521529a567e672dd952342f8f248c72451c00b17315cb72e,.docx,HISTORICAL,true
docs/current/MASTER_PROJECT_DOCUMENTATION_BUILD217.pdf,480477,045e0a4e2adfbff6299175c6601275c69020d6fae83fc40b59147086b8438dfe,.pdf,HISTORICAL,true
docs/current/MASTER_PROJECT_DOCUMENTATION_BUILD218.docx,1451081,0da0588336661fe6f942a32ef3f30fb9fa4a9d74d84f01952cb856aab3290d4e,.docx,HISTORICAL,true
docs/current/MASTER_PROJECT_DOCUMENTATION_BUILD218.pdf,486085,d1126783662db5436801fd21783eecad6953a5d7803d75ed96075cecc986366f,.pdf,HISTORICAL,true
docs/current/MASTER_PROJECT_DOCUMENTATION_BUILD219.docx,1451198,ad0597975d2adc11df19d74b7706aee0bbeb21cd0081f7b1b2869d7027cefce8,.docx,HISTORICAL,true
docs/current/MASTER_PROJECT_DOCUMENTATION_BUILD219.pdf,490035,87e93961d35fb4ca6e9b8e8078c6e965db130590bdea8739d50aa7aca929f731,.pdf,HISTORICAL,true
docs/current/MASTER_PROJECT_DOCUMENTATION_BUILD220.docx,1451343,9bdb8496f2e68979bd8884a68d88935aa49eb3a95d35ac13c567770ac7a43d71,.docx,HISTORICAL,true
docs/current/MASTER_PROJECT_DOCUMENTATION_BUILD220.pdf,492179,a24e560dcb7e1415863188682e7bd19104cb4946086177c89b6354dfcc69eb86,.pdf,HISTORICAL,true
docs/current/MASTER_PROJECT_DOCUMENTATION_BUILD221.docx,1451422,5ce8c5e3443783e87eb521ed47fba42a0fa058363994b7ec724f7da5f33efe26,.docx,HISTORICAL,true
docs/current/MASTER_PROJECT_DOCUMENTATION_BUILD221.pdf,493963,ecb5ddd51e064ab8794592e236344385f0658073937c5630728423ae23bc0d82,.pdf,HISTORICAL,true
docs/current/MASTER_PROJECT_DOCUMENTATION_BUILD222.docx,1451543,818ceb8ee758e85e95859361cb5f45a965af55e0322e3cffa062482b8762b82b,.docx,HISTORICAL,true
docs/current/MASTER_PROJECT_DOCUMENTATION_BUILD222.pdf,500845,3599f4bd10437d3dc33a03261035df1bafdd5c67acfec0e4118d30cddc463784,.pdf,HISTORICAL,true
docs/current/MASTER_PROJECT_DOCUMENTATION_BUILD223.docx,1451708,ec188ffabb72e221907f3111fac108a913377bab54cbbc47425c4a98c70c2d86,.docx,HISTORICAL,true
docs/current/MASTER_PROJECT_DOCUMENTATION_BUILD223.pdf,504411,f2e114509c87260c829db7c82a5983cd34827ef0505b76b4d0cc54dde629e921,.pdf,HISTORICAL,true
docs/current/MASTER_PROJECT_DOCUMENTATION_BUILD224.docx,1451830,8c4d5cacc7396d70dd13892f22509a61c8ee19c46c545690493d6d6f40b22858,.docx,HISTORICAL,true
docs/current/MASTER_PROJECT_DOCUMENTATION_BUILD224.pdf,508458,6a7441890d76188d96e2d26366f8e3cd2f935f9de477359114f0e56ec09d7af4,.pdf,HISTORICAL,true
docs/current/MASTER_PROJECT_DOCUMENTATION_BUILD225.docx,1452091,1d99be75a06ca2a55467da169dcdaeb59cc79119a70599e2c3d371f73037135c,.docx,HISTORICAL,true
docs/current/MASTER_PROJECT_DOCUMENTATION_BUILD225.pdf,106165,d1de07e480197b0391faaed148d9063c7ace082be0d52ccf6712d0c5545972d7,.pdf,HISTORICAL,true
docs/current/MASTER_PROJECT_DOCUMENTATION_BUILD226.docx,1452193,53bb5a02fb4c01cc2ad53cbc405ff2973c2d0d6a0274ec62d693ff3dfeef27ff,.docx,HISTORICAL,true
docs/current/MASTER_PROJECT_DOCUMENTATION_BUILD226.pdf,106818,0b1b5f00c65956771d1a4d022433285feabc72eadbe73d494b076d88657bfcd8,.pdf,HISTORICAL,true
docs/current/MASTER_PROJECT_DOCUMENTATION_BUILD227.docx,1452158,216c53fbd6f8cbd3a0fc900643cf90111a4b98f7ab42c338171d3b27f4605fbd,.docx,HISTORICAL,true
docs/current/MASTER_PROJECT_DOCUMENTATION_BUILD227.pdf,106951,670ed2b119e969677370dd593d776a237fdcfce55adb3929f7e562ab2c691d95,.pdf,HISTORICAL,true
docs/current/MASTER_PROJECT_DOCUMENTATION_BUILD228.docx,1452242,1558f7b55340c40e31bc892aac7ae95ce94defa88ce4b566b76ec93124f3cde6,.docx,HISTORICAL,true
docs/current/MASTER_PROJECT_DOCUMENTATION_BUILD228.pdf,106893,bec80cd82f0a18ecc29579343c9988fd3b7db345e95cda38a3ad340755d020c9,.pdf,HISTORICAL,true
docs/current/PPK-015_NETWORK_EGRESS_CURRENT_RATCHET.md,3986,f58301675ab0abe44c8c59ac3b41d729e5c2243d49774170b895c913e1118c30,.md,ACTIVE_REFERENCE,true
docs/current/PRODUCT_NAVIGATION_AND_FEATURE_REALITY_CONTRACT.md,3358,384096c240fcbc259a573bddc393999416622cf730ed827255fbe96ea2b7681d,.md,ACTIVE_REFERENCE,true
docs/decisions/DEC-090-clean-backup-rewrite-propagation-status-integrity.md,185,bb4e6b9f0f1b6d76d875088b3eefa804287f4b6cd22d94a416bd465877c86115,.md,ACTIVE_REFERENCE,true
docs/decisions/DEC-091-clean-backup-rewrite-propagation-uniqueness.md,228,59d828e0ff855294ab9bd501cbb3c1302b040eef7858098a431e890f5ceb533d,.md,ACTIVE_REFERENCE,true
docs/decisions/DEC-092-clean-backup-rewrite-propagation-reference-permanence.md,283,e06ddffcbe6f74f8b080794dcd67acf9134552033ceee70897d97d1692967b23,.md,ACTIVE_REFERENCE,true
docs/decisions/DEC-093-clean-backup-rewrite-propagation-evidence-immutability.md,363,3ba8e418def6d414a45c6518e0f3b1eaf2b7c585dabc59f82698503a19551592,.md,ACTIVE_REFERENCE,true
docs/decisions/DEC-094-clean-backup-rewrite-propagation-replace-bypass-protection.md,378,fcfeb756cd03a06d62bea89aa79fa51f09ed85274bcfb4aeadf2893ec61735bd,.md,ACTIVE_REFERENCE,true
docs/decisions/DEC-097-conversation-context-capacity-handoff-gate.md,782,266836ca8d399fcbf87c90305ce5a3b961d833b4c7afe6be8c5e82a97889e279,.md,ACTIVE_REFERENCE,true
docs/decisions/DEC-098-project-constitution-v3.md,817,44c2208d3e448b9d1e3e16e8ab7f1f3dace8a3ec7e002e42cbd5820e9d70fe95,.md,ACTIVE_REFERENCE,true
docs/decisions/DEC-099-secure-onboarding-and-user-data-vault.md,660,d2dd80c29450d5e67fed8744f8562779c5aab7e0637c7afcb8a0cd35f8b22622,.md,ACTIVE_REFERENCE,true
docs/decisions/DEC-100-clean-backup-terminal-ledger-immutability.md,1379,fd0a53bb4dba6c3fc2d56e600258f372b03c3a6644e12a800b7b03ba75a208a7,.md,ACTIVE_REFERENCE,true
docs/decisions/DEC-101-clean-install-external-access-handoff.md,588,40a9b20661ee306c8b4ab3e5338108b56b81ec66d63309f5df10948bc155bb6d,.md,ACTIVE_REFERENCE,true
docs/decisions/DEC-102-approved-ui-visual-baseline-correction.md,1428,74c6c08270299748ab73484c4c8a4bf8fc8c5bf6265ced376c3c2141a5a7928a,.md,ACTIVE_REFERENCE,true
docs/decisions/DEC-103-memory-resident-user-data-session.md,2030,84f89eb397e5a7026cdd45598bf52ec34a02b8fb47247cda9de836493196f929,.md,ACTIVE_REFERENCE,true
docs/decisions/DEC-104-protected-side-artifact-encryption.md,2081,a9814fb3510e83103b0749e5240d79694f98a5f37500657014b04f156a510874,.md,ACTIVE_REFERENCE,true
docs/decisions/DEC-105-pr171-atomic-work-segmentation.md,1079,3fb127d3f1698539950d36ee507e8c30e264023cba50dbbbd0d1a41218c85afa,.md,ACTIVE_REFERENCE,true
docs/decisions/DEC-106-windows-security-evidence-harness.md,1851,1cc052b35d07d93cbe741b68af4469d460f123efcc2ac7015c7ba2436d44051b,.md,ACTIVE_REFERENCE,true
docs/decisions/DEC-107-windows-evidence-intake-source-binding.md,1839,4fe4338c9cf5f83e6b7589fc53e78bc7840430db1fe61c819f5ca6db45314583,.md,ACTIVE_REFERENCE,true
docs/decisions/DEC-108-open021-isolated-windows-closure-gate.md,873,87d210a2d1a31cfb6b0c4f657953661d8f946f5171d467a4e6c6dd8be0143759,.md,ACTIVE_REFERENCE,true
docs/decisions/DEC-109-open022-isolated-windows-closure-gate.md,1377,cd8d6d4058ccc50cf2e4a42bd70589625678931e14081ec7a90ba14073c97241,.md,ACTIVE_REFERENCE,true
docs/decisions/DEC-110-unified-bronze-windows-security-closure.md,1290,a3f24e1eab09d83f41d6c4a82c0a46b51ac8afcd439902fd7d152d854040d0a5,.md,ACTIVE_REFERENCE,true
docs/decisions/DEC-111-build219-windows-failure-bootstrap-remediation.md,902,71f3b544a6b2a1032cd7aad67f86936e048cce8564eb7b4cfdaa0fdb99d175ca,.md,HISTORICAL,true
docs/decisions/DEC-112-build220-windows-failure-workspace-build-remediation.md,899,b305ab6e3634b1ed4468df63670a820f2d3d9d9c0a78d82afd053b04f6bd1f90,.md,HISTORICAL,true
docs/decisions/DEC-113-build221-windows-failure-preload-typescript-remediation.md,945,b157a1e7549938b97a7ff78c7be49e2576cab712f498f22b810f8b242f9b5a9c,.md,HISTORICAL,true
docs/decisions/DEC-114-build222-windows-failure-preload-cjs-graph-remediation.md,1136,7eb1c02a50138e039a977b02d3a4676bb3b52c7c9c75736e299d5c34e312e265,.md,HISTORICAL,true
docs/decisions/DEC-115-build223-windows-failure-license-rtf-sync-remediation.md,1143,0d3f0019a96a6e9e5b693ae12ed3832bebb053d5fbd746b27526daf6f9d7de1a,.md,HISTORICAL,true
docs/decisions/DEC-116-build224-windows-security-root-cause-remediation.md,1709,c469e9050491d8f53553f30a7c06d9e1519d3590bda61ef4ba18f8087d3b4f41,.md,HISTORICAL,true
docs/decisions/DEC-117-pr172-platform-actual-context-hard-stop.md,709,74f4c3fe99bcec2bb28c190d976dc88a97d1540dbd3a36ffe85d945afbaa8151,.md,ACTIVE_REFERENCE,true
docs/decisions/DEC-118-build225-fresh-profile-device-identity-initialization-order.md,1181,294653d53bf60af493a0b612598719bd74097dabeaec2dc9e9869025f867b004,.md,HISTORICAL,true
docs/decisions/DEC-119-build227-four-proven-windows-root-causes.md,1716,398cc4508b8dd78c6ce15d1e64be0b34777d812153149315e256abbb52705c9a,.md,HISTORICAL,true
docs/decisions/DEC-120-build228-open021-open022-official-closure.md,1012,712803555ccdc570a01712520c426ccd9a179b17f3eaeefe767190278b439532,.md,HISTORICAL,true
docs/decisions/DEC-121-accepted-scope-monthly-release-and-channel-gates.md,562,3b92197fd8fc4b07cbfe08b8f4b13f7ceb03727e099344d2903eaef22a42af24,.md,ACTIVE_REFERENCE,true
docs/decisions/DEC-122-platform-policy-kernel-and-core-service-foundation.md,536,9c8f5fb5eaf77c15999203daf2697f67915693e798e543bdb56033be7143abbe,.md,ACTIVE_REFERENCE,true
docs/decisions/DEC-123-all-proposed-family-capabilities-accepted-as-binding-bronze-scope.md,537,6967eacbb5ec6b61cb8ebcb8fc73d0b20ddf842f0f074f97d511b71a987b1dd1,.md,ACTIVE_REFERENCE,true
docs/decisions/DEC-124-exceptionless-canonical-rule-lock-and-automatic-fail-closed-gates.md,546,1a1433d4dd550f4b2aac283eca75e00fb992882dcaa47dafc28c5a493766d1b5,.md,ACTIVE_REFERENCE,true
docs/decisions/DEC-125-persistent-library-hierarchy-is-mandatory-for-every-delivery.md,488,0805b99f2839b8bc441e5fe7e0be0e6193a93d4bd79e1432eb17236260bb2551,.md,ACTIVE_REFERENCE,true
docs/decisions/DEC-126-every-delivery-reports-progress-eta-silver-gold-conversation-status-and-handoff-state.md,605,cdce41a3c99e197e5f45938fb9326c192b3a3d80cd2aef093d953c7708e603ff,.md,ACTIVE_REFERENCE,true
docs/decisions/DEC-127-all-documents-and-artifacts-must-be-exhaustively-indexed-and-listed.md,538,ab1580236e4beadd09bc1b32ea718feea88691ae73b529724a87afd6e18774e3,.md,ACTIVE_REFERENCE,true
docs/decisions/DEC-128-completed-releases-are-immutable-new-work-continues-in-monthly-next-sequence.md,541,b5b2d5c5b81e821c8015016cecefd2a514b3e28f135f6826cfba4fa1a2f7ec76,.md,ACTIVE_REFERENCE,true
docs/decisions/DEC-129-tum-kurallar-asilamaz-yurutme-cekirdegi.md,1132,8d52af55e9bbbd96eeac5f27cd6519d4558dff833bdea56fc52c789a9a4b84ee,.md,ACTIVE_REFERENCE,true
docs/decisions/DEC-130-b1-03-contextual-central-authorization.md,1722,5cb4696b5a9959b4ed509336dfbaf987fb93a2f94dc4c53b8fad89bbc2c865b0,.md,ACTIVE_REFERENCE,true
docs/decisions/DEC-131-b1-04-invitation-lifecycle.md,1792,b4a04dd2666dc8063ad411dee2924bb74ffdfba632c8e3f30fa0ed892fae7b79,.md,ACTIVE_REFERENCE,true
docs/decisions/DEC-132-b1-04-invitation-ipc-ui-menu.md,1761,4e69c03b1631acf7f778048ca243ca26c5d61c0ab717a44075d0a99fd13f7405,.md,ACTIVE_REFERENCE,true
docs/decisions/DEC-133-b1-05-data-repair-center.md,2232,de35bafd71706c52f133c2ef67eb17cdb80f18704b3fd5e844d7f4d6747ff05a,.md,ACTIVE_REFERENCE,true
docs/decisions/DEC-134-b1-05-data-repair-desktop-workspace.md,2622,e00cc3285cdd865410e6b416d40e61707c121ab24535d6898564b286a57514de,.md,ACTIVE_REFERENCE,true
docs/decisions/DEC-135-b2-01-windows-hello-foundation.md,3907,ded2ae53f1c2fe3330c948839a25b4d0b6aa16a7110c9a3ca9965a8d3c5162a6,.md,ACTIVE_REFERENCE,true
docs/decisions/DEC-136-b2-01-windows-hello-ipc-ui-menu.md,4389,eba4f88c62609d071e6095c36c698f7dd2ddf74c865a6315cef6e0c57fd3d958,.md,ACTIVE_REFERENCE,true
docs/decisions/DEC-137-incomplete-bronze-backlog-full-auto-prioritization.md,1844,5501989d8d15e5c4890f70d5abdf3cba276024c1a5fede84b3bc9aaaaecea1f2,.md,ACTIVE_REFERENCE,true
docs/decisions/DEC-138-ppk-002-central-policy-enforcement-foundation.md,1853,a6ee3391914df8a3b45e9ca9bd39bbb497c1c16bb8bb35bce55cc418be11fd07,.md,ACTIVE_REFERENCE,true
docs/decisions/DEC-139-ppk-002-archive-policy-enforcement-vertical-slice.md,2776,65362e45226c4a4514d3aea6d57510a4d3cff9341fec788919b8921c65b1396c,.md,ACTIVE_REFERENCE,true
docs/decisions/DEC-140-ppk-002-archive-production-composition-and-sqlite-runtime.md,3368,f4ee6d26c00b1385b2ce089c2a5246131a835c49d2cf95a42e9517c75d81e0fc,.md,ACTIVE_REFERENCE,true
docs/decisions/DEC-141-ppk-002-durable-policy-transaction-replay-and-fencing.md,3151,9829e60bd828b69ac0776ff70fb1b04802edb1560aedcaaac39bbd6787252e14,.md,ACTIVE_REFERENCE,true
docs/decisions/DEC-142-ppk-002-journal-proof-and-rollback-anchor.md,1510,71307b3ed86c4018363981de1c96e40164b8893ebf870bdc48b058feb98a5b0f,.md,ACTIVE_REFERENCE,true
docs/decisions/DEC-143-ppk-002-archive-core-table-receipt-fence.md,1583,26a2fa64f35379cbcbb5e402585f4fdc84597c69a12d3e49bba7adf35d1f87b1,.md,ACTIVE_REFERENCE,true
docs/decisions/DEC-144-ppk-002-archive-accessory-and-event-attachment-receipt-fence.md,1846,26b98a38d78781794a4a81381c178eeb7ff85f762884655eb633b5f251484645,.md,ACTIVE_REFERENCE,true
docs/decisions/DEC-145-ppk-002-new-correlation-operation-idempotency.md,1983,d65920629b32559a24f5cf58af974bc72d361e4e52dd689225d47876edc3bea0,.md,ACTIVE_REFERENCE,true
docs/decisions/DEC-146-ppk-002-durable-pending-operation-identity-recovery.md,2089,3aa312c3064ef811b25707818de5a7e0e3422c8791493c7885365d7f6e70138c,.md,ACTIVE_REFERENCE,true
docs/decisions/DEC-147-ppk-002-expired-replay-reservation-pruning.md,1758,d18ccf0d3812d80576a8677af301790a6d2bb8551862b8d850c14ae1cc5a788f,.md,ACTIVE_REFERENCE,true
docs/decisions/DEC-148-ppk-002-finance-policy-enforcement.md,1316,f30f69b1555a70937706eeae67604249531ad6dce8a81ac287542e8d56c9687b,.md,ACTIVE_REFERENCE,true
docs/decisions/DEC-149-ppk-002-health-policy-enforcement.md,1560,6761fea6967b3d3ee1f92a0a192191a89bf579fea8de92f43223c02b78fa61c9,.md,ACTIVE_REFERENCE,true
docs/decisions/DEC-150-ppk-002-life-policy-enforcement.md,2243,4f00ac0a5d510e645e0e8dd58b62230c2723ca5788cf21e32e88d9571e392c02,.md,ACTIVE_REFERENCE,true
docs/decisions/DEC-151-ppk-002-location-policy-enforcement.md,5542,4fd74fe644c9f224f05d93a8616283219adea00707250b01bcdfb7ad686ead4f,.md,ACTIVE_REFERENCE,true
docs/decisions/DEC-152-authoritative-source-local-receipt-and-build-numbering.md,2326,ad07510d31f9cee46ce502adfc75351212d5a06e8aa90d89a30c40cc2aeeb471,.md,ACTIVE_REFERENCE,true
docs/decisions/DEC-153-b0-01-governance-reality-matrix-closure.md,2040,6d5287fe1cb027e0896d5f9e7418074f1fee7d9f3bf45683de469cf6c90b7a84,.md,ACTIVE_REFERENCE,true
docs/decisions/DEC-154-gov-004-current-delivery-report-closure.md,1870,83b67ba5a68cdb01f311e5c81f8f2fe8bd3fa710027e3365222a8e89b9790bd7,.md,ACTIVE_REFERENCE,true
docs/decisions/DEC-155-gov-005-external-library-blocker-classification.md,1283,15dd982d8914a2758005e77c2ff7ff665f7fd5b4cd66b590bb5d8b56bc284bf3,.md,ACTIVE_REFERENCE,true
docs/decisions/DEC-156-ppk-002-timeline-event-policy-local-continuation.md,4941,1b9dc6b8a6b8aa19486a7a1c9e0274f01adecb1e7fa2fc4da00c33e901b145f2,.md,ACTIVE_REFERENCE,true
docs/decisions/DEC-157-ppk-002-family-data-import-central-authorization-local-continuation.md,2148,60350c643f5bd5a91dbd654aa3ad79f666a70bc283405011c9461bf51fc640a8,.md,ACTIVE_REFERENCE,true
docs/decisions/DEC-158-30-z-external-usb-library-receipt.md,1651,19d80351d8ae77cfb6bdf52cdef045053750ff3c1bf5d8a14432a457e6a93828,.md,ACTIVE_REFERENCE,true
docs/decisions/DEC-159-ppk-002-timeline-event-policy-official-checkpoint.md,1697,9474dc3db3313c972a7275991f9bb27d95dcd1db0081d1d8c5c2730924ea022a,.md,ACTIVE_REFERENCE,true
docs/decisions/DEC-160-ppk-002-family-data-import-central-authorization-official-checkpoint.md,1383,00b3033c67686042f23424aff0db4a25952353528a593adbe5e31018277daa5a,.md,ACTIVE_REFERENCE,true
docs/decisions/DEC-161-ppk-002-family-import-multi-policy-receipt-batch.md,1776,b9263b9780cf7c7c44eea347ee4aead653545a0863070a430dfd71abc2117de7,.md,ACTIVE_REFERENCE,true
docs/decisions/DEC-162-windows-hello-hardware-validation-deferral.md,1724,35e1a866c9acfc778d4ad925924b993d57b8bb589a1ab8e0f6fd40a65caf1c4b,.md,ACTIVE_REFERENCE,true
docs/decisions/DEC-163-ppk-002-family-import-reused-location-read-receipt.md,1774,ca807cb79db891965244173561cad7c630867af7e96da4cc9fbb0fe17f677e44,.md,ACTIVE_REFERENCE,true
docs/decisions/DEC-164-gov-005-external-usb-source-protection-closure.md,1131,6ef295869a8c7eb30491e333cd087bd633c0ba9b4b09ec019932bf2fd1bf0346,.md,ACTIVE_REFERENCE,true
docs/decisions/DEC-165-b0-02-user-visible-release-metadata-boundary.md,1124,38715a079c33b5a78bb20a193d3bdff9750e2c0d1f91f48ee4dcf3cfe5839d62,.md,ACTIVE_REFERENCE,true
docs/decisions/DEC-166-ppk-002-family-import-created-location-linked-event.md,1940,5cace9502f720d2e1d448d611f8f399cc4060f8615a05b09ca0d3e10c3763279,.md,ACTIVE_REFERENCE,true
docs/decisions/DEC-167-ppk-002-family-import-governed-rollback-receipt-fence.md,1695,53fd960f1575eb8be53c28deab136484168784a5fe873457bb52c517d153993b,.md,ACTIVE_REFERENCE,true
docs/decisions/DEC-168-main-structure-first-core-service-api-foundation.md,1645,7703fb86b274586ddfedac89421ddc53cea7c03cb2c3f22fad5fb982b7fddfeb,.md,ACTIVE_REFERENCE,true
docs/decisions/DEC-169-core-service-protected-family-data-session-ownership-control-plane.md,1650,c06e3146161c41f46e94865724a02f1edcd23d3dc30cdedba3af5ef08362801f,.md,ACTIVE_REFERENCE,true
docs/decisions/DEC-170-headless-device-secret-protection-boundary.md,1596,2794dba013b6f183e298fc7ce85a2578766abdc05b04e287832b0c7764a09e9e,.md,ACTIVE_REFERENCE,true
docs/decisions/DEC-171-family-data-coexistence-default-deny-cutover-gate.md,2287,dae0bff4519961969ef9abcaade5499c5edcad3b1f1b1587c86a5fbad9c9022f,.md,ACTIVE_REFERENCE,true
docs/decisions/DEC-172-monotonic-cutover-readiness-evidence.md,2176,9f9572f4e7ad505bc3a74894868808a0eaf8d6dcd38efeb6fd7028cd92439b18,.md,ACTIVE_REFERENCE,true
docs/decisions/DEC-173-protected-cutover-readiness-journal-port.md,2201,d612036fd738c273e6615bc040a4423692d25aead1be8ccddc75f4c6df24c2ec,.md,ACTIVE_REFERENCE,true
docs/decisions/DEC-174-signed-cutover-readiness-evidence-verifier-boundary.md,2484,57777b2eb35671618bd7c4a9d2c3e0185ca0575e74f0b48e1bf1f08132b926a2,.md,ACTIVE_REFERENCE,true
docs/decisions/DEC-175-synthetic-single-writer-proof-harness-boundary.md,2011,cbb4f85a3a5dc6d0df2d18189344006b0c9e60f0aa0275ddce2bf5205f72c307,.md,ACTIVE_REFERENCE,true
docs/decisions/DEC-176-synthetic-key-lifecycle-proof-harness-boundary.md,2240,c01d7e22f3f7340c47de3a258fce47427fd426ded7f177411c297e0bebd4604e,.md,ACTIVE_REFERENCE,true
docs/decisions/DEC-177-synthetic-rollback-recovery-drill-boundary.md,2247,1e1f375fdb402880747bf909791a0f7c0e7c210c01626618553c6acfee090d99,.md,ACTIVE_REFERENCE,true
docs/decisions/DEC-178-end-to-end-security-evidence-aggregator-boundary.md,2331,3e80896cd39625eef244270abb97b242f477e9361479577aa6392b3638830099,.md,ACTIVE_REFERENCE,true
docs/decisions/DEC-179-explicit-user-approval-receipt-boundary.md,2957,26a8570a4e513e802207215675641bcb174ac7d3f048549b0e47009a6efe2760,.md,ACTIVE_REFERENCE,true
docs/decisions/DEC-180-versioned-cutover-decision-preflight-boundary.md,2804,cf5f6ea011a96a17c73c38b0351ef480784e7ba48a50015ab71f1c53680ee969,.md,ACTIVE_REFERENCE,true
docs/decisions/DEC-181-ppk-002-family-import-governed-rollback-receipt-fence.md,1385,0aad23374d939298e5f1771a72e88edee0345aa9746fe405fdc95f377e7bf0c8,.md,ACTIVE_REFERENCE,true
docs/decisions/DEC-182-ppk-002-remaining-technical-boundaries.md,1930,e3a0fb17a22f67ef442b163e4e159b0735ee67a2db0c11ad8c4e09c6d2942e4b,.md,ACTIVE_REFERENCE,true
docs/decisions/DEC-183-ppk-002-universal-enforcement-top-closure.md,2898,e326b7f832c101a0ce37460c4ebfbf1f8810940c44dcc2f66a69e9c1997744f7,.md,ACTIVE_REFERENCE,true
docs/decisions/DEC-184-ppk-003-bounded-default-deny-policy-decision-availability.md,2636,d6f33f4b9207cf1e8a3b774b12340a492aae630effaa2da1d983dc2c783d0e67,.md,ACTIVE_REFERENCE,true
docs/decisions/DEC-185-ppk-004-complete-policy-context-binding.md,2921,07a53c2a9eb33949cc589fdda0bf93ecf5e51e4bd2f85f6dccc42738ff9d44b9,.md,ACTIVE_REFERENCE,true
docs/decisions/DEC-186-ppk-005-complete-data-classification.md,3047,1ca6129a26a8e1bfaf182568582a501c9417ed243c3e908d71fbb552bed227e9,.md,ACTIVE_REFERENCE,true
docs/decisions/DEC-187-ppk-006-complete-policy-obligation-suite.md,3209,ccbfb67156d3b2b44203113f9091d4096ee17160f0f6fe8e05b09e416bbbb110,.md,ACTIVE_REFERENCE,true
docs/decisions/DEC-188-ppk-007-signed-versioned-policy-package.md,3121,b0874b2615323ce295d311f583da7f6af55b2a86dbbb098eec28059f58814a0a,.md,ACTIVE_REFERENCE,true
docs/decisions/DEC-189-ppk-008-application-identity-device-certificate-manifest.md,3123,afee622730ffe9b47698a1a2ba7556ac3ad395ef511d3405241fc41dcc0c550a,.md,ACTIVE_REFERENCE,true
docs/decisions/DEC-190-ppk-009-core-service-policy-reevaluation.md,2769,1a5162ca8f01c4f07bb4b75afdcbd56ba84e02a6aa1ece393da03199e77c0ee6,.md,ACTIVE_REFERENCE,true
docs/decisions/DEC-191-ppk-010-central-policy-zero-exception.md,2712,5bc11f53fe1333f5f8cf74e00180af87749106187246ef55f354c60191914055,.md,ACTIVE_REFERENCE,true
docs/decisions/DEC-192-ppk-011-contextual-ownership-policy.md,2843,bd96ed0c46e78e97ce4d0c8165d420357bd374eca9794dcf0917355a42ed9707,.md,ACTIVE_REFERENCE,true
docs/decisions/DEC-193-ppk-012-offline-capability-lease-cache-fence.md,2647,da7c77557a194bae31c51ac161eb696d858dd050a0fb3d44d6da40517052dda3,.md,ACTIVE_REFERENCE,true
docs/decisions/DEC-194-ppk-013-client-data-access-boundary.md,3161,3be9a86abb3759aafb94dc38689ee6535c087a76bb01b40933e568f33da6518a,.md,ACTIVE_REFERENCE,true
docs/decisions/DEC-195-ppk-014-versioned-core-service-api-boundary.md,2930,d7c5c29fc0b4104c6527dd65eb67ec4448b26cfb42c10effaa827bf5cced932f,.md,ACTIVE_REFERENCE,true
docs/decisions/DEC-196-ppk-015-network-egress-policy.md,3090,af47dc2009e2f429c875e7c6acd723dfc511c79d7816491c5d5e92ca1f98fe13,.md,ACTIVE_REFERENCE,true
docs/decisions/DEC-197-ppk-016-derived-data-policy-inheritance.md,12093,384d60ee08ac070bf63050c17668e7364ab7e8ac74a3b6af0a9a852e16fa0e6c,.md,ACTIVE_REFERENCE,true
docs/decisions/DEC-198-ppk-017-sensitive-log-policy.md,3458,18ff0a73e2b6284278bf7cd63584c76ba47fd8e9af4ad693d21bfbeab4d27edf,.md,ACTIVE_REFERENCE,true
docs/decisions/DEC-199-ppk-018-immutable-policy-decision-audit.md,4955,5f4f0e25a1cb775738c093b33586e70ac4134e0015575c854a675fd298ccb9ca,.md,ACTIVE_REFERENCE,true
docs/decisions/DEC-200-ppk-019-source-deletion-propagation.md,5273,237f8e0d1c8a2e7c26eb7d45752f20a37b97ef30e43b6ace3e7675d6073af701,.md,ACTIVE_REFERENCE,true
docs/decisions/DEC-201-ppk-020-cross-platform-policy-conformance-suite.md,3548,4627c76617ff3f1d3a47acc942801a831b34a2c3ad5def111cb296557c0e6a19,.md,ACTIVE_REFERENCE,true
docs/decisions/DEC-202-ppk-021-platform-policy-ast-fail-gate.md,4440,d2406fc2e4fbf58af44cbd170f9e1b3a9de82ac230d0390bba2b5263409c937d,.md,ACTIVE_REFERENCE,true
docs/decisions/DEC-203-ppk-022-capability-manifest-build-runtime-gate.md,5521,395f02720fd57fde76055e72e702075bfae69fad0c606791d2f7616e495cfcf6,.md,ACTIVE_REFERENCE,true
docs/decisions/DEC-204-ppk-023-application-security-profile-gate.md,4126,392dc9f4546db257ccda261ad26eea8c3f082245ed93a8108abac8ef069c3d71,.md,ACTIVE_REFERENCE,true
docs/decisions/DEC-205-ppk-024-policy-service-availability-runtime-gate.md,5473,da94e2c8de6818ce1796f412dbeb458503a78f125b35c3b2a04c8f43c127b4d5,.md,ACTIVE_REFERENCE,true
docs/decisions/DEC-206-ppk-025-software-supply-chain-gates.md,9406,e9e550fc6275cae2b5956c40481a4ae9de679c59cafede282ca4936c0f33ce7d,.md,ACTIVE_REFERENCE,true
docs/decisions/DEC-207-ppk-026-typed-policy-sdk-and-xpf003.md,2487,76d0fe84c315d2a524d170bfb6a1f4de0cb67bcab26086d408ddb68a2a446b42,.md,ACTIVE_REFERENCE,true
docs/decisions/DEC-208-b0-03-b0-04-product-surface-governance.md,2242,68d5ae9edc2d1b2f8d0e38c61772fa135d13faa80decd45bf0f4c735c92b2ca4,.md,ACTIVE_REFERENCE,true
docs/decisions/DEC-209-b2-03-b2-04-desktop-session-electron-security.md,2368,f8246ac17c7a3b9048e6946d5b66a64cb89ce8e1261f6e79ac73f0bee49abfce,.md,ACTIVE_REFERENCE,true
docs/decisions/DEC-210-b2-05-b6-03-sensitive-data-consent-and-export-preview.md,2953,e459689e58a87de0873c21a1cb0610ba97b3cd6a62432c8894b9ec76bda37504,.md,ACTIVE_REFERENCE,true
docs/decisions/DEC-211-b4-banking-foundation.md,2706,9a559f7d2f37c01b613c440879c61f4e05d4484a26e7bbf6eb765965aab9b1b4,.md,ACTIVE_REFERENCE,true
docs/decisions/DEC-212-b4-payment-card-management.md,1988,2a43ea26993cc5e68e98054b684974575db7626924d179d679457dfaded5b343,.md,ACTIVE_REFERENCE,true
docs/decisions/DEC-213-b4-loan-management.md,2105,457d6fadea3807b6dfc0e4cc78275029f7d7cff0cf95902dff9a93e1e36c5ca5,.md,ACTIVE_REFERENCE,true
docs/decisions/DEC-214-b4-finance-planning-portfolio-analytics.md,2631,75acc94938bcd6b864d68ceb500ff07574172d282db1ef48d4a935988377fa52,.md,ACTIVE_REFERENCE,true
docs/decisions/DEC-215-b4-controlled-import-open-banking.md,3982,d1d25ec15ce447e43ef318cb552671dbbba223240b7a4c87759bf52550471173,.md,ACTIVE_REFERENCE,true
docs/decisions/DEC-216-b5-category-life-home-vehicle.md,3302,4be3d8733d1969148772a4e03eada165e6d431b174b427e3f4e4567669b2e0e0,.md,ACTIVE_REFERENCE,true
docs/decisions/DEC-217-home-inventory-utility-belongings.md,2828,2b5cbd502cfd5a8232f4a6576572427fe0f646e4f0f7a8e2bb751009abc55b84,.md,ACTIVE_REFERENCE,true
docs/decisions/DEC-218-family-emergency-planning.md,2812,9cf64dba386c92e82ae13ec6cf312565b3b691d366355e3e198485d01cb8343d,.md,ACTIVE_REFERENCE,true
docs/decisions/DEC-219-family-emergency-preparedness-kits-and-drills.md,1787,ba1c7245be67bc70c9d894a679d1a23d19debae0cb26f97c7124a24105b7e87b,.md,ACTIVE_REFERENCE,true
docs/decisions/DEC-220-family-emergency-assistance-card.md,2315,7200a756a8cf1f216a6bdb0490987a8db33a44f129df526f0a4cdf56e77953a8,.md,ACTIVE_REFERENCE,true
docs/decisions/DEC-221-family-emergency-card-portability.md,4408,d6d20422a61ed5a436f107ffc52f03c12591f1ba405688a458ac88fd107f3a61,.md,ACTIVE_REFERENCE,true
docs/decisions/DEC-222-privacy-consent-lost-device-control-center.md,1464,54d7d9d72ee5027fec4fabfc32fe72af4ad9ee458a39461afdeeee85b3ef93b4,.md,ACTIVE_REFERENCE,true
docs/decisions/DEC-223-long-term-portfolio-center.md,4072,409e5c4e5ade2e4c66580c608b91d2794ee2676a0a01535e4c46f0f3dd0af124,.md,ACTIVE_REFERENCE,true
docs/decisions/DEC-224-accessibility-preference-center.md,2732,7e8483dc621f4758cc997b1dbb49102379e7c31f0f484f987ffd32fc002ce182,.md,ACTIVE_REFERENCE,true
docs/decisions/DEC-225-draft-async-state-ux.md,3424,a02a2faeed8ce39538bdf792d6e99463ee859850910c382c2d031e11376bdd1c,.md,ACTIVE_REFERENCE,true
docs/decisions/DEC-226-privacy-ownership-data-rights-incident-control.md,2924,99e6140c05f80e9758e0d64fbe10b31325de8d8d888fb2d46924f8cb18388dac,.md,ACTIVE_REFERENCE,true
docs/decisions/DEC-227-passkeys-federated-identity-verifiable-temporary-credentials.md,15508,9011f6e92e07fceb88516b1800411af5ece18038e7e62b4465925dba4b746865,.md,ACTIVE_REFERENCE,true
docs/decisions/DEC-228-local-governed-ocr-derived-data-pipeline.md,21521,46d0855d54c051272da86d48d5122653e1df3735c03c2c9c2a6fd2a0f1136b39,.md,ACTIVE_REFERENCE,true
docs/decisions/DEC-229-archive-evidence-relations-media-lifecycle-unified-authorized-search.md,4431,32d3a6defed98a786b69c3fc8526f190ff34c1b5fe171c56782ff8c74c1591ae,.md,ACTIVE_REFERENCE,true
docs/decisions/DEC-230-health-care-coordination-elderly-support-ledger.md,3197,d27afd6fe3cfbe1c838cddbe7dbc13e2e0fc4f2dac7faf2525c42aa72791f755,.md,ACTIVE_REFERENCE,true
docs/decisions/DEC-231-household-operations-center.md,4017,2b9f38b9d77d5cc310787710935d835f9df243ae1620998c64d56671a7eeb1b4,.md,ACTIVE_REFERENCE,true
docs/decisions/DEC-232-child-education-coordination.md,3109,be222ccf70a3da1529d06bd80907cf950e08b842fa90c91f47ee411417f2857a,.md,ACTIVE_REFERENCE,true
docs/decisions/DEC-233-places-travel-asset-pet.md,2231,ff0b1bcdc1810228823f40c00bcd084613857d1b6323246c493d000d255ba684,.md,ACTIVE_REFERENCE,true
docs/decisions/DEC-234-consent-bound-family-ai-assistant.md,5409,87fe15755efe354c012bad0b4473739b059ba662632c2dedfe07ea30952ccfde,.md,ACTIVE_REFERENCE,true
docs/decisions/DEC-235-memory-studio-time-capsule.md,3998,05c05b836165f0651e49cf5017386297cc8c8a01ac3c5652eee6f48428ad53fd,.md,ACTIVE_REFERENCE,true
docs/decisions/DEC-236-local-first-smart-home-energy-adapters.md,3494,92cb71c1e3f3ee16453f17fad33eb6098de81b7cb0b6f8380c3f2d8265be5cdc,.md,ACTIVE_REFERENCE,true
docs/decisions/DEC-237-signed-plugin-external-provider-platform.md,3714,8cff2c97f3c8fcfa4aa6be16eb28777f44a26c4dc8f44f39d8f82a3315072504,.md,ACTIVE_REFERENCE,true
docs/decisions/DEC-238-communication-policy-mls-foundation.md,4572,84ee43fdccc3fa203592aac3466a4279d7e89dea7cef5ecd29cdbe992ff136b7,.md,ACTIVE_REFERENCE,true
docs/decisions/DEC-239-communication-messaging-lifecycle-privacy-presence.md,5070,4b84a5ec9abb239326025ba5c72a30875d78a3b7efda8bd8a0ff517bc36fc73e,.md,ACTIVE_REFERENCE,true
docs/decisions/DEC-240-realtime-calling-media-accessible-ux.md,3896,b9d0929d9909c17381c6caf63a5293068ec75e2b814693432881a95bde484dd6,.md,ACTIVE_REFERENCE,true
docs/decisions/DEC-241-explicit-consent-recording-media-retention.md,3561,3c4a6ecd4064d87f2673f1c3a9c4fb2604ab4a126579e07c96e7d546eddfbe1a,.md,ACTIVE_REFERENCE,true
docs/decisions/DEC-242-local-first-translation-caption-language-provider.md,3112,ca28386d32217b56e2b07d11881cddd37a430fbd8136e72c49968f32fe568ab9,.md,ACTIVE_REFERENCE,true
docs/decisions/DEC-243-family-meetings-decisions-consent-minutes.md,3880,0bea077dfe2720f95a33336787aa9b27b25d80dff3bf6f525816bde1d3807f8c,.md,ACTIVE_REFERENCE,true
docs/decisions/DEC-244-e2ee-file-sharing-remaining-communication-ux.md,2906,8bee63e52e1a934aa2cad94ac2f9ab1c2dac178aed501035e6dfd6fd7fbad499,.md,ACTIVE_REFERENCE,true
docs/decisions/DEC-245-communication-audit-archive-integrity.md,1841,57da6fc3f26175a7b6d06cf19fdeef59acf27a9a8f094f67ff030116c9e09f2b,.md,ACTIVE_REFERENCE,true
docs/decisions/DEC-246-distributed-core-consensus-tenancy.md,2985,0cbed62dd34619d264fb6d233efef4f36cb7a6c34d89bfd99d1ac64d3ae278ea,.md,ACTIVE_REFERENCE,true
docs/decisions/DEC-247-distributed-clients-operations-disaster-recovery.md,2463,16be3b202673cea71d781a346e1a78f5096d66a6524cc98a0281f2b6771a59c1,.md,ACTIVE_REFERENCE,true
docs/decisions/DEC-248-windows-resilience-universal-ux.md,3840,2b45f8f1e1ed91daa4270a69b0f7fb152cc516ea121075765f32d6f57f4cfd93,.md,ACTIVE_REFERENCE,true
docs/decisions/DEC-249-bronze-final-drift-deterministic-delivery-closure.md,1300,e5857f97acf58f4116fe65179f447477cab86959fa14b60e385db649b3350bdc,.md,ACTIVE_REFERENCE,true
docs/decisions/DEC-250-current-documentation-refresh-historical-preservation.md,1670,b4b6b8ebe64b3e39ecea177e903537423c5717fa3151ed3325aba3770a050b6c,.md,ACTIVE_REFERENCE,true
docs/decisions/DEC-251-synchronous-decision-documentation-enforcement.md,1893,dc8bdb00294fcb75b7bae0699b63580f7b2cb6956e1dcf53213e5822bd474276,.md,ACTIVE_REFERENCE,true
docs/decisions/DEC-252-freeze-historical-records-from-future-content-review.md,1591,ad846e1c681b61f85713be0baca4377d70172843252547abcea4af707630a869,.md,ACTIVE_REFERENCE,true
docs/decisions/DEC-253-animated-installer-narration-and-silver-help-center.md,2760,4add588c4e4bfada2938f7c47470c391eee3459cd2383300449183d56ea4ff1e,.md,ACTIVE_REFERENCE,true
docs/decisions/DEC-254-parsyuva-brand-and-institutionalization-roadmap.md,3349,85081a0052293a163a15b2542f02977d5c51f3b72cc0e42b0a4b0860560ad1b1,.md,ACTIVE_REFERENCE,true
docs/decisions/DEC-255-sistem-dili-ve-ingilizce-arayuz-altyapisi.md,14083,aeb31c7ba20e13e31a51f76abf88512723857218d656058596490e9d39f114f1,.md,ACTIVE_REFERENCE,true
docs/decisions/DEC-256-tek-gercek-kurulum-ilerlemesi.md,1356,4f4b13f7740f5c7fb6f7eca6f4f5ff25dae80993e84ea62a6803ead0bc9a962a,.md,ACTIVE_REFERENCE,true
docs/decisions/DEC-257-parsyuva-aym-baslik-tekrar-yasagi.md,972,983ca3e0b630c7eb2d50fd6182062ff7435b3b786588a2501aeb4a4aaf3bfdb4,.md,ACTIVE_REFERENCE,true
docs/decisions/DEC-258-cevrimdisi-aile-haritasi-altyapisi.md,2755,962912d62f2b2760bb4d4b0571deb5c7fec3e72f6796991a064f1ef6654f827c,.md,ACTIVE_REFERENCE,true
docs/decisions/DEC-259-ticari-temel-alani-ve-asilamaz-belge-kapisi.md,1919,cf925e200626d02dd1c053c242d9567a210322107429d452de45775ce4b6f348,.md,ACTIVE_REFERENCE,true
docs/decisions/DEC-260-ek-kural-toplu-birlestirme-ve-dogrulanmis-git-teslimi.md,2003,54c0319fc5f43a5a4a69c7fd3cd71d85f688c6aeb471260896ff3a3c5378bff7,.md,ACTIVE_REFERENCE,true
docs/decisions/DEC-261-aym-kisaltmasinin-guncel-urun-yuzeylerinden-kaldirilmasi.md,1336,1b7cd009f2c26fb2fc5ef6b29983274c5934ec5e4431d74225284f2423862609,.md,ACTIVE_REFERENCE,true
docs/decisions/DEC-262-parsyuva-kurulum-yolu-program-dosyasi-ve-kisa-teslim-adi.md,1603,af00602248c05be5fcd8ca89bbf5a1d101188a5a70a84d4ee12c994932a3d420,.md,ACTIVE_REFERENCE,true
docs/decisions/DEC-263-kod-degisikliginde-eski-windows-kurulum-artefaktlarinin-silinmesi.md,2287,98b87bb118191601deefe42f6853a0d8365398d8d09b8eab732e729580257f85,.md,ACTIVE_REFERENCE,true
docs/decisions/DEC-264-gorunur-surum-kanalinin-tek-kez-gosterilmesi.md,1605,8e3b4b2de14b33f2cc1e26bedc1d43f81d40cfa9a93e6d3532b80fdc0b2ca6c5,.md,ACTIVE_REFERENCE,true
docs/decisions/DEC-265-her-islem-oncesi-zorunlu-kural-kontrolu.md,1642,c9fef8a1e31bf03ef32b587a7409a54552f73e15fd24b9740d2d7ba924ba761f,.md,ACTIVE_REFERENCE,true
docs/decisions/DEC-266-ozel-kurulum-ilk-aile-temiz-paket-ve-cift-yedek-kabul-zinciri.md,2817,76769d0726dfa72b442edf028694e4454c77789cc697c2bd0bd8472b694fe07c,.md,ACTIVE_REFERENCE,true
docs/decisions/DEC-267-gecisli-sesli-kurulum-tek-pars-ve-kasa-kilidi-duzeltmesi.md,2191,fb8969559adcc249adc2f2f97533cf68488995059ed0fc60e5fa85d901bc25be,.md,ACTIVE_REFERENCE,true
docs/decisions/DEC-268-windows-installer-timer-callback-ve-tam-on-yuz-kullanici-uat-teslimi.md,3390,123b400bf1fd35e27cd61d9175eeac880e02cf0bb694e641143a07bb97dc1bee,.md,ACTIVE_REFERENCE,true
docs/decisions/DEC-269-bronze-silver-gold-kurulum-veri-ve-kaynak-yalitimi.md,2422,1e3fb8bade36861b91da8f2c033f37d9a09dc71e45caf1f41cd51f0ea3d59164,.md,ACTIVE_REFERENCE,true
docs/decisions/DEC-270-her-mutasyon-sonrasi-exact-commit-kaniti-ve-taze-kurulu-exe-uat-teslim-kapisi.md,4863,22dd8b124f4d2d6cc1b7bdfd88bd7cb98d58a29d0876c0cb684bbdbb458c00c3,.md,ACTIVE_REFERENCE,true
docs/decisions/DEC-271-sibling-channel-program-roots-and-legacy-uninstall-safety.md,3204,d3d4eea599a342db0065a4633e1e527feb4a648520f3ee1baf69592e50613067,.md,ACTIVE_REFERENCE,true
docs/decisions/DEC-272-explicit-single-release-allocation-and-preallocated-package-identity.md,1805,4ec5a48573fdc811b6eae49433a83f4336d68f7698966fc2863773cb63397382,.md,ACTIVE_REFERENCE,true
docs/decisions/DEC-273-canonical-windows-installed-upgrade-maintenance-and-frontend-uat.md,2300,a96d7a3fe54486a44f0f97c9c880c6e82558f811b6a3f3cb53b19feb57d8ca60,.md,ACTIVE_REFERENCE,true
docs/decisions/DEC-274-adversarial-windows-delivery-evidence-chain.md,2873,38f2704d57f451cbd8b9909ebe0455ee925af19a80e87f2debeccf1f2c526381,.md,ACTIVE_REFERENCE,true
docs/decisions/DEC-275-mutation-wide-record-and-test-closure.md,29887,e37aca51565c9932611047ef5e581ab4104dda4e950af5e4a18c4dc4d8cede3c,.md,ACTIVE_REFERENCE,true
docs/examples/anadolu-parsi-family-import-v1.example.json,1300,fd769c29e37671083eaf6960374fca184e06027b7e0b20c6112b1dc8b6b34494,.json,ACTIVE_REFERENCE,true
docs/EXTERNAL_EVIDENCE_ROOT_TRUST_VERIFICATION_V1.md,2164,2c8986237266d4eec82c9e986957ba347e56014299bbf5b32582b59b6fb0ebf4,.md,EVIDENCE,true
docs/FAMILY_DATA_IMPORT_V1.md,3130,8f708ee6a307c806edb6fd35a99f57243a2cc7af6232b5847a4f4d7208bec40e,.md,ACTIVE_REFERENCE,true
docs/IPC_ADAPTIVE_BUDGET_DURABLE_STATE_V1.md,2238,5594766c0067353b1d9b4f789f4edb4a3942491d8de95b27a973784d15172218,.md,ACTIVE_REFERENCE,true
docs/IPC_ADAPTIVE_BUDGET_MAINTENANCE_REAUTHENTICATION_V1.md,1438,163d13d97b17cefe53509bf84702856977311304a15a897e1647f9b263617a1c,.md,ACTIVE_REFERENCE,true
docs/IPC_ADAPTIVE_BUDGET_MAINTENANCE_SESSIONS_V1.md,962,5be2d30f19549f22c4d233d77d808019e98068c1ca8ab38bff4b119083f2c6bc,.md,ACTIVE_REFERENCE,true
docs/IPC_ADAPTIVE_BUDGET_OPERATOR_RECOVERY_V1.md,1637,863895e4cadf91695ff3614824bced17a1808aab1a88d136627ecfdbe4eb8834,.md,ACTIVE_REFERENCE,true
docs/IPC_ADAPTIVE_RESOURCE_BUDGETS_V1.md,851,46a89f65d203f245e188b03af2c33ab7395107d5ebca5b10f1c4f9f918cbc04a,.md,ACTIVE_REFERENCE,true
docs/IPC_PERFORMANCE_TELEMETRY_V1.md,943,bb1373949fa13c65e164cf2e8dac64012b4d0e7bf8c29c89993d4013af35b5ce,.md,ACTIVE_REFERENCE,true
docs/IPC_READ_SHARING_V1.md,1738,510fdc3160b8680c31d3d3cb9d1c8a25bfb45ebf21edd485e83b66a63cb0fb02,.md,ACTIVE_REFERENCE,true
docs/IPC_TRANSPORT_CONTEXT_V1.md,1249,31699a55f42f988cc7a8239c3ee7a33646fc3e3982c6a11de510e927a3ffb2d2,.md,ACTIVE_REFERENCE,true
docs/LARGE_FAMILY_READ_MODEL_PERFORMANCE_V1.md,2373,110b6bc6eceeffd01ecef18d8b097533aef94401a13979927b21894adaf5dba7,.md,ACTIVE_REFERENCE,true
docs/MANAGED_BACKUP_PROPAGATION_CHRONOLOGY_V1.md,1838,59f975fa064941968208fbaa82a63c1bb803fb652106dced85791d13e36856f2,.md,ACTIVE_REFERENCE,true
docs/NPM_CLEAN_INSTALL_BUILD211_HANDOFF.md,900,65bdd5918ba867ab05b234eb95c16218e9fddb1d74292a3e5933666f6ac5c75c,.md,HISTORICAL,true
docs/NPM_DEPENDENCY_HANDOFF_V1.md,1973,5cd1bac686cf4feffe7e81ad9fae0bbde8da163b94bc1f0a316ff9804a7647b0,.md,ACTIVE_REFERENCE,true
docs/SEARCHABLE_ENTITY_CATALOGS_V1.md,2502,83d8fec688c3717d251c3a82e3c228cb4996c72ff002b3abbd561717be54fdb1,.md,ACTIVE_REFERENCE,true
docs/security/B0-03_B0-04_PRODUCT_SURFACE_GOVERNANCE_THREAT_MODEL.md,1949,b861a2435be0f7e0898775467275f059ca648abc5d9ab6374d5ea5a946b20ef7,.md,ACTIVE_REFERENCE,true
docs/security/B2-03_B2-04_DESKTOP_SECURITY_THREAT_MODEL.md,2516,27ab4747ca695b1057740909b9d8d1814da39b10cd96c3aaced7eacb264ef381,.md,ACTIVE_REFERENCE,true
docs/security/B2-05_B6-03_SENSITIVE_DATA_CONSENT_THREAT_MODEL.md,2834,bbde4042291638662b2cb8f61df595da6a858ca400421bd585721afe3330a26a,.md,ACTIVE_REFERENCE,true
docs/security/B4_BANKING_FOUNDATION_THREAT_MODEL.md,2393,9dea671103ab33cf02c8d56e2fee674fc7a6862ffb33f5845051309e4070ac05,.md,ACTIVE_REFERENCE,true
docs/security/B4_LOAN_MANAGEMENT_THREAT_MODEL.md,2281,c59ca8808c2a696ced5373dc565b50b82509ea6e259f9a1be7e18dbf1c71f4b7,.md,ACTIVE_REFERENCE,true
docs/security/B4_PAYMENT_CARD_MANAGEMENT_THREAT_MODEL.md,1891,6859beb9e3f02a8f3eb9bd0198c328c47b6fa8d5b99b22de7b1bf3659431593b,.md,ACTIVE_REFERENCE,true
docs/security/BRONZE_OPEN021_OPEN022_CLOSURE_BUILD228.md,929,9057b2830706a45845ccbc6a3abcfccfefafa6a181da593934d2e9df39c237b5,.md,HISTORICAL,true
docs/security/BRONZE_WINDOWS_SECURITY_CLOSURE_BUILD219.md,1825,339aebe306f27b6c971ec14a6f123c79e431692cc865510232da28b3e6d913b1,.md,HISTORICAL,true
docs/security/BRONZE_WINDOWS_SECURITY_RETRY_BUILD220.md,1535,b0b330ff4c87f3b02bc73bbcafccf3f3aed5e1a82a3c94c4c8726e524c505e2f,.md,HISTORICAL,true
docs/security/BRONZE_WINDOWS_SECURITY_RETRY_BUILD221.md,1709,88b6ad906920e7ca629025db0ba192ef16f521b2b7ce46e940a5f5157a121a87,.md,HISTORICAL,true
docs/security/BRONZE_WINDOWS_SECURITY_RETRY_BUILD222.md,1511,987d8bc63ba3b22fc4a4db4d72c071f0f10eefde16d0fbf4367f790b7f3d110c,.md,HISTORICAL,true
docs/security/BRONZE_WINDOWS_SECURITY_RETRY_BUILD223.md,1540,b068a7067d13351e67573f8875a7ae75b7d2b518d96a8a609c76245d67e77988,.md,HISTORICAL,true
docs/security/BRONZE_WINDOWS_SECURITY_RETRY_BUILD224.md,2043,31c00c9f554641344c19c0184d2a881c21632515e6b4faaea572a27c63ccd528,.md,HISTORICAL,true
docs/security/BRONZE_WINDOWS_SECURITY_RETRY_BUILD225.md,1339,6e68729c986253350674d477b337b2f82da3250d2971bd55e2626e908914b576,.md,HISTORICAL,true
docs/security/FRESH_PROFILE_DEVICE_IDENTITY_INITIALIZATION_BUILD226.md,1341,87705b2f437248ebfd1854c85f71feffa500476ea55da1573419cf16aec61975,.md,HISTORICAL,true
docs/security/IN_USE_USER_DATA_PROTECTION_BUILD213.md,1656,da80bff3a4801dd309468cd9d6457085628748378418b6928ec4b0a5726efe7c,.md,HISTORICAL,true
docs/security/OPEN021_WINDOWS_CLOSURE_BUILD217.md,1559,101ec008988f14889f112bcd41b1923bb30778d8f302b43773db67e950072b31,.md,HISTORICAL,true
docs/security/OPEN022_WINDOWS_CLOSURE_BUILD218.md,1872,257a4eb58a931de251e853eda1006c78a5ebcedbc3d733d970e85e367777a60c,.md,HISTORICAL,true
docs/security/PPK-013_CLIENT_DATA_ACCESS_THREAT_MODEL.md,4414,60fba609e69eedf5ce69041b5a446b7751b25f53c46371bfe56ab2d852ca0707,.md,ACTIVE_REFERENCE,true
docs/security/PPK-014_VERSIONED_CORE_SERVICE_API_THREAT_MODEL.md,3974,6bc32db73784f5811a1b1f9ab98d59a42c6ca42f241e8eb6374ed04635ccb98b,.md,ACTIVE_REFERENCE,true
docs/security/PPK-015_NETWORK_EGRESS_POLICY_THREAT_MODEL.md,5202,86170e3467c17579b7ab6830367b78b68d0e65e0f38402b58e0e42275ba512d0,.md,ACTIVE_REFERENCE,true
docs/security/PPK-016_DERIVED_DATA_POLICY_INHERITANCE_THREAT_MODEL.md,9915,95447006e3486019254960bdc362f6703bed2016ae865553573f432fa7339952,.md,ACTIVE_REFERENCE,true
docs/security/PPK-017_SENSITIVE_LOG_POLICY_THREAT_MODEL.md,5318,7ab951c1102005c47a1a258bf76e6f4d171d368ff5aed5a99365e1734882bc07,.md,ACTIVE_REFERENCE,true
docs/security/PPK-018_IMMUTABLE_POLICY_DECISION_AUDIT_THREAT_MODEL.md,4615,ff5c0cc94c8796f037ed965b8690bcdbe85d46638742be1ca991bfbea162c023,.md,ACTIVE_REFERENCE,true
docs/security/PPK-019_SOURCE_DELETION_PROPAGATION_THREAT_MODEL.md,4669,490bb93b11264f5cf7f45ffc86f1e7a3a7f72d36f51a5c212ef147bafb2adacf,.md,ACTIVE_REFERENCE,true
docs/security/PPK-020_CROSS_PLATFORM_POLICY_CONFORMANCE_THREAT_MODEL.md,3575,64661be36dfe037c40b52bc9967dbbadd9d64db87fe3e02d43a5b3d3175a1466,.md,ACTIVE_REFERENCE,true
docs/security/PPK-021_PLATFORM_POLICY_AST_FAIL_GATE_THREAT_MODEL.md,3346,9f459e367c937c92d977cf1a69526e16c4b087e6f5e18ce273c684b402198270,.md,TEST_OR_GATE,true
docs/security/PPK-022_CAPABILITY_MANIFEST_BUILD_RUNTIME_GATE_THREAT_MODEL.md,4854,92fbbad1485605b74f22abb86d590c09152dc9a7520254ea0cf27cb4e705b177,.md,TEST_OR_GATE,true
docs/security/PPK-023_APPLICATION_SECURITY_PROFILES_THREAT_MODEL.md,11585,35c2d415ea267325e877337d36e0d2e3f47a1d791c6376eff97c596eab3b34c8,.md,ACTIVE_REFERENCE,true
docs/security/PPK-024_POLICY_SERVICE_AVAILABILITY_THREAT_MODEL.md,5938,0e38127abdb7da7e7fd6e35c09256be96099cea0f76e49ff4ba960033db41181,.md,ACTIVE_REFERENCE,true
docs/security/PPK-025_SOFTWARE_SUPPLY_CHAIN_THREAT_MODEL.md,10666,f606a04a6653ac02206c606a27070f5735d10a005ea8d21e81efe0dfd8995f67,.md,ACTIVE_REFERENCE,true
docs/security/PPK-026_TYPED_POLICY_SDK_THREAT_MODEL.md,2402,0bbbb5436950f1dad8cd5f270e122a93d1c6bca078ae22da24adcdcc7841dd45,.md,ACTIVE_REFERENCE,true
docs/security/PROTECTED_SIDE_ARTIFACTS_BUILD214.md,1336,c2a27bfa139e8afc17158998d22b43fe78a19c5dba71343d661d3f20857ff13b,.md,HISTORICAL,true
docs/security/THREAT_MODEL_33_C_B4_FINANCE_PLANNING_PORTFOLIO_ANALYTICS.md,3000,64b10866624058bb4b5c184165ab39dfe11654810bb42c35037c68055cc26893,.md,ACTIVE_REFERENCE,true
docs/security/THREAT_MODEL_33_D_B4_CONTROLLED_IMPORT_OPEN_BANKING.md,5358,ac5b27d22d36360312546d6335d20583183e5fda3974f9b4207806ec25d24168,.md,ACTIVE_REFERENCE,true
docs/security/THREAT_MODEL_33_E_B5_CATEGORY_LIFE_HOME_VEHICLE.md,2516,ee443528200254543d4434eaeca2091e84f3249cf86f9d045038fc2cf6dd018e,.md,ACTIVE_REFERENCE,true
docs/security/THREAT_MODEL_33_F_HOME_INVENTORY_UTILITY_BELONGINGS.md,3947,1f82c1354f84f2478ef93a89666208b686b8d4c749e586a8feefcb61bf756de9,.md,ACTIVE_REFERENCE,true
docs/security/THREAT_MODEL_33_G_FAMILY_EMERGENCY_PLANNING.md,3187,69cd7010c56566bddb505d91e5095156c73f37586f330e106a20a771cba07d89,.md,ACTIVE_REFERENCE,true
docs/security/THREAT_MODEL_33_H_FAMILY_EMERGENCY_PREPAREDNESS.md,1998,abf004894e9c991b3c3bf62cb3383ffed20f439bd3007eaa1c6340bf460fb84e,.md,ACTIVE_REFERENCE,true
docs/security/THREAT_MODEL_33_I_FAMILY_EMERGENCY_ASSISTANCE_CARD.md,2890,9acebb3f4f43d3fb81e2d3209373af8aae8025c0b3fde1991d7a8dbb7acbc9eb,.md,ACTIVE_REFERENCE,true
docs/security/THREAT_MODEL_33_J_FAMILY_EMERGENCY_CARD_PORTABILITY.md,3406,750634e91429d8658ab1026e2882636d6c66a04c623470d00048d81dfeacd39b,.md,ACTIVE_REFERENCE,true
docs/security/THREAT_MODEL_33_K_PRIVACY_CONSENT_LOST_DEVICE_CONTROL.md,1794,3c99a0f234b4a7b68056df9f1012ec150bd3cd34a3759ccc31a16ec3421ca6b8,.md,ACTIVE_REFERENCE,true
docs/security/THREAT_MODEL_33_L_LONG_TERM_PORTFOLIO.md,4599,003e7522d03ce17b5f35f8b13e2d5aa40bb5ff19b4b358ab80628b1f0837c36a,.md,ACTIVE_REFERENCE,true
docs/security/THREAT_MODEL_33_M_ACCESSIBILITY_PREFERENCES.md,3009,78ffa7a4ab330f6d71ee31d7a651892ca2801baf20e4a539fc79d29837baf0a4,.md,ACTIVE_REFERENCE,true
docs/security/THREAT_MODEL_33_N_DRAFT_ASYNC_STATE_UX.md,3929,b0e63800f124847d83179a6418390738cd0d29fa82735d4439ab9ae34ff29b79,.md,ACTIVE_REFERENCE,true
docs/security/THREAT_MODEL_33_O_PRIVACY_OWNERSHIP_DATA_RIGHTS_INCIDENT_CONTROL.md,3086,d6205eb72832b9fb4e72420dfc9495a1f1cff8666bf57c00b5e27afbc9737ceb,.md,ACTIVE_REFERENCE,true
docs/security/THREAT_MODEL_33_P_PASSKEYS_FEDERATED_IDENTITY_VERIFIABLE_TEMPORARY_CREDENTIALS.md,13096,a387141ca92624939f58bd656f8c08d7b188ca9bbd226f64cfb7a200ad118fac,.md,ACTIVE_REFERENCE,true
docs/security/THREAT_MODEL_33_Q_LOCAL_GOVERNED_OCR_DERIVED_DATA_PIPELINE.md,16356,8f132e033c13185f567028a58fd03f38607f2688602aff9f4477e9d6007e2ed0,.md,ACTIVE_REFERENCE,true
docs/security/THREAT_MODEL_33_R_ARCHIVE_EVIDENCE_RELATIONS_MEDIA_LIFECYCLE_UNIFIED_AUTHORIZED_SEARCH.md,4552,73bbecd2d9360e8fbbf1b50eeef688e8ecf0d7fd62cfd91ffbf2d252b1481e25,.md,EVIDENCE,true
docs/security/THREAT_MODEL_33_S_HEALTH_CARE_COORDINATION_ELDERLY_SUPPORT_LEDGER.md,3149,f839cce4aa0767d92c946ddb76291f537f2c24ad905cf8687420496d26e885c9,.md,ACTIVE_REFERENCE,true
docs/security/THREAT_MODEL_33_T_HOUSEHOLD_OPERATIONS_CENTER.md,3997,ccef478c5f143d18d571d3dbdecf5c903eb35622456a0836fbb4b0676d50ab69,.md,ACTIVE_REFERENCE,true
docs/security/THREAT_MODEL_33_U_CHILD_EDUCATION_COORDINATION.md,3153,f35d9d904ad2adec15e010cdcfa382eea620e9a91292b4e0a1e635ffcb4a5f78,.md,ACTIVE_REFERENCE,true
docs/security/THREAT_MODEL_33_V_PLACES_TRAVEL_ASSET_PET.md,2049,bab8975b14aa7ac37bce3c6d66dc0bae3e03c155e269ede33918ea621d309de5,.md,ACTIVE_REFERENCE,true
docs/security/THREAT_MODEL_33_W_CONSENT_BOUND_FAMILY_AI_ASSISTANT.md,4490,70c35e42ca67a51010c428189820b7231f6da9c007047b93c53413c32c6bce90,.md,ACTIVE_REFERENCE,true
docs/security/THREAT_MODEL_33_X_MEMORY_STUDIO_TIME_CAPSULE.md,3327,57f6016ad7a61f10e94f26fd2459e8f5bdb29706f185e567acc307fd06a9b988,.md,ACTIVE_REFERENCE,true
docs/security/THREAT_MODEL_33_Y_LOCAL_FIRST_SMART_HOME_ENERGY.md,3527,ced362c6dc34c4bbeddfbe28d894d17e2330df30abd5447f453cd6e8696f3097,.md,ACTIVE_REFERENCE,true
docs/security/THREAT_MODEL_33_Z_SIGNED_PLUGIN_EXTERNAL_PROVIDER_PLATFORM.md,3479,59e70a93f25c498be973952dacc91779917c19c47b7f636c2ed7ee87b97db804,.md,ACTIVE_REFERENCE,true
docs/security/THREAT_MODEL_34_A_COMMUNICATION_POLICY_MLS_FOUNDATION.md,4408,bc6014b07f9882c1bbcb0c2c189e33329d561663da39d291e5b51def1a022a88,.md,ACTIVE_REFERENCE,true
docs/security/THREAT_MODEL_34_B_COMMUNICATION_MESSAGING_LIFECYCLE_PRIVACY_PRESENCE.md,4514,e9b8ef3b8715d0a43d701f222fcd7a8f0cf828e66805a0372a653a936bbea33a,.md,ACTIVE_REFERENCE,true
docs/security/THREAT_MODEL_34_C_REALTIME_CALLING_MEDIA_ACCESSIBLE_UX.md,4103,a0a266418aaf79ec001078254d608e42cc28c5383ca8d7c46464a5a4c665e2e3,.md,ACTIVE_REFERENCE,true
docs/security/THREAT_MODEL_34_D_EXPLICIT_CONSENT_RECORDING_MEDIA_RETENTION.md,3538,cf03ae8b2cca3cdf14b391e09c2a3a98c594aabd7378cc8e965451d26988cbff,.md,ACTIVE_REFERENCE,true
docs/security/THREAT_MODEL_34_E_LOCAL_FIRST_TRANSLATION_CAPTION_LANGUAGE_PROVIDER.md,3278,242aa2fa9db4928cb693a8d544376012df81ea81394c3efde756bf7e5c201ca2,.md,ACTIVE_REFERENCE,true
docs/security/THREAT_MODEL_34_F_FAMILY_MEETINGS_DECISIONS_CONSENT_MINUTES.md,3763,16bc0538168d14dda22f5f536086da4af4d51b4b04758e865b256a320b6d5d28,.md,ACTIVE_REFERENCE,true
docs/security/THREAT_MODEL_34_G_E2EE_FILE_SHARING_REMAINING_COMMUNICATION_UX.md,2064,b1f232c288ec4cf66eec1d90a55b1aa26e553cd2e259d919fbe4e193489e4391,.md,ACTIVE_REFERENCE,true
docs/security/THREAT_MODEL_34_H_COMMUNICATION_AUDIT_ARCHIVE_INTEGRITY.md,1121,682cbbb47ece2a953ff00827704499dbfb24f50a8f6fb745bce5e324d7a11195,.md,ACTIVE_REFERENCE,true
docs/security/THREAT_MODEL_34_I_DISTRIBUTED_CORE_CONSENSUS_TENANCY.md,2716,2313b8ed0a961854404f288709a2aec8bcf77c316f18778bc03271bd19402473,.md,ACTIVE_REFERENCE,true
docs/security/THREAT_MODEL_34_J_DISTRIBUTED_CLIENTS_OPERATIONS_DR.md,2716,cee982fd04ba98583d408b61edb11f639e497e1b15b75eeaa1651e3305cc0b32,.md,ACTIVE_REFERENCE,true
docs/security/THREAT_MODEL_34_K_WINDOWS_RESILIENCE_UNIVERSAL_UX.md,2395,e6f7fe4bf5ce4b6a03d0bdab6a1ab8ec35a0decc912985528d8f4ec02c84d09e,.md,ACTIVE_REFERENCE,true
docs/security/THREAT_MODEL_34_L_BRONZE_FINAL_LOCAL_CLOSURE.md,926,3b672f94f521d7483bab8e5a41d3adba4d6014b83cfcfd73fcbe7b3653b4aa47,.md,ACTIVE_REFERENCE,true
docs/security/WINDOWS_EVIDENCE_INTAKE_BUILD216.md,2047,38f3fbeedbf6a86687428c9a9423cfcdf203aa1b37415e300ba6a15a9e99a77a,.md,HISTORICAL,true
docs/security/WINDOWS_ROOT_CAUSE_REMEDIATION_BUILD227.md,1225,68210c2028aa2e58f7b779b37c638671603c657084dd2e6e04b7a5adbe55e170,.md,HISTORICAL,true
docs/security/WINDOWS_SECURITY_EVIDENCE_BUILD215.md,1407,f6a53640a82521f2c415badf4771cb2e5906a78cce85eff117508184fe9a4355,.md,HISTORICAL,true
docs/ticari-urun-temeli/00_OKU_BENI.md,8189,e817c834d9e64dd6e61d2083cc1fe450117983767c41bc41e3b7fbfcd90d0510,.md,ACTIVE_REFERENCE,true
docs/ticari-urun-temeli/00_TEMEL_SURUM_MANIFESTOSU.json,1196,196194412b95dace5253b8e27b226cd00a6de74a64e985f114e25a19d31fa0fd,.json,ACTIVE_REFERENCE,true
docs/ticari-urun-temeli/01_YONETIM/01_ASILAMAZ_KURALLAR.md,7822,4ee34ed4a5a8432b80d0e7cb33b639f3c9099b16569b5596822c92cc4350114b,.md,ACTIVE_REFERENCE,true
docs/ticari-urun-temeli/01_YONETIM/02_KARAR_VE_DEGISIKLIK_YONETIMI.md,1633,6b5beb81d306263cf5c12e72485151b97c1923e47c7b3dfaa5493225992f858b,.md,ACTIVE_REFERENCE,true
docs/ticari-urun-temeli/01_YONETIM/03_SORUMLULUK_VE_ONAY_MATRISI.md,1286,e9270d108179126edc8386bd12adb8ed59b1216b7f056aff48d0ade271b5ec6f,.md,ACTIVE_REFERENCE,true
docs/ticari-urun-temeli/01_YONETIM/04_AKTIF_KURAL_SICILI.json,8886,52cbc70696b1d9b983cca2d0ba0992c6b68525f8c221766b514d359a2138ece9,.json,ACTIVE_REFERENCE,true
docs/ticari-urun-temeli/01_YONETIM/05_DEGISIKLIK_SICILI.json,46924,cf9dfad7ac738a9130b63d3e3708357a91cf57f51512a0b38478f955826e8e9a,.json,ACTIVE_REFERENCE,true
docs/ticari-urun-temeli/01_YONETIM/06_RISK_SICILI.md,3257,6b356739408662e26aeb5ae77c5077f759aa9aee3bff4463a901a57d7fd5dd73,.md,ACTIVE_REFERENCE,true
docs/ticari-urun-temeli/02_IS_ANALIZI/01_URUN_IS_ANALIZI.md,3750,235e32a90ed6226eea68d54c11d8f143ef0b6af48bf362fa38eeaf1e0cf130f2,.md,ACTIVE_REFERENCE,true
docs/ticari-urun-temeli/02_IS_ANALIZI/02_KULLANICI_AKISLARI.md,2667,d24a42fcc55c2148663afc5ba885bd62392eb2f112751290cba55f9298f2f4cc,.md,ACTIVE_REFERENCE,true
docs/ticari-urun-temeli/02_IS_ANALIZI/03_GEREKSINIM_IZLENEBILIRLIK_MATRISI.md,3664,580c5cf1e801133c3410cd7d2486bc0986dd0ff3cf5f5264826d43f748ca0b0e,.md,ACTIVE_REFERENCE,true
docs/ticari-urun-temeli/03_MIMARI/01_SISTEM_MIMARISI.md,2411,cfd7063f6f5f9f60c13ac9e3e11a894a7d7d12d76d0dc19bd44c6394ec19ede2,.md,ACTIVE_REFERENCE,true
docs/ticari-urun-temeli/03_MIMARI/02_VERI_MIMARISI.md,2649,4e18249c7ef5cc5a5dd90503fcc03c2b3b04d9a95cbae1feccf5adcf34b4203e,.md,ACTIVE_REFERENCE,true
docs/ticari-urun-temeli/03_MIMARI/03_GUVENLIK_MIMARISI.md,2329,bc58af85b3d0452bb63c3e7b7d48ca5e3ba0d6be2003e5bf3eb1605b6c67c036,.md,ACTIVE_REFERENCE,true
docs/ticari-urun-temeli/03_MIMARI/04_PLATFORM_VE_DAGITIM_MIMARISI.md,4800,abf7edce27781c7b906fcbd2cf9b43816f808bf1832717a8e6f82594b3a9f750,.md,ACTIVE_REFERENCE,true
docs/ticari-urun-temeli/03_MIMARI/05_ORTAM_VE_YAYIN_TOPOLOJISI.md,1900,2d82b4e73b9122a44e5b036fe2085555edbcaf2e589bb3315fe4031349e99dd8,.md,ACTIVE_REFERENCE,true
docs/ticari-urun-temeli/04_URUN_TASARIMI/01_UX_ERISILEBILIRLIK_VE_MARKA.md,1933,90c54cca5fed00ebfe62abfb040c7397814829b406f86c23545237631ac10c83,.md,ACTIVE_REFERENCE,true
docs/ticari-urun-temeli/04_URUN_TASARIMI/02_SURUM_RENK_PALETLERI.md,4031,dc456c68434865fd6572cf506e30672fbe8900a4261469b80d0ec9707b9b7fd0,.md,ACTIVE_REFERENCE,true
docs/ticari-urun-temeli/05_KALITE_TEST_KANIT/01_TEST_VE_KABUL_STRATEJISI.md,1893,f5d4fda88627ce603dc3b1796c733d6268eedf10cca01b52877a5dc2545943e4,.md,TEST_OR_GATE,true
docs/ticari-urun-temeli/05_KALITE_TEST_KANIT/02_KANIT_VE_IZLENEBILIRLIK_SISTEMI.md,1126,cf6b96461c2aabf08e9b305a0466356262418bb26a75847de9c6637d6ff3fad1,.md,ACTIVE_REFERENCE,true
docs/ticari-urun-temeli/05_KALITE_TEST_KANIT/03_KANIT_SICILI.json,26232,2b4d2def7f95ae9be49964a311e81f66f0daa7a112a2b5e0d2578a13067028af,.json,ACTIVE_REFERENCE,true
docs/ticari-urun-temeli/05_KALITE_TEST_KANIT/04_TICARI_TEMEL_DOGRULAMA_KANITI.json,17395,33cbb673a3ea07fc7e054be1e86577a246075160c1ddc9f9e727ed0281caab1a,.json,ACTIVE_REFERENCE,true
docs/ticari-urun-temeli/05_KALITE_TEST_KANIT/05_GIT_YEDEK_DOGRULAMA_KANITI.json,814,f1f794646fcb62972102e8341d42f421621d88f6fc2d7d3a8941063ab097e222,.json,ACTIVE_REFERENCE,true
docs/ticari-urun-temeli/05_KALITE_TEST_KANIT/06_TAM_REGRESYON_KANITI.json,1093,49b6860a3495e8f06f3499babc331c237905c9bd5e0fa23081abdcd83adf45b4,.json,ACTIVE_REFERENCE,true
docs/ticari-urun-temeli/05_KALITE_TEST_KANIT/07_MARKA_KIMLIGI_DOGRULAMA_KANITI.json,1151,43e893603385be238ba3c62a1f7679fe3ddaa7e00f6bd08e08b906633f8757c1,.json,ACTIVE_REFERENCE,true
docs/ticari-urun-temeli/05_KALITE_TEST_KANIT/08_MENU_ISLEV_PARITE_KANITI.json,1023,d4f95c1a4dd750c840c3e040c68b7392908621b895e3e2d5d9ccb4b1ff81fd44,.json,ACTIVE_REFERENCE,true
docs/ticari-urun-temeli/05_KALITE_TEST_KANIT/09_SBOM_VE_LISANS_KANITI.json,1046,444a3fd4ad1d8fba3172bc8779aa0e63ee66fb5b43e2ea5d6baab0290997ba9d,.json,ACTIVE_REFERENCE,true
docs/ticari-urun-temeli/05_KALITE_TEST_KANIT/10_GUVENLIK_TARAMASI_KANITI.json,1230,6bcc8965598a67ea5307d1320ce400406d3de44b6538d1ffd24a596c012b7b12,.json,ACTIVE_REFERENCE,true
docs/ticari-urun-temeli/05_KALITE_TEST_KANIT/11_ERISILEBILIRLIK_OTOMATIK_KANITI.json,1206,ff5bf622f1c7fa1e7aee99f469e4c03ab125f8d65d71e31911f6f75a5c16850a,.json,ACTIVE_REFERENCE,true
docs/ticari-urun-temeli/05_KALITE_TEST_KANIT/12_OCR_ESZAMANLI_IPTAL_KANITI.json,1314,8bca4ea43f3433f797e60ad56ddd38245e72beeeaef0d070b4d7282b554300eb,.json,ACTIVE_REFERENCE,true
docs/ticari-urun-temeli/05_KALITE_TEST_KANIT/13_YEREL_LISANS_DOGRULAMA_KANITI.json,1663,064b20b0c54d46f68cc901bd7e2976bb08c3e335823ee291fb97b73079eef630,.json,ACTIVE_REFERENCE,true
docs/ticari-urun-temeli/05_KALITE_TEST_KANIT/14_SURUM_PALET_KONTRAST_KANITI.json,1843,84934cd7029faa890997af523aef590e8aaf56909a5acf7c72ffffd13e6244f5,.json,ACTIVE_REFERENCE,true
docs/ticari-urun-temeli/05_KALITE_TEST_KANIT/15_TIPOGRAFI_YUZDE_200_KANITI.json,1812,5e6e5d9d3a1a7378d92c011f22119bb40b7d6d732d2f4e4ffd23cc24cb6deea4,.json,ACTIVE_REFERENCE,true
docs/ticari-urun-temeli/05_KALITE_TEST_KANIT/16_SAYDAMLIK_VE_HAREKET_AZALTMA_KANITI.json,1758,51c74b1daa5dee54af2e88453edfa659a5aaaaab405f0e535548c4af39dc946c,.json,ACTIVE_REFERENCE,true
docs/ticari-urun-temeli/05_KALITE_TEST_KANIT/17_INGILIZCE_UZMAN_PANEL_DALGA_BIR_KANITI.json,979,ea1ce4a00fb6d3794b83b32ca1028641f5cfa6b8768b09b52b525d99dcc6367e,.json,ACTIVE_REFERENCE,true
docs/ticari-urun-temeli/05_KALITE_TEST_KANIT/18_INGILIZCE_UZMAN_PANEL_DALGA_IKI_KANITI.json,969,41d8839a0f1cb8b0a36072cf785febb47be4e9be6aeee8075276443d161066cb,.json,ACTIVE_REFERENCE,true
docs/ticari-urun-temeli/05_KALITE_TEST_KANIT/19_INGILIZCE_UZMAN_PANEL_DALGA_UC_KANITI.json,983,bddf94eb707582e647b9e637f53b091a25bf67b53b6be321a67c928fe866153e,.json,ACTIVE_REFERENCE,true
docs/ticari-urun-temeli/05_KALITE_TEST_KANIT/20_INGILIZCE_UZMAN_PANEL_DALGA_DORT_KANITI.json,887,0a5eb1f19ec4aa2e119969321bc6a0859022ebe46a40687c8b165824fc5bad61,.json,ACTIVE_REFERENCE,true
docs/ticari-urun-temeli/05_KALITE_TEST_KANIT/21_INGILIZCE_UZMAN_PANEL_DALGA_BES_KANITI.json,791,5faf1813d70e39fce4e3a68cfb1b8e8f23a63f8dc23c8c841ef96683f5da2537,.json,ACTIVE_REFERENCE,true
docs/ticari-urun-temeli/05_KALITE_TEST_KANIT/22_INGILIZCE_UZMAN_PANEL_DALGA_ALTI_KANITI.json,789,e7a950dd728dc2d46fa61c3ae57f0da18b10ab512defbaa777d48e58f5c98427,.json,ACTIVE_REFERENCE,true
docs/ticari-urun-temeli/05_KALITE_TEST_KANIT/23_INGILIZCE_UZMAN_PANEL_DALGA_YEDI_KANITI.json,823,d040df7cd4ada8dc8904fa0ad9bc2a05ecbe337bacc4b56075ca99ccebce1d79,.json,ACTIVE_REFERENCE,true
docs/ticari-urun-temeli/05_KALITE_TEST_KANIT/24_INGILIZCE_UZMAN_PANEL_DALGA_SEKIZ_KANITI.json,826,6aa6b4b99ead7177c03ea131f5ea65885553960d52bf856dad0983a1ecf15640,.json,ACTIVE_REFERENCE,true
docs/ticari-urun-temeli/05_KALITE_TEST_KANIT/25_INGILIZCE_UZMAN_PANEL_DALGA_DOKUZ_KANITI.json,788,f2a31ee673614a2015ddcb1c10e5d448dd4c8d66ab75c0570010d1e670650d2a,.json,ACTIVE_REFERENCE,true
docs/ticari-urun-temeli/05_KALITE_TEST_KANIT/26_INGILIZCE_UZMAN_PANEL_DALGA_ON_KANITI.json,811,3f131fee595f364f931ad8361221b7639c2705ed0c9e6b6c513927c7b1ac4db5,.json,ACTIVE_REFERENCE,true
docs/ticari-urun-temeli/05_KALITE_TEST_KANIT/27_INGILIZCE_UZMAN_PANEL_DALGA_ON_BIR_KANITI.json,814,04e1cc0c57777bc42d6b5fd38f2ae286bebf758fe457adfa6bc34613c8056f1a,.json,ACTIVE_REFERENCE,true
docs/ticari-urun-temeli/05_KALITE_TEST_KANIT/28_INGILIZCE_UZMAN_PANEL_DALGA_ON_IKI_KANITI.json,817,2385d5a76c6bf96cfb380667da21616f529315b57482ddb3b1913d0b42cfc9ed,.json,ACTIVE_REFERENCE,true
docs/ticari-urun-temeli/05_KALITE_TEST_KANIT/29_INGILIZCE_UZMAN_PANEL_DALGA_ON_UC_KANITI.json,798,24baedecd92edbe45101b22d70063fb24771f00468d815d78b2fffcaa8d0ffe0,.json,ACTIVE_REFERENCE,true
docs/ticari-urun-temeli/05_KALITE_TEST_KANIT/30_INGILIZCE_UZMAN_PANEL_DALGA_ON_DORT_KANITI.json,795,8132681482d5996650a3ad4c9e00b107b1c6826df555f38cf0c1d8b13c47a26a,.json,ACTIVE_REFERENCE,true
docs/ticari-urun-temeli/05_KALITE_TEST_KANIT/31_INGILIZCE_UZMAN_PANEL_DALGA_ON_BES_KANITI.json,793,01386d750d0404e48e34f0b0eac45565e7bfd1523e058ee290a5664c8738a78e,.json,ACTIVE_REFERENCE,true
docs/ticari-urun-temeli/05_KALITE_TEST_KANIT/32_INGILIZCE_UZMAN_PANEL_DALGA_ON_ALTI_KANITI.json,789,159b4b8358bd0d82df22a7f77874acb2f4ae42b6b7c42439b774e521cb705399,.json,ACTIVE_REFERENCE,true
docs/ticari-urun-temeli/05_KALITE_TEST_KANIT/33_INGILIZCE_UZMAN_PANEL_DALGA_ON_YEDI_KANITI.json,849,75e0357045c50ff4d34e88efa6cfb8de08584277006e2b3be1b600b35f7aa5a7,.json,ACTIVE_REFERENCE,true
docs/ticari-urun-temeli/05_KALITE_TEST_KANIT/34_INGILIZCE_UZMAN_PANEL_DALGA_ON_SEKIZ_KANITI.json,922,653eec2f8c99f0e09d07915d3f013f70a9fd44b3d7d9e2cc0c7d9090c9f3ae62,.json,ACTIVE_REFERENCE,true
docs/ticari-urun-temeli/05_KALITE_TEST_KANIT/35_INGILIZCE_ANA_KABUK_DALGA_BIR_KANITI.json,1003,f176bd31f6bd3cb1a6e48fbbc98b6886eb5ad58c30ddc2486b99141ac016bc35,.json,ACTIVE_REFERENCE,true
docs/ticari-urun-temeli/05_KALITE_TEST_KANIT/36_INGILIZCE_ANA_KABUK_DALGA_IKI_KANITI.json,918,a48e1ca54daa45ef5aa746f0f0f80d6249cefed3d300d5d0647ed0d50e4fd5c1,.json,ACTIVE_REFERENCE,true
docs/ticari-urun-temeli/05_KALITE_TEST_KANIT/37_INGILIZCE_ANA_KABUK_DALGA_UC_KANITI.json,887,254c3c6753221e7f1ab8be5b8a1439f12340bd09f2e21ff6531a830d5935819a,.json,ACTIVE_REFERENCE,true
docs/ticari-urun-temeli/05_KALITE_TEST_KANIT/38_INGILIZCE_ANA_KABUK_DALGA_DORT_KANITI.json,881,d1588f54e5442aa18ceb3bb97c549e6c0ba1ddabf0ffa6c0af9052dd904d393e,.json,ACTIVE_REFERENCE,true
docs/ticari-urun-temeli/05_KALITE_TEST_KANIT/39_INGILIZCE_ANA_KABUK_DALGA_BES_KANITI.json,913,fedd2134ee1de23558ea1efb8ce5eba0c73d46367e235f68a23ad6ed3d57a59a,.json,ACTIVE_REFERENCE,true
docs/ticari-urun-temeli/05_KALITE_TEST_KANIT/40_INGILIZCE_ANA_KABUK_DALGA_ALTI_KANITI.json,854,e72ef07cac9d5173206eac0f911689f3dd328c4feef5d4793645fc7a596bfaeb,.json,ACTIVE_REFERENCE,true
docs/ticari-urun-temeli/05_KALITE_TEST_KANIT/41_INGILIZCE_ANA_KABUK_DALGA_YEDI_KANITI.json,862,ffb839d86d54fceee3592d6223348e183ff2712aea010f0c6ae8cfc8d3cda96c,.json,ACTIVE_REFERENCE,true
docs/ticari-urun-temeli/05_KALITE_TEST_KANIT/42_INGILIZCE_ANA_KABUK_DALGA_SEKIZ_KANITI.json,870,5a0d0f279aa11c8d7dadb9887a8536a26ec360611ca0d6ca58ee337d23f7042c,.json,ACTIVE_REFERENCE,true
docs/ticari-urun-temeli/05_KALITE_TEST_KANIT/43_INGILIZCE_ANA_KABUK_DALGA_DOKUZ_KANITI.json,886,146f162d3d116ad697ad13a7773244a1c0bbb7f956e9635c237ab7cdd4b23366,.json,ACTIVE_REFERENCE,true
docs/ticari-urun-temeli/05_KALITE_TEST_KANIT/44_INGILIZCE_ANA_KABUK_DALGA_ON_KANITI.json,900,2baab8595514f461c43039c8581ac65b96d63d8e15cf4cf2bdbd15e5e0585083,.json,ACTIVE_REFERENCE,true
docs/ticari-urun-temeli/05_KALITE_TEST_KANIT/45_INGILIZCE_ANA_KABUK_DALGA_ON_BIR_KANITI.json,998,fe2b29d20aede27c710b21c0544c070cfadac2379938eddeb397e02198907195,.json,ACTIVE_REFERENCE,true
docs/ticari-urun-temeli/05_KALITE_TEST_KANIT/46_INGILIZCE_ANA_KABUK_DALGA_ON_IKI_KANITI.json,1006,ba0d00f64bb079af0c5e17f14cd84fe9eeaa0e56a0a6833eb983de7183f2b61d,.json,ACTIVE_REFERENCE,true
docs/ticari-urun-temeli/05_KALITE_TEST_KANIT/47_INGILIZCE_ANA_KABUK_DALGA_ON_UC_KANITI.json,974,08fd4d848b24693fdb8f46484e319471a7d2a5656a3e9d14d6b0c576456340b2,.json,ACTIVE_REFERENCE,true
docs/ticari-urun-temeli/05_KALITE_TEST_KANIT/48_INGILIZCE_ANA_KABUK_DALGA_ON_DORT_KANITI.json,935,2495623e7bf2bfcd3b8138e90c011c511e951477b18fef99c5da8cd82cd019ab,.json,ACTIVE_REFERENCE,true
docs/ticari-urun-temeli/05_KALITE_TEST_KANIT/49_INGILIZCE_ANA_KABUK_DALGA_ON_BES_KANITI.json,915,cd7b9f4ab9f62e51111e622f1f031dae5f1297b64f6c91419c851996b2198ee7,.json,ACTIVE_REFERENCE,true
docs/ticari-urun-temeli/05_KALITE_TEST_KANIT/50_INGILIZCE_ANA_KABUK_DALGA_ON_ALTI_KANITI.json,1014,41d9e975ddd24be10e0a5ae012530a0613ed46d25a0dbf3d79553b492ca179a4,.json,ACTIVE_REFERENCE,true
docs/ticari-urun-temeli/05_KALITE_TEST_KANIT/51_INGILIZCE_ANA_KABUK_DALGA_ON_YEDI_KANITI.json,994,eceb5949ab1f01ae9bbe7ef253f6e2e458a5ccc924c8617e97c647be7d12771b,.json,ACTIVE_REFERENCE,true
docs/ticari-urun-temeli/05_KALITE_TEST_KANIT/52_INGILIZCE_ANA_KABUK_DALGA_ON_SEKIZ_KANITI.json,893,1eb8d0366d83b0ebac75b6598dcb29e17b46a02cbed141c4f7d862f5c64d6c23,.json,ACTIVE_REFERENCE,true
docs/ticari-urun-temeli/05_KALITE_TEST_KANIT/53_KALICI_KULLANICI_DIL_TERCIHI_KANITI.json,1112,5285d44dcdb733a94d5bcfc689ad30cf04c7b6291cd349be01f4dd0191c59009,.json,ACTIVE_REFERENCE,true
docs/ticari-urun-temeli/05_KALITE_TEST_KANIT/54_20_08_2026_KURULUM_VE_PAKETLI_ACILIS_KANITI.json,1723,e169fbff513ea3f9e70bfebf340562a04b991b6ddbd34c3cf2739afe3875244c,.json,ACTIVE_REFERENCE,true
docs/ticari-urun-temeli/06_DIS_KAYNAK_VE_LISANS/01_TICARI_LISANS_ENVANTERI.md,3440,3bcbdfd7eea28bd097c28396336eb3637c73386bd9b72b465a1049a8353ee18b,.md,ACTIVE_REFERENCE,true
docs/ticari-urun-temeli/06_DIS_KAYNAK_VE_LISANS/02_SAGLAYICI_SECIM_KRITERLERI.md,1307,a02867e85b4b1e9cf5a0700a4df7224014d70d3b870d76e72ad247db97db3fed,.md,ACTIVE_REFERENCE,true
docs/ticari-urun-temeli/07_TICARI_HAZIRLIK/01_TICARILESME_YOL_HARITASI.md,1342,20be91e390efb32541357d577a394d16894f6f7c65124d06e3a99db85c101c67,.md,ACTIVE_REFERENCE,true
docs/ticari-urun-temeli/07_TICARI_HAZIRLIK/02_LISANS_AKTIVASYON_VE_DENEME.md,1379,50c9daa50f63c08c123dca031d52cd71166289184ad2f7c188852cd4608871fe,.md,ACTIVE_REFERENCE,true
docs/ticari-urun-temeli/07_TICARI_HAZIRLIK/03_OPERASYON_DESTEK_VE_OLAY_YONETIMI.md,1697,a20863212d5dcbedd6c34e25fbf95be13c1654a80c7867a8096df32e177f0755,.md,ACTIVE_REFERENCE,true
docs/ticari-urun-temeli/08_IS_LISTESI/01_ANA_IS_LISTESI.md,17595,09cabefaa2504fc70c823a04363f5ed59af587898d8ee4612adcd83e2eeed54e,.md,ACTIVE_REFERENCE,true
docs/ticari-urun-temeli/08_IS_LISTESI/02_DIS_KAYNAK_GEREKTIREN_ISLER.md,1226,27d8e198fa0227dd8c338c11725ca5926e687957c86c29120cff619a0789f81c,.md,ACTIVE_REFERENCE,true
docs/ticari-urun-temeli/08_IS_LISTESI/03_ANA_IS_SICILI.json,31920,153aa2fa17bc77c0d42a9847dd656b18824324949880be426656deaeb9414c46,.json,ACTIVE_REFERENCE,true
docs/ticari-urun-temeli/08_IS_LISTESI/04_IS_YURUTME_SIRASI.md,1709,62e707837e3c5b3fa95aaa6d546b4e0ba90bfacbed84abbede7d2cc7dbf04674,.md,ACTIVE_REFERENCE,true
docs/ticari-urun-temeli/09_TARIHCE/01_PROJE_TARIHCESI.md,2348,edd9c71c00db41f614394a7af628796f7f60672df1060127aba1e5fc0a1a167e,.md,ACTIVE_REFERENCE,true
docs/ticari-urun-temeli/10_SEMALAR/01_KURAL_SEMASI.schema.json,1013,30200c5f82576b41c2603376b599cb930c2584c4070fdea6db9d91bba965be62,.json,ACTIVE_REFERENCE,true
docs/ticari-urun-temeli/10_SEMALAR/02_KARAR_SEMASI.schema.json,1103,1b2812259f32776f483acbdbc3970e1855ddd6be3419252a64aa7ae4c669b506,.json,ACTIVE_REFERENCE,true
docs/ticari-urun-temeli/10_SEMALAR/03_IS_PAKETI_SEMASI.schema.json,1420,a660b5ec1e81e1db308ea08e33f2b70658988fc7691909b9e7da38553626c939,.json,ACTIVE_REFERENCE,true
docs/ticari-urun-temeli/10_SEMALAR/04_KANIT_SEMASI.schema.json,911,da3855f4281e4a92e68f01f5ad13c9627d4c51255f4c73eeb146b6cace810c8a,.json,ACTIVE_REFERENCE,true
docs/ticari-urun-temeli/11_OTOMASYON/dogrula-ticari-temel-alani.mjs,25811,094b240d5bdec88564096e9c0997158e02ae44a00d952dfdac8f2fd25f2b9fe2,.mjs,SOURCE_CODE,false
docs/ui/history/UI_VISUAL_REFERENCE_MANIFESTO_BUILD208_LEGACY_DARK_BASELINE.png,252444,637087594134b257105011990dc5de38ee90cc46fc6307565cad6df62fbc35f7,.png,HISTORICAL,false
docs/ui/history/UI_VISUAL_REFERENCE_MANIFESTO_BUILD208_LEGACY_DARK_BASELINE.svg,60384,bb4599c50c02f02d8166f96046e863752b452bae08874fcee05a63e785a4c947,.svg,HISTORICAL,false
docs/ui/UI_VISUAL_REFERENCE_MANIFESTO_ACTIVE.png,1410745,f2f2a083fb74a50fc31459c8236eff9be74e01f9b359c5889fdb740395850357,.png,ACTIVE_REFERENCE,false
docs/ui/UI_VISUAL_REFERENCE_MANIFESTO.md,2454,e54806d2747d72d7021927f9d0bd6887f838e1812115f8e941d4d1e54db0fef2,.md,ACTIVE_REFERENCE,true
handoff/NEW_CHAT_HANDOFF_BUILD224.md,2436,54062304fbc74ffd4914c609131dafafc03ebbaaaa1c6b8d931a3a8ad425a3fc,.md,HISTORICAL,true
logs/29-D2-C/START_STEP_GATE.rc,2,9a271f2a916b0b6ee6cecb2426f0b3206ef074578be55d9bc94f6f3fe3ab86aa,.rc,TEST_OR_GATE,false
manifest.json,,SELF_GENERATED_AFTER_INVENTORY,.json,GENERATED,true
native/windows-core-service-host/build.ps1,2156,08035e36f274d1839c6e3099d7b70f91d2ad131cd2454c38f802fad1abe710ce,.ps1,SOURCE_CODE,false
native/windows-core-service-host/install-service.ps1,1691,36478f8b04886fe54fb314ea1a4e9c2e6ce3ec2cf0197761fcb15ced63c066b2,.ps1,SOURCE_CODE,false
native/windows-core-service-host/ParsYuvaCoreServiceHost.cs,21620,cad648c937b1aac1ad6dd900db1f074fcbe2185e751bf9bb7a43a220c236a539,.cs,ACTIVE_REFERENCE,false
native/windows-core-service-host/uninstall-service.ps1,695,65ebaaaedf347f3207d00bb85974e14480138f3ba10f5352abce2d0b5b4e8b60,.ps1,SOURCE_CODE,false
OPEN021_WINDOWS_KAPAT.cmd,595,79e9330f355bb1bd2eb3581de875f7ad45da1c5716d070687d4b49559aa42404,.cmd,ACTIVE_REFERENCE,false
OPEN022_WINDOWS_KAPAT.cmd,595,a694706424e70175f1b561a79e543c627dc038d7794f164677bd455c7cb42064,.cmd,ACTIVE_REFERENCE,false
package-lock.json,87853,4b2fab08c4eee83167e0341e6249cb94bf1604ccd8f48d83606c0fcf95bbcb4b,.json,ACTIVE_REFERENCE,true
package.json,126243,9c1ff8888e2a582629f8fe6b9f5f5f308ba685ca404a71171e49d8691c587ff9,.json,ACTIVE_REFERENCE,true
packages/application/package.json,633,6527ad06bacc4167c0f4ddaad09ea6d0a432d2304ac37a396285a949f35045de,.json,ACTIVE_REFERENCE,true
packages/application/src/accessibility-preferences-use-cases.ts,14526,95901ac1e533cd2d0c8b7e739ee5ce7488d4d998bbf5519a31a1221bc58e88a5,.ts,SOURCE_CODE,false
packages/application/src/ai-consent-use-cases.ts,16752,014f3daa7c6a2324c77e6edf978d03e2b3c0061ad56fc3146a58148dfb1150be,.ts,SOURCE_CODE,false
packages/application/src/application-security-profile-gate-use-cases.ts,1672,4bbb7f3c8ccf7a9eb8de73321c0f9c0086fbe0d8a853e1cbaffba0bc147d6c35,.ts,TEST_OR_GATE,false
packages/application/src/archive-evidence-media-use-cases.ts,12913,b275dcf7371bc238a23e205d1dc65d5c1ee2dd312e0cd10e4e5ccb831b9ad301,.ts,EVIDENCE,false
packages/application/src/archive-use-cases.ts,20211,5121bf93362efceafebc1ef00e3b8862f9e8ae1dc97e89ddff1cd191d0dddba4,.ts,SOURCE_CODE,false
packages/application/src/archive-vault-file-use-cases.ts,4976,af24bd511abbe4dd6256dbab9d52197889ac1e1bf1868a2ec2fb18a952734c3d,.ts,SOURCE_CODE,false
packages/application/src/audit-read-use-cases.ts,764,72776d826f723417caa1808730e48ee43769e34302c2634879dbe1cfdb3af7d2,.ts,SOURCE_CODE,false
packages/application/src/audit-storage-protection-use-cases.ts,453,84970c1320c04640bf3cba9a051ffcc7b8baf3418572f1d404d004a5299a694e,.ts,SOURCE_CODE,false
packages/application/src/audit-write-use-cases.ts,1257,24a8812d344556da862428402ebf88172b1ed3e93b65a271e4fe637e254c1a07,.ts,SOURCE_CODE,false
packages/application/src/auth-use-cases.ts,48795,7abac1e85611aa5d095847b47139f890cb5031fb590eec67073da0faef809131,.ts,SOURCE_CODE,false
packages/application/src/authorization-use-cases.ts,16731,6bd74abdee4eb3c35bc99504b501ce3240e368999ef2cdbfd3f61161d5711538,.ts,SOURCE_CODE,false
packages/application/src/automation-use-cases.ts,5654,a93e0b8576582857de2183ea1a20be6d6f36c1b3e64fd812560bc4085755ef50,.ts,SOURCE_CODE,false
packages/application/src/backup-database-safety-use-cases.ts,1570,3f08ba22f53581ebe69b09ef4039ce48792e3c27e0eee428e6e405c280abbf9a,.ts,SOURCE_CODE,false
packages/application/src/backup-propagation-use-cases.ts,9118,d82e4ab08996a7605c8cb118c5a422685def89d784307f76c98fd2cc9b5e94e7,.ts,SOURCE_CODE,false
packages/application/src/backup-purge-propagation-file-use-cases.ts,3052,e55435ef95adab8896520951a87db880d29adb7fc756c2f475cea30e94b7a5c6,.ts,SOURCE_CODE,false
packages/application/src/backup-quarantine-use-cases.ts,11580,c3d6ef16edd33acc2e1d410be45e53fb6e954360821db40d49107133efaf29b1,.ts,SOURCE_CODE,false
packages/application/src/backup-target-file-use-cases.ts,4927,811c9a2610dcac3e65fec938c7d8008fae696fec9d7fcd35bc127690998eb177,.ts,SOURCE_CODE,false
packages/application/src/backup-use-cases.ts,4435,4961dd7d6b4edf77bcb2571ebf421429305612eea34a783754bb295c81a1a6ac,.ts,SOURCE_CODE,false
packages/application/src/banking-security.ts,15939,111fce9841140a34b00f0b75708ec029cad749c3dcc2dd3be37d1ad16d543cb7,.ts,SOURCE_CODE,false
packages/application/src/bootstrap-use-cases.ts,3908,7e3dc431a8798e8467efdcad64b1c39923da85b67696054cc2dde3a8ac5a799f,.ts,SOURCE_CODE,false
packages/application/src/child-education-coordination-use-cases.ts,31086,7802932a035cd4a8004616ef3c5b1c502d664acad226c64bed51f7cb654a5215,.ts,SOURCE_CODE,false
packages/application/src/client-data-access-use-cases.ts,2453,55e5680f5238a5f8e3b4b4e44e7b50b031d31f6fca72c299fac13b080491e0d0,.ts,SOURCE_CODE,false
packages/application/src/communication-audit-archive-use-cases.ts,15598,027d5b41c29e2a45da4ef3f46b190e5dce662c094492a334b52bd5255320046a,.ts,SOURCE_CODE,false
packages/application/src/communication-file-sharing-use-cases.ts,49697,49934b03c8089df4b74665a576c6aed77c46ddcca5d64d46b234dc8089e28e9b,.ts,SOURCE_CODE,false
packages/application/src/communication-messaging-use-cases.ts,45771,6d0cc251a0d27705643edf01c5e52b8921e2d5a1509d25ba50a820d0c1ccc274,.ts,SOURCE_CODE,false
packages/application/src/communication-realtime-calling-use-cases.ts,44963,f44aaf8d1696348c39c2b64eca4f184882d0588d7a2ac3ff2fd8f04cce26cdbb,.ts,SOURCE_CODE,false
packages/application/src/communication-recording-retention-use-cases.ts,32444,5d8988e5951b7de8f8b26f2037f3fa21a23a0cf2bdf900b5f793555266e88ee8,.ts,SOURCE_CODE,false
packages/application/src/communication-security-use-cases.ts,60989,39dde6f403fda78c5053c9999c08ab76773cae202798f699861e8efd2c6040f6,.ts,SOURCE_CODE,false
packages/application/src/dashboard-use-cases.ts,3918,c641de943cfde124a24eaced058e4c2367cd022b665bc2fba0c966ccaac0b47e,.ts,SOURCE_CODE,false
packages/application/src/data-lifecycle-use-cases.ts,22918,3439ec86fa38cb7d12e15e3354a4070e9d66697ecc57382fce43f17ead69cf12,.ts,SOURCE_CODE,false
packages/application/src/data-repair-use-cases.ts,10346,11aa6279786f69190f6afa6c4f1aebb3f6277647a9e8fb62e3c565578f2eb3f2,.ts,SOURCE_CODE,false
packages/application/src/database-export-file-use-cases.ts,1434,3269920e107cac354c0435bd85645f644db1216da8aa5b7b87b9ac9e421278a4,.ts,SOURCE_CODE,false
packages/application/src/database-health-use-cases.ts,596,8053835173c104e8cf2bf98a2eba9c8d512515a6bf1929a95fb7005e45174698,.ts,SOURCE_CODE,false
packages/application/src/database-maintenance-use-cases.ts,683,c2b5b749b3583ffef4d118f5bdd6dd91baa4dbb2ad4e71076ee8b3dc9c75dcc5,.ts,SOURCE_CODE,false
packages/application/src/derived-data-inheritance-use-cases.ts,2888,0adaf78271b70ede1272ea2636b86f1b837d64571e93b067e14019172206c410,.ts,SOURCE_CODE,false
packages/application/src/desktop-security-use-cases.ts,1547,36118ab170f55fc7c9462bd1e98e75cf108f9560178c9904db808b1043b507a7,.ts,SOURCE_CODE,false
packages/application/src/external-backup-evidence-use-cases.ts,29016,161aca1b92faef5d373b7d12088eea780e7a1cc105db59560814e006c962e568,.ts,EVIDENCE,false
packages/application/src/external-backup-inventory-use-cases.ts,12691,36ca77abf8d8ba22a42771b668bade8a4aa81f61903d07af36eb5be624de430c,.ts,SOURCE_CODE,false
packages/application/src/external-backup-revocation-endpoint-use-cases.ts,9786,ba269c68b87a2b31d986f15827967256ecf37b14ad8009853485a0e064d6d6b7,.ts,SOURCE_CODE,false
packages/application/src/external-backup-revocation-list-use-cases.ts,14245,12dd93859674ed6d892d88183993884fef27fc512b7b1da3d3528f43e67b3525,.ts,SOURCE_CODE,false
packages/application/src/family-ai-assistant-use-cases.ts,30309,1691a4b3eb9312117ed7bfdb1df653a1c4a928e7d3267a12e2dfad89c4e166bc,.ts,SOURCE_CODE,false
packages/application/src/family-meeting-use-cases.ts,55581,f34ba90b94a4845a7d2fc3cb5074142cdcfc923bb4ce0a14714e0fa3482411d5,.ts,SOURCE_CODE,false
packages/application/src/family-storage-layout-use-cases.ts,1699,e57bf4877e99f4021eb8171f5000bb843707430b3167b6465df03317816cc54c,.ts,SOURCE_CODE,false
packages/application/src/family-timeline-service.ts,839,e40d3862f47cd19551d490656c1937d833ae7464afeecd03a97605ce8c97ef79,.ts,SOURCE_CODE,false
packages/application/src/family-use-cases.ts,18028,319a35c2623b139a9a50b1428961b12edb5ac9d46872669c1a8bcd94f69e110f,.ts,SOURCE_CODE,false
packages/application/src/finance-use-cases.ts,96774,66acaf0c6d114e28192b21de7a4daa27300ee9434e3e6f9d93b8ec2cc55acf19,.ts,SOURCE_CODE,false
packages/application/src/form-draft-use-cases.ts,15416,1559abf2f65e53550b346c5a17d265433045d3738fdbba57b77921e8babba679,.ts,SOURCE_CODE,false
packages/application/src/full-backup-file-use-cases.ts,6876,68634449147afb10f472784fe594f5fd8df2ff8f35d6ad93641fb67a3bd2e21b,.ts,SOURCE_CODE,false
packages/application/src/genealogy-use-cases.ts,7821,caa21884fbcb5f39c9689c7ed48267845296f881dcb7bd583f3aac35fedb29c7,.ts,SOURCE_CODE,false
packages/application/src/health-care-coordination-use-cases.ts,28400,600e54f46d97d032c45cf78014d976be31d92dd61bff2a3fe6df062456068b44,.ts,SOURCE_CODE,false
packages/application/src/health-use-cases.ts,15974,dcddfb962f9db8a89b113f495c143aab2c3dd4a72f5fb21fa442a7c48e051236,.ts,SOURCE_CODE,false
packages/application/src/household-membership-use-cases.ts,19057,06b35f5ba7c372d47f83246a5df2bec56dabafd0d058fb4a286fb7ed547dc4ac,.ts,SOURCE_CODE,false
packages/application/src/household-operations-use-cases.ts,43190,b47eb40cbe8b305d3f28b6606476b2133a20da99400bcf630cd47e393fd79301,.ts,SOURCE_CODE,false
packages/application/src/identity-access-credential-use-cases.ts,81510,3e89a89e8cacca3b61219cec6a9d6bef719463d47e386d4de5568df976d69203,.ts,SOURCE_CODE,false
packages/application/src/index.ts,4582,2bcdafa5523916b3e3bd36d3224c0e7c34e63091bea3fcf44f6529b25874af71,.ts,SOURCE_CODE,false
packages/application/src/legacy-use-cases.ts,15893,cf722629b1237d3f00c723e3041f23e6986a73d5ece3ca9be76ebfbff0c28a7b,.ts,SOURCE_CODE,false
packages/application/src/life-security.ts,23991,40912af3cc70d92ad8d6494c47b7311f265136775b32367c30b22790d56506d6,.ts,SOURCE_CODE,false
packages/application/src/life-use-cases.ts,170141,1ac479f84d9fea2a5c47e7e33c2cd61b596f82c158ed39827bf60445ef82cd21,.ts,SOURCE_CODE,false
packages/application/src/local-governed-ocr-use-cases.ts,105736,c4861daee9a2dfdeca568140678a15e844faabc80e94e13c4402febe440f0ed7,.ts,SOURCE_CODE,false
packages/application/src/local-translation-language-use-cases.ts,34756,395118e5e5c62e9807658661ef208873191156f1e1e0280dd4d06b8014a5c9f6,.ts,SOURCE_CODE,false
packages/application/src/location-use-cases.ts,9680,5e19118d50f3808f73e32ce869b562d4143972acddb8c22ddc7fad0a44843f63,.ts,SOURCE_CODE,false
packages/application/src/long-term-portfolio-use-cases.ts,61800,a663f4cbcdee81d577fac94161b4d4ce1bffa30282b38a9f6dc7cb892524cf46,.ts,SOURCE_CODE,false
packages/application/src/managed-backup-propagation-use-case.ts,8577,7bfea67ac17b419d612a5d13a6ed4863820fe5886d407ff9ba06782e4def0bf0,.ts,SOURCE_CODE,false
packages/application/src/membership-use-cases.ts,26283,4023961d508382bb42ad1dd672c658d37348a9d9824bfd93caa74b6906715883,.ts,SOURCE_CODE,false
packages/application/src/memory-studio-use-cases.ts,36481,7f19778dcfae3fc21b755d71c53f04c2d754d57fdfc431eb710bfd9c328467b0,.ts,SOURCE_CODE,false
packages/application/src/offline-capability-lease-use-cases.ts,9670,36533afc16f88f7fd8b284cf5d6345a61857311b7d66165eb42cb206402e48f6,.ts,SOURCE_CODE,false
packages/application/src/operational-artifact-file-use-cases.ts,4161,17db222b881e0110278a486e6a4c3ec774de3cdb7dc118281eb67d8cac291f31,.ts,SOURCE_CODE,false
packages/application/src/operational-health-use-cases.ts,19621,baf3a83997d0d0450ac190d602e07769cfd5c6d836e6217a9c6920ff453275ce,.ts,SOURCE_CODE,false
packages/application/src/person-lifecycle-use-cases.ts,20643,4912fcddf61912b7adfdb3aa6e76da885e4b7e35e3586acde83cdb8bf3868a48,.ts,SOURCE_CODE,false
packages/application/src/places-travel-asset-pet-use-cases.ts,34698,0995e7285f6b0e1a489416765579dd0b57299d0874d717a86d92690750cec758,.ts,SOURCE_CODE,false
packages/application/src/platform-capability-manifest-gate-use-cases.ts,1933,bd80fae7facc39171dfa2a5f0144334a43a08e441653b1387b3fc20f5cd4fb00,.ts,TEST_OR_GATE,false
packages/application/src/platform-policy-ast-gate-use-cases.ts,2002,bca40f19603de0f6c0ab96e3c1131c71604c27f88332f795146098b6fa44d401,.ts,TEST_OR_GATE,false
packages/application/src/policy-conformance-suite-use-cases.ts,1450,21a9027e907a1528bbc48df125f343421f851aed32a2a95cb099ae1a5b70cf8c,.ts,SOURCE_CODE,false
packages/application/src/policy-decision-audit-use-cases.ts,2779,0b9a118b5179bc688647bb2ee4043a3f9639da6d096f47d91189bf9719f18948,.ts,SOURCE_CODE,false
packages/application/src/policy-service-availability-use-cases.ts,3308,f28c0d036ae6d2f72eaf49f2f98e2829ce0ed04c772e6247b851d5455013c606,.ts,SOURCE_CODE,false
packages/application/src/privacy-control-use-cases.ts,13956,32cb5554ff582e0cbe2994352362f78d50dba2850159148a076626b54e01beb3,.ts,SOURCE_CODE,false
packages/application/src/privacy-ownership-data-rights-use-cases.ts,51269,757321b29fa834110550b9c31c3fb62c10f508b61f29ee5dac6dc7a627563dee,.ts,SOURCE_CODE,false
packages/application/src/product-surface-governance-use-cases.ts,882,283c73bb9f4ec754d05df5a34b189f62937191ed53a2772d17292d0846f8cc60,.ts,SOURCE_CODE,false
packages/application/src/report-use-cases.ts,2547,38f38adad12a26f28c874072ae6f42b4a89919d3bdff5c063afbc147ce5a9f74,.ts,SOURCE_CODE,false
packages/application/src/security-epoch.ts,1786,cadb2199abec1ab0fe643223a8d8c5fec500bdc1c90687222fcdda0aa244633a,.ts,SOURCE_CODE,false
packages/application/src/sensitive-logging-use-cases.ts,1566,31cabb360c03f3d6f6b4a8ab1aea835b9b7a94b7076a0d5e8ddfcd4c69dec399,.ts,SOURCE_CODE,false
packages/application/src/signed-plugin-platform-use-cases.ts,39615,7fea732158a7c8a9ed22c64077f57b9736e46a95724de3df581dc21f9c0bdb48,.ts,SOURCE_CODE,false
packages/application/src/smart-home-energy-use-cases.ts,40144,f77c85c2c916109ce137dc0a34a93a68af70354fde9ba14ebb17f5c69d1fa1a4,.ts,SOURCE_CODE,false
packages/application/src/source-deletion-propagation-use-cases.ts,4480,8524ac97c9b9ca13065e029a93b89a0468f1e4402481313bfef38cce5b135ffc,.ts,SOURCE_CODE,false
packages/application/src/supply-chain-release-use-cases.ts,3039,d83f6c3cdfc1858cb86dda201341f717eadc36b3d73875e5595fcb61aa087ed2,.ts,SOURCE_CODE,false
packages/application/src/system-resource-snapshot-use-cases.ts,1502,d3b95b4a464d8ebb8436c5c4eb550a72978f3d5b0015ebbeaa473cf6ac2c1bd4,.ts,SOURCE_CODE,false
packages/application/src/task-use-cases.ts,4761,e826974e42be07d3c7d035c005b622b957b2fdc70858e6d247c061f677eacd0d,.ts,SOURCE_CODE,false
packages/application/src/timeline-ports.ts,208,b1f646c4650ed71c2673d83283daafa3bf2078cc3a687c179e9ff9baa5c251f3,.ts,SOURCE_CODE,false
packages/application/src/timeline-use-cases.ts,36373,8b53fae6a387067fcf252c0ea19c1f48b88388a6659a004f137be7a3135b4503,.ts,SOURCE_CODE,false
packages/application/src/unified-authorized-search-use-cases.ts,6652,460abcddbd4696810759ed87e3aa940f59e84fe0e9dcd86db80a2c0ace670a1a,.ts,SOURCE_CODE,false
packages/application/src/windows-hello-use-cases.ts,35784,dff7de95528de35345628f8354dcaa0e28206278537101331bfbb131a627b101,.ts,SOURCE_CODE,false
packages/application/src/windows-resilience-universal-ux-use-cases.ts,22032,6f9cf0040b72ffb34bd64350323b3fa6c8310ee5889f80d6febd28f2ab3e01b3,.ts,SOURCE_CODE,false
packages/application/tests/accessibility-preferences-use-cases.test.ts,7422,df8f0dcbcf12cfedc4a4c35d26d880102a959ba9481b63a98c26f63c24508856,.ts,TEST_OR_GATE,false
packages/application/tests/archive-evidence-media-use-cases.test.ts,9477,96a8a84107ee9d62bf7e506378578292ffea3e03a70b7c077ddede814f3fdf9d,.ts,EVIDENCE,false
packages/application/tests/archive-legacy-ownership-reattestation.test.ts,5403,3ad6b8d2b66f3e778b5fd27dd3eb57e5c26b2d9b90c89edcfa1417c3f7b2fd11,.ts,TEST_OR_GATE,false
packages/application/tests/banking-foundation.test.ts,4123,8a181bd12c700ceb23f74f2e20f2d69a220ce97f5d30bffae2df4af8c7320787,.ts,TEST_OR_GATE,false
packages/application/tests/child-education-coordination-use-cases.test.ts,10197,fc852ea3c2f96a716a1667fb2bd6f869a6da95643afb86c22d40bfc525af9aac,.ts,TEST_OR_GATE,false
packages/application/tests/communication-audit-archive-use-cases.test.ts,7826,63fe62b8daad9dffdaa20ae3f7bf2d2023db2bc287b15fefc5670ce991e0bce5,.ts,TEST_OR_GATE,false
packages/application/tests/communication-file-sharing-use-cases.test.ts,16494,c9094fc5a809f3a2cd340446d1a78395371494a6e5b77b07ed4d698e18f92a8c,.ts,TEST_OR_GATE,false
packages/application/tests/communication-messaging-use-cases.test.ts,17772,56e401406c3d120ac226bc6fc7ac1d12de49cde1b990cbfcc60bba2e7c2e3093,.ts,TEST_OR_GATE,false
packages/application/tests/communication-realtime-calling-use-cases.test.ts,16294,4d3aca82ad40877c2f8e92ae1735fa3e6b78f53079f0a39378ff43363c0d9d1b,.ts,TEST_OR_GATE,false
packages/application/tests/communication-recording-retention-use-cases.test.ts,14377,28aa72ff44994a639eaeadabadbcd8b7f1eeb19fbf6c8cf6d71a6a66f91942bd,.ts,TEST_OR_GATE,false
packages/application/tests/communication-security-use-cases.test.ts,31655,378dc6ab547174ba92850e486254a41ccd7b8d2730ce39c29012bded80ccd160,.ts,TEST_OR_GATE,false
packages/application/tests/desktop-security-use-cases.test.ts,2400,8d5dc1771854ece9ee614c0a00ef3db1f0108e7500c6d619986f6fde5e2f3981,.ts,TEST_OR_GATE,false
packages/application/tests/family-ai-assistant-use-cases.test.ts,12797,0eabe63a9dfec65e5bfe149c759317ecf388cc5054e559dd10b5db820ab19752,.ts,TEST_OR_GATE,false
packages/application/tests/family-emergency-assistance.test.ts,16755,3166d1fde0b05638e6dee6a35cbb3f39103486f5d13688bf27fb880b1325b2bc,.ts,TEST_OR_GATE,false
packages/application/tests/family-emergency-card-portability.test.ts,23942,f608f365b850c79596da9eb42b0d96d1b4bbad231786bdca73d5bc0d258959c1,.ts,TEST_OR_GATE,false
packages/application/tests/family-emergency-planning.test.ts,13114,518114669e0ac4c610d6966f1337f8a0af0b209b331c3bbba9ae749c2b0e8ab9,.ts,TEST_OR_GATE,false
packages/application/tests/family-emergency-preparedness.test.ts,12946,ccf3a7971079cae999e0796da0a2b3e1a9b29145e11412c0f3d59b349d85325d,.ts,TEST_OR_GATE,false
packages/application/tests/family-meeting-use-cases.test.ts,18571,9b3b7efdf5819c00738a1620f7f9c26fecc58e71e8730b17f12096558511b9b3,.ts,TEST_OR_GATE,false
packages/application/tests/finance-controlled-import-open-banking.test.ts,8180,856c1312580a5083bf6035c338c0bd3c5dfe5d60cac2fb871259492f0a703a3b,.ts,TEST_OR_GATE,false
packages/application/tests/finance-planning-portfolio-analytics.test.ts,11673,8755a68d1d5f5351ee596e18dfeb15ebd6b0bd696385793096100440f668aaaf,.ts,TEST_OR_GATE,false
packages/application/tests/form-draft-use-cases.test.ts,6153,9172d62b83ed6da4a0466fc8b8ce3aea3104f09e4243da8b554171a81d6557b7,.ts,TEST_OR_GATE,false
packages/application/tests/health-care-coordination-use-cases.test.ts,10713,d019e906ba0c8a82321a30df9f7d616a357d15531a9bae8f3f6ade1b91cbf084,.ts,TEST_OR_GATE,false
packages/application/tests/household-operations-use-cases.test.ts,10513,42cac8ae7831d026c7d0b2d3ff33089a918e681152aab41d3484a813039d7386,.ts,TEST_OR_GATE,false
packages/application/tests/identity-access-credential-use-cases.test.ts,38041,7ea8a99d40e4735c0be230e0eccfbeed726bfbde169ec7922c421a1c71d9e332,.ts,TEST_OR_GATE,false
packages/application/tests/in-memory-timeline-repository.ts,763,3c61adf44c7f7fda646037e6ca64cbc9243aff22d7b28bb13dc05278b8f42681,.ts,TEST_OR_GATE,false
packages/application/tests/loan-management.test.ts,9384,280317b79c91400bfea95b7666189d7def40be2f670a3203f04f101ffa74154c,.ts,TEST_OR_GATE,false
packages/application/tests/local-governed-ocr-use-cases.test.ts,47928,bff2f46bd6740e5fd89ef92ebd951b23edf6657463456c8bf4fba2be2babfe0f,.ts,TEST_OR_GATE,false
packages/application/tests/local-translation-language-use-cases.test.ts,12086,8b14d7b103315efff0de22172c7dd30241ac7fcd2c56528318ac0421d2859737,.ts,TEST_OR_GATE,false
packages/application/tests/long-term-portfolio-security.test.ts,55505,4b6461ca6112bf1861db43f57f24a3e49b3ef7340ec9037cabb4b07a3cddadff,.ts,TEST_OR_GATE,false
packages/application/tests/managed-life-assets.test.ts,22125,3f929059f90f1f966baa079ab103d228c65ab2f05927f688822859765276433f,.ts,TEST_OR_GATE,false
packages/application/tests/memory-studio-use-cases.test.ts,17016,00c44148b2129f315e792cf60472d5932bf12bc0ce5c622acdb717c3015927f8,.ts,TEST_OR_GATE,false
packages/application/tests/payment-card-management.test.ts,2880,25854cb8cca10cb69038e8392f02e8f0e5e083bb40c657b1940f9c7cefd78dc6,.ts,TEST_OR_GATE,false
packages/application/tests/places-travel-asset-pet-use-cases.test.ts,13340,fb033f0fe51e7f31b05e0ad04ff26d82601cfa73b6b81198568b8b5fa9a309f6,.ts,TEST_OR_GATE,false
packages/application/tests/privacy-control-use-cases.test.ts,8502,6f2b3ddd1ba96ac8551d2c821ddbe06bff8e836e87830b36efa0fa97cf68dfe5,.ts,TEST_OR_GATE,false
packages/application/tests/privacy-ownership-data-rights-use-cases.test.ts,23641,427f93e65f9635e10370f0aa5736b5a051a1a07f2ec409155716d672105e681d,.ts,TEST_OR_GATE,false
packages/application/tests/product-surface-governance-use-cases.test.ts,2229,3330dc85a2f604626da5f9f871bdb4b590c4e32a675be1113c78ee35ff9d2e12,.ts,TEST_OR_GATE,false
packages/application/tests/sensitive-data-consent-use-cases.test.ts,7534,76595fe15584269131d05ab04d19ce186eb21e784052243bdf05e0a99d0aeb7a,.ts,TEST_OR_GATE,false
packages/application/tests/service.test.ts,896,08168fb73061b4c254b4d3639ce1713cb19e27210a79dd7ebea89540cd2f112e,.ts,TEST_OR_GATE,false
packages/application/tests/signed-plugin-platform-use-cases.test.ts,11194,c4e683fdb451ea6f6a5062742e4bdf287af89d7cbca838f0b2f7ee5f00ba3240,.ts,TEST_OR_GATE,false
packages/application/tests/smart-home-energy-use-cases.test.ts,14459,57fb0172065f017413c5d9ecc8eceeadca8c0b9063f3fcb181a2800a875af7da,.ts,TEST_OR_GATE,false
packages/application/tests/supply-chain-release-use-cases.test.ts,10920,e2715186bd520ebf04699f8f11966bbf271fca3fd377764b6dd97003e56ef60c,.ts,TEST_OR_GATE,false
packages/application/tests/unified-authorized-search-use-cases.test.ts,6315,2e0c06eacae976aa7e0520d4a0f7dc20eba0f0e7158df8fa89332d356fbc32af,.ts,TEST_OR_GATE,false
packages/application/tests/windows-resilience-universal-ux-use-cases.test.ts,14537,7eeaf2598f39894aa0e2d9047e440e53af6a3e1e9b016fa3f9ca8fc06ec176c3,.ts,TEST_OR_GATE,false
packages/application/tsconfig.json,250,96a26c6736a321c749f63b7cd90b66e45ebba1e9c2f457b56b4c2f602b392640,.json,ACTIVE_REFERENCE,true
packages/application/tsconfig.tsbuildinfo,27816,54f987fe61fc7c22dd4eca5afc4c4987561976d1e995fc5da7faa7bbca4d49f2,.tsbuildinfo,ACTIVE_REFERENCE,false
packages/config/package.json,363,abe99a708d23e4fd247dc0efa7401976c3f24005d1a620a3e3094f2a14aaadcd,.json,ACTIVE_REFERENCE,true
packages/config/src/index.ts,7512,5201225c85f35d59c464d079508e6c34cabe25506330d05c92dbfd3f6ede3480,.ts,SOURCE_CODE,false
packages/config/tests/config.test.ts,1385,1b67ad4f9ebcb1ff59e5985cc17ea386057ebd9854ffe93b8331c22d13822e9b,.ts,TEST_OR_GATE,false
packages/config/tsconfig.json,207,c21b42253ae8d9de9c3459e731c35ff5dea9742cb5c6f777d78d05c5d7af660a,.json,ACTIVE_REFERENCE,true
packages/contracts/package.json,366,b47dfa7a20b26ff737a358d2a6635d76b2a66ac8f87ada3138d1c71e14b2400d,.json,ACTIVE_REFERENCE,true
packages/contracts/src/index.ts,720,bd470c97369f6b44549099dfb76a7a77e3e36340efe9135507718bbfff59ee89,.ts,SOURCE_CODE,false
packages/contracts/src/persistence.ts,2493,f3659ef55cbdfa5a29c9df980ddebeb3e007b3cf934b4708cfe8913fbb52e4b0,.ts,SOURCE_CODE,false
packages/contracts/tsconfig.json,207,c21b42253ae8d9de9c3459e731c35ff5dea9742cb5c6f777d78d05c5d7af660a,.json,ACTIVE_REFERENCE,true
packages/core-service-client/core-service-policy-sdk.test.ts,7345,d85bed1bc765a3830e7835cd05fb7f730574e5e059f626db9f1472d7006a2f5e,.ts,TEST_OR_GATE,false
packages/core-service-client/generated-policy-client.test.ts,2610,1908b7d4ed86599f1a1da67634d40ba97cde9761adb1404ca7cc55326ac3b441,.ts,TEST_OR_GATE,false
packages/core-service-client/package.json,347,d316a99bc97f673f64b62017d87dc5370830bc63246f940d3a07a6329aedb181,.json,ACTIVE_REFERENCE,true
packages/core-service-client/src/core-service-policy-sdk.ts,6728,f0c5f8e2a2dea524279dd07683387f1b79bd3520a7aa6f39cd07d47373d6cb87,.ts,SOURCE_CODE,false
packages/core-service-client/src/generated-policy-client.ts,1598,fc1a368e748878fac9ffc0d73438119f9b8bf0ada09b2821fcb8d7d1a06cdc87,.ts,SOURCE_CODE,false
packages/core-service-client/src/index.ts,133,3735d829f026065bc9f3e9ff3b828bb8fb93c58978142c53775d244aa8debea1,.ts,SOURCE_CODE,false
packages/core-service-client/src/local-admin-client.ts,9224,9c15338aad64a1b2f2c6d0ef0268d64d89d37525a4845020a36f4e65f0576a9e,.ts,SOURCE_CODE,false
packages/core-service-client/tsconfig.json,230,de0428bc1bfd4dcc00c2a2f23553012bb3db1f305bdeda9b1716a981ebba2339,.json,ACTIVE_REFERENCE,true
packages/core-service-client/tsconfig.tsbuildinfo,22734,a3fca9c3fb837bc0a776a082a262eb7156f0eb5dbe1ca465e11addd2c23b24cd,.tsbuildinfo,ACTIVE_REFERENCE,false
packages/core-service-contracts/package.json,343,5b6e524c90e49b2a31e4b23e8d40449c13099f47db97b7df3dcfab2ff50b1822,.json,ACTIVE_REFERENCE,true
packages/core-service-contracts/src/index.ts,15053,e3f23c4aa6b2a7473bfed37edebb2d34e05380a80c6c726cc9652be6c58d4559,.ts,SOURCE_CODE,false
packages/core-service-contracts/tsconfig.json,230,de0428bc1bfd4dcc00c2a2f23553012bb3db1f305bdeda9b1716a981ebba2339,.json,ACTIVE_REFERENCE,true
packages/core-service-contracts/tsconfig.tsbuildinfo,22641,9b47eeafbd933a548636ab8e78c077d130ba7405495b07f8b89c41cf92dac444,.tsbuildinfo,ACTIVE_REFERENCE,false
packages/core/package.json,304,af32c7bfa5255ba00629aeb752b9d95ed32e26525b2fbc44fd8b68dee3b102ee,.json,ACTIVE_REFERENCE,true
packages/core/src/audit-chain.ts,2697,95310a94abe228c8616892bf6665826a1d6a01827efbeadaaf5976bedf72c525,.ts,SOURCE_CODE,false
packages/core/src/brand.ts,2355,f042857e0cd14259a788d9986486c2ea1d4d0ba988c87610af26e9d66da359ee,.ts,SOURCE_CODE,false
packages/core/src/clock.ts,411,6bb5b58c432270d958dea598b10c8691692c9715fb748ac1c1c275ce54f23505,.ts,SOURCE_CODE,false
packages/core/src/correlation.ts,1168,030185fb8a259a6623e738c5abbfc48861b438406145975d97886f1e02d5cb2a,.ts,SOURCE_CODE,false
packages/core/src/error.ts,2921,45e723f979d8686999eee68abe2b73431b07826b1b9fbc5807fc9616d6565d4e,.ts,SOURCE_CODE,false
packages/core/src/index.ts,216,6121955e8e286263ec3d55f2eaca489b3915ab6b571964c5076aa57ed8e4960b,.ts,SOURCE_CODE,false
packages/core/src/pagination.ts,806,8fb083b75047a9165b5f54040c4b962758cc74ceb4bc5b447131e25f0545efc9,.ts,SOURCE_CODE,false
packages/core/src/result.ts,1784,0b255e4b36aba259134b9605e29d82a1bdc4873ebf3530b2f2dce0b4d88be9e8,.ts,SOURCE_CODE,false
packages/core/tests/core.test.ts,2428,6fe2668515c200caaa941e7c949b7f489d9d1cdf673238a56a911a2cfc348788,.ts,TEST_OR_GATE,false
packages/core/tsconfig.json,242,041b78a57f570b4fb73d0f94890bce58196f5bbb6cc4261267f00170d113f5a2,.json,ACTIVE_REFERENCE,true
packages/database/family-database-authoritative-receipt-time.test.ts,1466,4376ac473688ced20307f2caad88b54e918323019ab09c70a087e858bc5d9157,.ts,TEST_OR_GATE,false
packages/database/package.json,403,e940391e8335a52385f45e79d41c5399f4ee55d0267ec61b13429a8c36d3eba2,.json,ACTIVE_REFERENCE,true
packages/database/sqlite-error.test.ts,1420,73a582cbacecf295fe8a8891455114d2bcaae37164382728f1cc683fd2aa71f7,.ts,TEST_OR_GATE,false
packages/database/src/audit-storage-protection.ts,789,7bc2d3f242bfed4325662f09ff583311f29410d380d06a2ef176dabd91e8dc09,.ts,SOURCE_CODE,false
packages/database/src/backup-safety.ts,4462,bce7a3b35544d3c55dc5ef45fe63999d282af2242aff6eba5bd8c5a24ca0f2a0,.ts,SOURCE_CODE,false
packages/database/src/family-database-migrations.ts,1205843,57d265bec8159d0e26688d4aa17de1db66e35bb7a6a92b499e21ad0ca62c0010,.ts,SOURCE_CODE,false
packages/database/src/health.ts,3121,d84d366a56eb5cd75ba3cf376d5fb2f8ced9174678aa09cee88fa9222e38c7e0,.ts,SOURCE_CODE,false
packages/database/src/index.ts,334,12c3b87987b095a5c0a80e4e13284cc27d04a5bbaf797f402723c7adb46c173e,.ts,SOURCE_CODE,false
packages/database/src/maintenance.ts,1604,5ce6543c57d79f05d088bd742ca136a17da69a8c4c2d181746f33a3896bfdcc8,.ts,SOURCE_CODE,false
packages/database/src/migration-runner.ts,16285,16e2fe2c9fc6dc55429ee48b1c1a3a66894a337639e7d990bd8fbbff887aa365,.ts,SOURCE_CODE,false
packages/database/src/sqlite-error.ts,4010,e3a1582388f7420d1f36b55135a1991eaee50d8e1988bd6e8820db4d5ee9d6e5,.ts,SOURCE_CODE,false
packages/database/src/sqlite.ts,860,a862092a98258fe459d5362668e9d25b85d852cf26ea0e801294018813beeff5,.ts,SOURCE_CODE,false
packages/database/src/transaction.ts,2576,06d5b0b88405905f187940175e7fb2839981fad154d2f7a15647eafa2ff1fa24,.ts,SOURCE_CODE,false
packages/database/transaction-async.test.ts,3558,80e52e252939c605e1498520dc644489a82e6bb750301e538f5c8fbd685e5468,.ts,TEST_OR_GATE,false
packages/database/tsconfig.json,250,96a26c6736a321c749f63b7cd90b66e45ebba1e9c2f457b56b4c2f602b392640,.json,ACTIVE_REFERENCE,true
packages/domain/package.json,403,efe59dfbb8b27d1f8c8f479f473c84800699c2caeeb27821b2298174c3ac1991,.json,ACTIVE_REFERENCE,true
packages/domain/src/accessibility-preferences.ts,2664,2fd0710801ccd46f02e19e71a695ca28dba97e92da8205b3e640b7b5749ddd79,.ts,SOURCE_CODE,false
packages/domain/src/ai-memory.ts,753,f7bca6c18312da25faf99d2a8d8ece26203c0d13437507ef2d1f5823e932350a,.ts,SOURCE_CODE,false
packages/domain/src/app-data.ts,126487,754514c4f893b10f6c981f2c5d296ceda7ed7d612f9fbd10b59fbe659c264723,.ts,SOURCE_CODE,false
packages/domain/src/app-meta.ts,5544,ee44c4d55e28fcb7904df792ac59ab1d73b5cd4c8a34d2b224584dfb1db7f99c,.ts,SOURCE_CODE,false
packages/domain/src/application-security-profile-gate.ts,1050,9ff270c0768de360c3ae914206c90296be7228bdf71ca92e04f65e646819e0e6,.ts,TEST_OR_GATE,false
packages/domain/src/archive-evidence-media.ts,1594,e31083a86fe84451a0dc54d90f5025acf36ffa56296c4edc58b776e0c215f2ab,.ts,EVIDENCE,false
packages/domain/src/child-education-coordination.ts,6272,8c68c7573c449cf0b86bc441de69933915af01d10f1c9b559deb4b337d2f72b9,.ts,SOURCE_CODE,false
packages/domain/src/communication-audit-archive.ts,5688,72243e24489a27ef206707ce32180208636a45c2bbc1458696cb1be5db716951,.ts,SOURCE_CODE,false
packages/domain/src/communication-file-sharing.ts,14694,1768a73fc49caf59241046eb199f08e8a069bd9e35fe522a5ed636b5044f7186,.ts,SOURCE_CODE,false
packages/domain/src/communication-messaging.ts,11827,e63b5e84baab1936f952f9d06abe3a1272b70a338d2c019716c3b4b84a9227f7,.ts,SOURCE_CODE,false
packages/domain/src/communication-realtime-calling.ts,11661,09fd90a054a55c2bafc923032936f61c350781f4b0ed9d7bb674745fd43907b4,.ts,SOURCE_CODE,false
packages/domain/src/communication-recording-retention.ts,8314,a09d0e8212c210faf93114e144fe0824703e392e7bc79e05aa2973f7f70bf7eb,.ts,SOURCE_CODE,false
packages/domain/src/communication-security-foundation.ts,10965,43ffc263be7158c31c209ce13adcc67ddcd0daf7c597519139db401df13688f6,.ts,SOURCE_CODE,false
packages/domain/src/data-repair.ts,3191,779033ba3d82415ee467cbec79853b8ac78827c2092f9fafc7c78373b493675d,.ts,SOURCE_CODE,false
packages/domain/src/derived-data-policy.ts,1028,0be31417662087fb046258d221db82572044c76494afc19579cde8b99c1e59c0,.ts,SOURCE_CODE,false
packages/domain/src/desktop-security.ts,3123,d9276731d4f04115a34395ed76fda37eedf8ece2231ae1a8f3bd5b9a24c943b0,.ts,SOURCE_CODE,false
packages/domain/src/distributed-client-operations.ts,14198,b1c91a35cfe6b09be23f74bb48d7faf51623e5d97fe03b5bfdbb4837f6a5363a,.ts,SOURCE_CODE,false
packages/domain/src/distributed-core-service.ts,8709,ac536df065ecac382bd817f20805ff004c747240ca39a51697b14636aded2452,.ts,SOURCE_CODE,false
packages/domain/src/entities.ts,2315,923550d2d6b8c3ab29c6375b106af8ef8e0c0599ac62cf747be4491e49c34db1,.ts,SOURCE_CODE,false
packages/domain/src/family-ai-assistant.ts,8843,37885000aec9438633c72ee400b9e2423eb550fd957d80f14fc97b9d4d20e055,.ts,SOURCE_CODE,false
packages/domain/src/family-meeting.ts,12250,7cc988e4313de23a755135e213ee89ec1c235ef5499c3ac10cfcd56e15a5b186,.ts,SOURCE_CODE,false
packages/domain/src/family-relationship-catalog.ts,10652,b765c892ddf21b29a61a1d550b21b35f3aa38db8df808e8789a83c318175d1fd,.ts,SOURCE_CODE,false
packages/domain/src/form-drafts.ts,4296,c5ca2c78b5f182f8f9bd8df8b9fb2ed319813ef4db8884f742630c558caccabb,.ts,SOURCE_CODE,false
packages/domain/src/health-care-coordination.ts,6439,65fa1ae4b092a79f0fd5528569266fef90057547471e1b9a395f99d842d135b1,.ts,SOURCE_CODE,false
packages/domain/src/household-membership.ts,2166,2368befdb78dcfd5bf75e5b1bfbce33d468f33e91f7a66d4ec257b6a7fdc0add,.ts,SOURCE_CODE,false
packages/domain/src/household-operations.ts,6268,d8d91465c56d203157163bb290882ae9624efef9ed7b6eaf6ea505a925d3615d,.ts,SOURCE_CODE,false
packages/domain/src/identity-access-credentials.ts,18680,d8f10163e68a32b488a9a7f299343933a76f8f28e7cda6d0154855c28d8a1bfc,.ts,SOURCE_CODE,false
packages/domain/src/index.ts,2333,03b375b2374195515214d2f19bb5162c0106d707a286f1095c2833c9a150803f,.ts,SOURCE_CODE,false
packages/domain/src/local-governed-ocr.ts,11119,16455ce0f4e42a250ca8d07bd9be635e027fc77ddcfff514c330725076e7b49c,.ts,SOURCE_CODE,false
packages/domain/src/local-translation-language.ts,8261,f83dad2ee68a892161b29183963e158f2278727094f14e68d0d4b81440a9f369,.ts,SOURCE_CODE,false
packages/domain/src/long-term-portfolio.ts,19392,6b3948ae633717bfeefc6515619cd0ae2ee6a274866edcb54e2addebffe893aa,.ts,SOURCE_CODE,false
packages/domain/src/memory-studio.ts,6874,1f79a2f9bb5e4ae7444af34c4a49f16f11c7c05211353bfb355b2b3c4036e1e4,.ts,SOURCE_CODE,false
packages/domain/src/permissions.ts,2114,df1631cd8b92781c3b2118d78d235b35df7fed7939903f60f51c6e058dbbf03b,.ts,SOURCE_CODE,false
packages/domain/src/person-lifecycle.ts,1942,d04b032834026296d2fcd3742b36b7db6266c40300bd12ad4ecfd609f1ef55dc,.ts,SOURCE_CODE,false
packages/domain/src/places-travel-asset-pet.ts,6400,f00ceb2e0931aa23458abb7609bf3c060b27732da747454c447b30719b99d43f,.ts,SOURCE_CODE,false
packages/domain/src/platform-capability-manifest-gate.ts,1229,9f955662b5235d015ab6868cda017706676019583b38db331d0073c8eff1cd8f,.ts,TEST_OR_GATE,false
packages/domain/src/platform-policy-ast-gate.ts,1423,ec61a99bd75472402d332fa54672645a27491d9e474ce3f0881979e856da9b5b,.ts,TEST_OR_GATE,false
packages/domain/src/policy-conformance-suite.ts,1339,6ba5d080e1099dd61b997a8507b36f1e557b41f30ebb764c5baa721fe6af5f77,.ts,SOURCE_CODE,false
packages/domain/src/policy-decision-audit.ts,880,d9a8c03f2993685e6f1f6c5d1dece1e20fb73f01cf41074adf8853c2abe7e628,.ts,SOURCE_CODE,false
packages/domain/src/policy-service-availability.ts,811,904fe10b5d0e00139dbee0512b30cc015637015a628ee63afa0f98bf2646bce6,.ts,SOURCE_CODE,false
packages/domain/src/privacy-ownership-data-rights.ts,16081,d1f77f626ecacc0f3fe0f873665f5e4221bd524c74e77602612432cfd9d45512,.ts,SOURCE_CODE,false
packages/domain/src/product-lifecycle-policy.ts,3603,5bb55fa821201649b4dccd93602717501aeea08d38ec3ab7710352a29b7ffd1d,.ts,SOURCE_CODE,false
packages/domain/src/product-surface-governance.ts,10936,4b375562d4c052584191d27096341de0a1284d2fddd35e026f2f0f800a4277a3,.ts,SOURCE_CODE,false
packages/domain/src/renderer.ts,1617,e58da71104852c48ecdb154f4355d7942e3d7cc2a611c2906a77065924555bc8,.ts,SOURCE_CODE,false
packages/domain/src/sensitive-logging.ts,1238,be94d2b75965dca4e36867698187411d53682efc1b3d6069cb85ef47a1962a85,.ts,SOURCE_CODE,false
packages/domain/src/signed-plugin-platform.ts,8922,13a3869e250ffa7c6e20bde9f08d2d9baac9229be43c6d09fe27539f8bc24030,.ts,SOURCE_CODE,false
packages/domain/src/smart-home-energy.ts,9121,76e80b0a2c7d255adbd5bffba97e0bae9f5076bc2abbf66c6e80221144d6fa6f,.ts,SOURCE_CODE,false
packages/domain/src/source-deletion-propagation.ts,1098,6f3307e360a73a42aa30bb360164527f83665c8b42ca496f087770d282183ecd,.ts,SOURCE_CODE,false
packages/domain/src/supply-chain-release.ts,705,a59d15a6e90a397952d5afe08a3279ead3bf02a16e1f34ebdd2aef6b28863e4d,.ts,SOURCE_CODE,false
packages/domain/src/timeline.ts,1346,ec44c32536efbeee5e24d849d66236205fa0cbbd6f0842439b3fd3c952ca3e40,.ts,SOURCE_CODE,false
packages/domain/src/types.ts,238,af912a615c2629459f52c4a6a46ba7423a76697f3710791973ab12119767228d,.ts,SOURCE_CODE,false
packages/domain/src/ui-localization.ts,2036,3fe858ae7732f979a1df16c49cbad7b98a749cfe7db04106547b8be19f51fb52,.ts,SOURCE_CODE,false
packages/domain/src/unified-authorized-search.ts,2698,eceeec3c6380618e28c2911115ed3f8a08c28272685e74c506806b30d2e1c43c,.ts,SOURCE_CODE,false
packages/domain/src/validation.ts,1491,57877269b0d08374800c2b0936f7d835605af14f86192d90b0dedafd6041d941,.ts,SOURCE_CODE,false
packages/domain/src/windows-hello.ts,2751,63f1f877f22f4c136f495b5b2e5e3b2aefbe45d6ed1844e7f15ec8dd26fa0e11,.ts,SOURCE_CODE,false
packages/domain/src/windows-resilience-universal-ux.ts,18742,a0d247d476ef0f2039251973aadbafb617c1cf4d07d4aaecb67158b35b7c510a,.ts,SOURCE_CODE,false
packages/domain/tests/timeline.test.ts,1898,2e665edbd8669e5c0515ae5b7cd7b5f7dd35f56d1f5c7d92e4a463dc4b64f4a7,.ts,TEST_OR_GATE,false
packages/domain/tests/ui-localization.test.ts,2272,66a140c37d257c9ca39d57866f4f6dfad9dd108a87702fc678bfc24c44bcbafc,.ts,TEST_OR_GATE,false
packages/domain/tests/user-visible-release.test.ts,3068,522c32549b0ef92a03a19a8fdab25e3c0c55e90a51aadb419253826b9da90034,.ts,TEST_OR_GATE,false
packages/domain/tests/validation.test.ts,1085,c490aa188acba2c9dcb2fc0ab0cdf8f280564b925212edd7ad200c709280d9e7,.ts,TEST_OR_GATE,false
packages/domain/tsconfig.json,207,c21b42253ae8d9de9c3459e731c35ff5dea9742cb5c6f777d78d05c5d7af660a,.json,ACTIVE_REFERENCE,true
packages/events/package.json,363,2bdd3d62012e908210b11dfda91ce4135bef2f3ffe07a2e7e93e52ff85ae1e58,.json,ACTIVE_REFERENCE,true
packages/events/src/index.ts,9027,eeb48531d777b69ca185ec5dec66311e60ac229a6c506e2487ec31335b71121b,.ts,SOURCE_CODE,false
packages/events/tsconfig.json,207,c21b42253ae8d9de9c3459e731c35ff5dea9742cb5c6f777d78d05c5d7af660a,.json,ACTIVE_REFERENCE,true
packages/infrastructure/package.json,521,0a9147ade08fe43a9526a5beaedb840af1ca5c3166f8ea5dfa566c255b954bb0,.json,ACTIVE_REFERENCE,true
packages/infrastructure/schema/001_initial.sql,3271,de60ea2922e1219dd5397983e4fb0b7907c6c7f11eef3c9671a7b7fa4d052315,.sql,SOURCE_CODE,false
packages/infrastructure/src/index.ts,91,5e169ef7506752c0afe98e404885a99bc8eb105ba93c285a26896e3d881c9f71,.ts,SOURCE_CODE,false
packages/infrastructure/src/sqlite-database-operations.ts,2863,e0dea10acde7a6edd757fbb67e1dc0bddda6b6db9377e314bbea1cd0619da1b5,.ts,SOURCE_CODE,false
packages/infrastructure/src/timeline-repository.ts,807,f62f0da6066466e08622539c1036b5143bf977cb71cd751ac24be6a59dbd2f04,.ts,SOURCE_CODE,false
packages/infrastructure/tsconfig.json,250,96a26c6736a321c749f63b7cd90b66e45ebba1e9c2f457b56b4c2f602b392640,.json,ACTIVE_REFERENCE,true
packages/logging/package.json,408,d5ddbe473992d5ec6b2398e25cc74ee0463351042b7a452cc369cfe76a820e38,.json,ACTIVE_REFERENCE,true
packages/logging/src/index.ts,7703,1db2c9851dd4909e9855865eebbb9c23a97aaaf667c478116e97ca57f3341c36,.ts,SOURCE_CODE,false
packages/logging/tests/logging.test.ts,2735,aa3df3a8cdb5f80b1a1aac8ba67df94c982abe0b91449a3cb97bcc3eb5da6af8,.ts,TEST_OR_GATE,false
packages/logging/tsconfig.json,250,96a26c6736a321c749f63b7cd90b66e45ebba1e9c2f457b56b4c2f602b392640,.json,ACTIVE_REFERENCE,true
packages/platform-policy/application-identity-device-certificate.test.ts,8723,c9783a3205030e11f4ff05801fa8d4e5945936dfc83405b64792a1d565406df4,.ts,TEST_OR_GATE,false
packages/platform-policy/application-security-profile-policy.test.ts,5453,3f177707ccb45676e4a82587d4cd6e0f249a09db2b8ad5b3b69d84caf0a08c48,.ts,TEST_OR_GATE,false
packages/platform-policy/package.json,337,862e4511746c40653cfa19d3510e39f914ebdacf0d35264975f7d766d8796024,.json,ACTIVE_REFERENCE,true
packages/platform-policy/platform-capability-manifest-policy.test.ts,9243,3967095749dd4339dd9479ff7358aa6ae8d206ad54652eef9ba595ad14a5c649,.ts,TEST_OR_GATE,false
packages/platform-policy/platform-policy-ast-gate-policy.test.ts,1459,ea75ef4ffc0d0fc6a1647b128e5531923f4a832cd62a6fde12ef86aeae024239,.ts,TEST_OR_GATE,false
packages/platform-policy/policy-conformance-suite.test.ts,7307,ce954df5e4463621f867ccdf601c993add02bcc59722e5ba5f8774884c47eb78,.ts,TEST_OR_GATE,false
packages/platform-policy/policy-context-binding.test.ts,10271,76f7f036ed7c84cc475dffd459b8ba2731e7aed599e0a4ecc14a4e5c65ebb81e,.ts,TEST_OR_GATE,false
packages/platform-policy/policy-data-classification.test.ts,9734,81b7446493d34052bde0f562661d489730a03a3ed6cf2a440da7fd192a83b4f1,.ts,TEST_OR_GATE,false
packages/platform-policy/policy-decision-availability.test.ts,8452,ae95d05524471341a016456f3c363d4b42861aac4a637e29d2d90eee21492a74,.ts,TEST_OR_GATE,false
packages/platform-policy/policy-obligation-suite.test.ts,13394,c6d2cbaa737c83dbf15a054733377d5a51baa1a0fec8838bc2d0aadb58104d6a,.ts,TEST_OR_GATE,false
packages/platform-policy/policy-package-version-binding.test.ts,12144,71112bad2b7fa7102e1706bf41494f59f22c0120dd3fc53a60926a593aac3658,.ts,TEST_OR_GATE,false
packages/platform-policy/policy-service-availability-policy.test.ts,8084,c8808fe58ff26fa735bb5299397980358ab57adb27b79037dc360aa8abbfb0f7,.ts,TEST_OR_GATE,false
packages/platform-policy/src/application-security-profile-policy.ts,16080,7aeb4a21e54e272296a7abc6fd032cfa694c1de1b66e7e8b27316ada01f9353b,.ts,SOURCE_CODE,false
packages/platform-policy/src/client-data-access-boundary.ts,12313,5f6d7553004e837ad97c6d79fb2dc25976d46bbefd82b38345fe0aa4fc14bf79,.ts,SOURCE_CODE,false
packages/platform-policy/src/derived-data-inheritance-policy.ts,29422,df38432b5ae2f24eedde299143613a8111f2fbc0e7fb7123dfc8b8af158d62c0,.ts,SOURCE_CODE,false
packages/platform-policy/src/immutable-policy-decision-audit.ts,16112,f65836a5601197eddfe188d2acea8bd798780c64761d792161c26e71478a86af,.ts,SOURCE_CODE,false
packages/platform-policy/src/index.ts,853,5f0258bfb9b643100c2aa13ea97d68895a328866e69bc78dddb687dfab2f6bc0,.ts,SOURCE_CODE,false
packages/platform-policy/src/network-egress-policy.ts,10274,559dfb58ed89e05e6b1b9508ae22a1d583905a7fd50ed5732a0aad7e0fd5dba5,.ts,SOURCE_CODE,false
packages/platform-policy/src/offline-capability-lease.ts,7872,f28514147a17ec33437292bc6f12a7a96d199d4afbeff28b97109400ef82cd1c,.ts,SOURCE_CODE,false
packages/platform-policy/src/platform-capability-manifest-policy.ts,16197,6b8f1997c0adc0fe017c28e588ba0c67a05d51bd9f73b413d3f61192da25eced,.ts,SOURCE_CODE,false
packages/platform-policy/src/platform-policy-ast-gate-policy.ts,4346,983932c74991d9a0185abf5325a4310b1e60e5ccd5dd5cd31ce3716de30b83b6,.ts,TEST_OR_GATE,false
packages/platform-policy/src/policy-conformance-suite.ts,17994,0f07ab7f88e075bbb4cb9b9cdda5642948b073535722aa0f4d3af231201745f6,.ts,SOURCE_CODE,false
packages/platform-policy/src/policy-enforcement-point.ts,70553,1f64a6f0c4ce4147db7637fa74c436fcdf3c03fe6c77ce9fb197ba456122b4dc,.ts,SOURCE_CODE,false
packages/platform-policy/src/policy-kernel.ts,54683,0819c37ba0ac775f08b069a2fd861de8a02163764d0cba0ffc276153a1beee40,.ts,SOURCE_CODE,false
packages/platform-policy/src/policy-service-availability-policy.ts,11197,bfae494f28cb5a112ca4b1a3ec4b3f24d4d69f2fb890f95838f323a54f94c725,.ts,SOURCE_CODE,false
packages/platform-policy/src/sensitive-log-policy.ts,10099,b8e3df1b837bbf3fa9c64114cfef39058147e80909faf7d4610679aee06c11fd,.ts,SOURCE_CODE,false
packages/platform-policy/src/source-deletion-propagation-policy.ts,11390,faa28ca2a614543f6772c72a1b7800424951614c266410a316c3eb6914c43482,.ts,SOURCE_CODE,false
packages/platform-policy/src/supply-chain-release-policy.ts,30683,310b3d7508cf3dc8244f98a29f78720637e38354366dd426454cca99f17d3e5c,.ts,SOURCE_CODE,false
packages/platform-policy/src/typed-policy-sdk.ts,991,37b6d2fe7fd090544103d2111767e2c4d6c73c68c3b2a857bea60e2a16604418,.ts,SOURCE_CODE,false
packages/platform-policy/src/versioned-core-service-api-boundary.ts,8674,94062eb5f79ffcbe3092fb5d150aa23a12a9c2cecd0faf2f0bd96206794f50e7,.ts,SOURCE_CODE,false
packages/platform-policy/supply-chain-release-policy.test.ts,26068,34a027d7a58e9cc30fd9571e65f4a256c73e6a2009bc93e1457c27b2f1f006ca,.ts,TEST_OR_GATE,false
packages/platform-policy/tsconfig.json,230,de0428bc1bfd4dcc00c2a2f23553012bb3db1f305bdeda9b1716a981ebba2339,.json,ACTIVE_REFERENCE,true
packages/platform-policy/typed-policy-sdk.test.ts,1167,5377da077c9741609956f09bab865eb493f5892248a8b2eef87e3c760f9ef075,.ts,TEST_OR_GATE,false
packages/repositories/accessibility-preferences-repository-policy.test.ts,15876,ee2c0fed32ac4756861d02d8042a3853a23e57a97c6c5484b52efe1b054a1219,.ts,TEST_OR_GATE,false
packages/repositories/archive-evidence-media-repository-policy.test.ts,13310,74eb7168a221bccd06caa92b9431778101840110c3259d7a402537a08392cfe7,.ts,EVIDENCE,false
packages/repositories/banking-catalog-refresh-policy.test.ts,4055,1f5e7dcc89fc532f68923eec8b912cb804ffc554023b919a9829cccfbe06219e,.ts,TEST_OR_GATE,false
packages/repositories/child-education-coordination-repository-policy.test.ts,12807,84a576a101b6e676513ad07b4f5c559e60a95fdca8fbc17d5f5c517d2985e41d,.ts,TEST_OR_GATE,false
packages/repositories/communication-audit-archive-repository-policy.test.ts,4169,5f1e19bc960b2b7b8ea6a8c6bd3f3b58c7542043380337a7c227fa8d1a3fdbaa,.ts,TEST_OR_GATE,false
packages/repositories/communication-file-sharing-repository-policy.test.ts,15608,6118db5b2f898d8ff1480b2ab07723544037e95b0ed8527af9fd48c0257b8df7,.ts,TEST_OR_GATE,false
packages/repositories/communication-realtime-calling-repository-policy.test.ts,11313,5a70feb81c6ebb08a4430ab1970cdf770a3523cdb3ff550e5e9b00e630da38c1,.ts,TEST_OR_GATE,false
packages/repositories/communication-recording-retention-repository-policy.test.ts,5017,661ef313d42d93bf699610c56a246596aeeec8d32a25a37857fba8c37c9553f3,.ts,TEST_OR_GATE,false
packages/repositories/communication-security-repository-policy.test.ts,25317,79190ac424bcb30e378821fb0ff2dd80126b374779ccc186509362a4c597a4c6,.ts,TEST_OR_GATE,false
packages/repositories/entity-catalog-repository.test.ts,2671,712d0fa4dd26868224a6e778c0298d5a4489733f7fdff32683e6aca86f1661d9,.ts,TEST_OR_GATE,false
packages/repositories/family-ai-assistant-repository-policy.test.ts,16504,b0611efafe26d29adaa4a7c4103f23b178f8120f497002a790a8456f64f65593,.ts,TEST_OR_GATE,false
packages/repositories/family-emergency-assistance-card-repository-policy.test.ts,21843,1f950ce1f1fe056c77669734f41f82dd0133d880cc8a935af0e6839a2681b870,.ts,TEST_OR_GATE,false
packages/repositories/family-emergency-card-portability-repository-policy.test.ts,35258,6aab902339ec00c62774fd51e6be3b0b538a2fff18447f6b1d804b690967a2ff,.ts,TEST_OR_GATE,false
packages/repositories/family-emergency-preparedness-repository-policy.test.ts,20753,ed1b63202e9c953a78ba8e2880f0a505432ced27e435fb6b5c46529f3d64005e,.ts,TEST_OR_GATE,false
packages/repositories/family-emergency-repository-policy.test.ts,23932,657949c6085cfffeae1df173b7cc50e823d17db5e77707f246707c58749bc8e4,.ts,TEST_OR_GATE,false
packages/repositories/family-meeting-repository-policy.test.ts,5295,22d877f42758c26d5d9dda6634f5cea75b9a23c20c47bb714c3ef16da0edb75f,.ts,TEST_OR_GATE,false
packages/repositories/form-draft-repository-policy.test.ts,20369,bb550e8dfba5d99e45fdd892d11c59103fc291a781a7cab8fff4efc1432f947d,.ts,TEST_OR_GATE,false
packages/repositories/health-care-coordination-repository-policy.test.ts,19406,1459e38bae4190fe4c1394bdb19646fa68051b23e4fe640bcee46b671e58a72a,.ts,TEST_OR_GATE,false
packages/repositories/household-operations-repository-policy.test.ts,12596,3daf0928101ea2d21cd0a16ec39a8cc8eca8d9822416d35b2b3e072fba787173,.ts,TEST_OR_GATE,false
packages/repositories/identity-access-credential-repository-policy.test.ts,36133,cd360666e555ccc62f0156cc2dae1606f2a98c82aefde47ff36c124422a3a16b,.ts,TEST_OR_GATE,false
packages/repositories/life-repository-policy.test.ts,19777,8232309c38ca52f49315ee8698472e84f7be87a3eb9a864ac0ef0175c35b2dc6,.ts,TEST_OR_GATE,false
packages/repositories/local-governed-ocr-repository-policy.test.ts,43145,8509dce7e12342bde7d46077a78c24bc5bc64667aa7eafdff44eadc1b9fceeff,.ts,TEST_OR_GATE,false
packages/repositories/local-translation-language-repository-policy.test.ts,5139,7266c6f025a5081f0d387babb7efdcd4aa99f4cf51cff443f0022cc0acda4857,.ts,TEST_OR_GATE,false
packages/repositories/location-repository-policy.test.ts,20391,660e56ee2553291b8d22958e53f931b852f2373ff19940f85bb5c69f062a0cf8,.ts,TEST_OR_GATE,false
packages/repositories/long-term-portfolio-repository-policy.test.ts,43919,7c1ef0cd60c9a3d88c351a7ab6b8f18cca9f463634195208e0112a4c715a7925,.ts,TEST_OR_GATE,false
packages/repositories/managed-life-repository-policy.test.ts,36825,30571b176f39e320d85c8e8ff338678950c69d5fc789bb6fae5d302cbdfd8f30,.ts,TEST_OR_GATE,false
packages/repositories/memory-studio-repository-policy.test.ts,21865,722be8b643a2ba299f101dba09e5ffa6f234fa6309fc03dbdf79539614ec2a96,.ts,TEST_OR_GATE,false
packages/repositories/package.json,644,e88ebb0b34b8d2dd922c2012b819ae3b4dd2d5467301709180006bc819df6c14,.json,ACTIVE_REFERENCE,true
packages/repositories/places-travel-asset-pet-repository-policy.test.ts,11753,a8a2fffb34a5bf06d6cf35803c4453daaa9f6661cb36e1439541585fd11e65bf,.ts,TEST_OR_GATE,false
packages/repositories/privacy-ownership-data-rights-repository-policy.test.ts,34539,cc30df4030808e1b08cb2990cecc9bfa4e5bd380d67a2f2da56e8572c4936973,.ts,TEST_OR_GATE,false
packages/repositories/signed-plugin-platform-repository-policy.test.ts,17211,19cdf5fe24bd81c6eb1194c243430e3e472359cfe09ddfa4f811987c95bb148c,.ts,TEST_OR_GATE,false
packages/repositories/smart-home-energy-repository-policy.test.ts,16172,47e0686d94ad42894dd426f02ae23d20ae0d316579e9c6d6210326f1c0010ae2,.ts,TEST_OR_GATE,false
packages/repositories/src/accessibility-preferences-repository.ts,12746,1e03302c0ca434f4b36a0d3adc6596b09e20c27ec6984ae9c69d651ad1d63da2,.ts,SOURCE_CODE,false
packages/repositories/src/account-repository.ts,9903,1f1666db8bea27b737926d6940f5030b4c6e00a0aa0759565effe307e64093df,.ts,SOURCE_CODE,false
packages/repositories/src/ai-consent-repository.ts,7153,26fd6cb5dd749a47c407c93d61aba58584ccfbebe2cc8fdc2874a2cdc978a1c7,.ts,SOURCE_CODE,false
packages/repositories/src/archive-repository.ts,31502,2e1285739d4cd79deb0ea3fa957a9c656c8dc099f90a39bb749af905c8af5308,.ts,SOURCE_CODE,false
packages/repositories/src/audit-repository.ts,6357,14667c1090e58949e46fe4bf2625fd0419117cb9d4eccc9115763d86c58e9edd,.ts,SOURCE_CODE,false
packages/repositories/src/automation-repository.ts,5454,efa9fa1392bd2c10ee4786e1c2a753c27134574716179a4f9ea744462019acd2,.ts,SOURCE_CODE,false
packages/repositories/src/backup-propagation-repository.ts,24197,162c23814cbc65eacc034ba23c90f29853386c65e425b4b7dda3923bff0750d1,.ts,SOURCE_CODE,false
packages/repositories/src/backup-quarantine-repository.ts,6664,d35111a226b0769d3acc5126a62a43447e166b8ed3d1a5802b4115d8283d89e6,.ts,SOURCE_CODE,false
packages/repositories/src/backup-repository.ts,5020,121dd8c20fcf1eb6d66e0763c7f7df8fb3b4caea1adcd3626512ee29d3374a3d,.ts,SOURCE_CODE,false
packages/repositories/src/bootstrap-repository.ts,2824,b06390568669d08989019fb45590b34823f21baa4ab2aaf30182be5eff698afe,.ts,SOURCE_CODE,false
packages/repositories/src/child-education-coordination-repository.ts,13566,b40b6d1d3530a7756a1abad6a0791e3450d8f46595a34c700050959b25afeac2,.ts,SOURCE_CODE,false
packages/repositories/src/communication-audit-archive-repository.ts,13731,995db2251b4480386f0dc54f6b4792785f3fea43f6d9318f365c89fd1e584cbe,.ts,SOURCE_CODE,false
packages/repositories/src/communication-file-sharing-repository.ts,16232,cf3c6d1da6e830577ca4bf90ad09d6d01eb6c4af8fd0aa3484b739e9d699fe76,.ts,SOURCE_CODE,false
packages/repositories/src/communication-messaging-repository.ts,34276,235695bdea8d4145cc18e40467a4481f6f745fe51fb94c6d7e61d30f445dd14c,.ts,SOURCE_CODE,false
packages/repositories/src/communication-realtime-calling-repository.ts,32962,ba88b9b74bfba3db1a1432efde5dcfea9621d3b795f2051887aa67fbe6880b14,.ts,SOURCE_CODE,false
packages/repositories/src/communication-recording-retention-repository.ts,24820,d80213c2e7eeff874571dcd4413dbe21226fa7eb81e930d275b3568ebfd35bef,.ts,SOURCE_CODE,false
packages/repositories/src/communication-security-repository.ts,31026,8651e20b6119681748540a3be05829a9bff5b10a9b7d60a43a074ff298037e52,.ts,SOURCE_CODE,false
packages/repositories/src/dashboard-repository.ts,12413,9d55adae3c2dcbb4b17097ba4ca22422ee921d240c8a1579e5230b0c14e8f2fe,.ts,SOURCE_CODE,false
packages/repositories/src/data-lifecycle-repository.ts,13812,cba0fc2f69381a60874bb631c73dc9aa765db402d41affb85c91b86da82467ff,.ts,SOURCE_CODE,false
packages/repositories/src/data-repair-repository.ts,22277,966a3ec77813633b36d5f7a4669be85e77f8b4adc5375779fa0be216e0ca6669,.ts,SOURCE_CODE,false
packages/repositories/src/derived-data-policy-repository.ts,33027,76a7735c1cc49eb0b8d80ad8fbf93c17073c5b3851e630de6c301a2808784b63,.ts,SOURCE_CODE,false
packages/repositories/src/diagnostic-repository.ts,16285,1cc7a8a46865f362203d0bfa15739121e3c7e1f28fa5332c819c98b5f16f4a73,.ts,SOURCE_CODE,false
packages/repositories/src/entity-catalog-repository.ts,5609,5ceffbfb504bdb399c6c0e563c353c30d0ce0ed865e6c7d6d4436eaf475dc552,.ts,SOURCE_CODE,false
packages/repositories/src/external-backup-inventory-repository.ts,39841,27794e1845f3c08529ed36297db7a931eacb42616aa2b5a168186d44a57035a4,.ts,SOURCE_CODE,false
packages/repositories/src/family-ai-assistant-repository.ts,13724,19c43cac253efcb0877c0ebd8ebd4bdf409f77ef3dec229b905212722f23a260,.ts,SOURCE_CODE,false
packages/repositories/src/family-data-import-repository.ts,23210,ffe6e7fefc6bedfb9449b3de8da1a1947b1c22d10031390a27af62aa77c3e5e8,.ts,SOURCE_CODE,false
packages/repositories/src/family-meeting-repository.ts,34925,f6c424f4047511124b8c5820d12e27fbd4ecd1bfd33a95e0db04402376b4184a,.ts,SOURCE_CODE,false
packages/repositories/src/family-repository.ts,960,2fbe3c8a48f18de9b2816c3073ac9ac6f13b0edb6e761a26b57edabc51932424,.ts,SOURCE_CODE,false
packages/repositories/src/finance-repository.ts,55508,cf7f5c240a97294da0b7d42a5bb4297d3949653d95d7ac47a0659e3fe93ce4c3,.ts,SOURCE_CODE,false
packages/repositories/src/form-draft-repository.ts,13526,0cf216f607e62f827534a943b50992617a65e88ad86393c6bd46aa8f9fb3c3f0,.ts,SOURCE_CODE,false
packages/repositories/src/genealogy-repository.ts,1496,f0f53e0d6e4096d815e291f0abe9ff44f87bac5e417f771821821870b039a26e,.ts,SOURCE_CODE,false
packages/repositories/src/health-repository.ts,36871,cf6669454597c9a3fef7fd8ea9a00dec25389c01b0c68c87115d6ae34bc380d5,.ts,SOURCE_CODE,false
packages/repositories/src/household-membership-repository.ts,8968,c702ddfc93d4bb07c424b829959e11c7583d321e35277b6911b2cbb260ec59b3,.ts,SOURCE_CODE,false
packages/repositories/src/household-operations-repository.ts,19725,428a151409e61d2ccdf3abf9f6b6270f1963a9468d873c68f25e78a613e2b9a2,.ts,SOURCE_CODE,false
packages/repositories/src/identity-access-credential-repository.ts,56109,dbf6c68d21aa7a107ff5704120c3ab20c641aa3ce944b2f4c0852b6990660e0a,.ts,SOURCE_CODE,false
packages/repositories/src/index.ts,3212,457a4db2dd80957639afea867c88fd768a4ae2b168325ec2813831687df86a87,.ts,SOURCE_CODE,false
packages/repositories/src/invitation-repository.ts,6010,7f2ab011d06032b33c4ab5f83f3852f6c742df4c3be0fc96d43ce078fcbe97c4,.ts,SOURCE_CODE,false
packages/repositories/src/large-family-read-model-repository.ts,12724,543dcc2d32723b362201286537e276e3b559e1445bcb79720475a6c7bb5cd4b0,.ts,SOURCE_CODE,false
packages/repositories/src/legacy-repository.ts,7031,b064b5689dfda0afc88851c9c3eb1317c8cb25567a032b470555cf9d8d714ba7,.ts,SOURCE_CODE,false
packages/repositories/src/life-repository.ts,92233,503f0814fd1e7a0ab5084a011d339a6ed1bf88eddcfde0d60cf8e41c4349f88a,.ts,SOURCE_CODE,false
packages/repositories/src/local-governed-ocr-repository.ts,56260,16962b4efb06ef2bd8f482177848fd8003a951da2222d004a23512a2647614bd,.ts,SOURCE_CODE,false
packages/repositories/src/local-translation-language-repository.ts,24349,930308637e0c9562e1801e3b75bb8825393bb3c3e4ed7791c5d8a2ab6241d7e7,.ts,SOURCE_CODE,false
packages/repositories/src/location-repository.ts,10800,580d09583b8ce22c14ab9b360551aff65ecb74aa657a92ab78cec8c5cf7da3af,.ts,SOURCE_CODE,false
packages/repositories/src/long-term-portfolio-repository.ts,32524,7cb4162b68f0c9f0ce01a3d8aeedb92248ade30517cae53cbb376877464414b2,.ts,SOURCE_CODE,false
packages/repositories/src/memory-studio-repository.ts,23339,3d6cacc9706921fa67546ae206084940c90a5aeed391fb813f4cd11b6406f276,.ts,SOURCE_CODE,false
packages/repositories/src/notification-state-repository.ts,2558,1e89ab052dbeccbed549f596a07f13f635136d6b9212aed222c0df9b2ea716e9,.ts,SOURCE_CODE,false
packages/repositories/src/object-permission-repository.ts,5116,99aed44ad25f6a31ab0881d65e4d94c4c6f355cd45ae49fc1926f3cccbffecbd,.ts,SOURCE_CODE,false
packages/repositories/src/offline-capability-lease-repository.ts,5296,32f7184be472c5c638c684973f0f312d76c41dbe4c9fca6047b5ad0c9d6a72ab,.ts,SOURCE_CODE,false
packages/repositories/src/outbox-repository.ts,8831,ba4b0884845c7f1f2cd48a7090d8c9993883a933fd2dac6a72d909a413473992,.ts,SOURCE_CODE,false
packages/repositories/src/person-lifecycle-repository.ts,9163,720a72db7765457e0b671554935b1d176b435869ee9ae70e63831a95efbc31da,.ts,SOURCE_CODE,false
packages/repositories/src/person-repository.ts,2992,ba0f89906df850d23ea6d446e2e3ffa1db2af7562c10e824311a2440835762e7,.ts,SOURCE_CODE,false
packages/repositories/src/places-travel-asset-pet-repository.ts,15375,56db419e3a6bf7a155b67fae880de857912ebaf6a90e15a0442ef1eeb066b993,.ts,SOURCE_CODE,false
packages/repositories/src/platform-policy-transaction-repository.ts,66729,bfc5883432c5ec79e05174b8346e06b98ad3d4ec994975a504cfafd4a4b999ff,.ts,SOURCE_CODE,false
packages/repositories/src/privacy-ownership-data-rights-repository.ts,54892,0de0485096efa938e263dc8bd1d0fe5470c382853442943b71250e94c84bfeb8,.ts,SOURCE_CODE,false
packages/repositories/src/product-surface-governance-repository.ts,400,8f57ca9e786395d9391e60a987d3704978bce866f6f9c6e838ee2717a7bed75b,.ts,SOURCE_CODE,false
packages/repositories/src/relation-repository.ts,2174,7a6db6e3fc797f187a115a74ec71ac4a4065ab31fa0b947b17bc48b99403ac7c,.ts,SOURCE_CODE,false
packages/repositories/src/report-repository.ts,2466,b442fb4e197b6fdf51a5d12c1d576f4cbc577d6f5d56090a47cf13c7b8e918b1,.ts,SOURCE_CODE,false
packages/repositories/src/signed-plugin-platform-repository.ts,22834,42fd4189b2babd1d73299aba942a8c5bc2f28d6c88f67cd7894b871c47ae5c0f,.ts,SOURCE_CODE,false
packages/repositories/src/smart-home-energy-repository.ts,25404,5990ee4d33dd82fc1a1ecfa24ee20d4a3202e2a39a680b9c11dfff62c0be9228,.ts,SOURCE_CODE,false
packages/repositories/src/sqlite-base.ts,1228,63c38d651bb39b0f0f4e9a93454b6ddc0d85b1efc67191e1890a18808edb67b7,.ts,SOURCE_CODE,false
packages/repositories/src/task-repository.ts,4640,ffab8664be8dead3e6ccd1bb12173738daf2919477185f6492263ae6a581875e,.ts,SOURCE_CODE,false
packages/repositories/src/timeline-repository.ts,18639,89b820d2b9c5d0294ca2dfbf41186f6e773440920b6481f4618dc76b98276e88,.ts,SOURCE_CODE,false
packages/repositories/src/trusted-device-repository.ts,4396,2f3a298bd56f149d6d0552fc511ca9a8e285bc7558889c1d6d9eec54a306490a,.ts,SOURCE_CODE,false
packages/repositories/src/windows-hello-registration-repository.ts,4893,14e1321875a4e650c43d8cdc59b72b8d32e6d347deecb2136b79de32316ad896,.ts,SOURCE_CODE,false
packages/repositories/src/windows-resilience-universal-ux-repository.ts,17400,eedf547fc90886d04e44a2ee2b5c0e15e8cf4c1d4ef5bc2a99cdb2269a860777,.ts,SOURCE_CODE,false
packages/repositories/tsconfig.json,207,c21b42253ae8d9de9c3459e731c35ff5dea9742cb5c6f777d78d05c5d7af660a,.json,ACTIVE_REFERENCE,true
packages/repositories/tsconfig.tsbuildinfo,1623,a87272f71c52b3cdccc2feb6c39ff4d4dc768eaffa1718a205eb059302224238,.tsbuildinfo,ACTIVE_REFERENCE,false
packages/repositories/windows-resilience-universal-ux-repository-policy.test.ts,7242,0e5b4366d57a04bb6e1fc0a447d32879f343042c02d48c6a3eb0d29a96a72f4c,.ts,TEST_OR_GATE,false
packages/repository-contracts/package.json,558,8fd722b81e7247430c84d76839649f06daaf73aae5f56ddccb027f8252c3435b,.json,ACTIVE_REFERENCE,true
packages/repository-contracts/src/accessibility-preferences-repository.ts,2255,cf35c9c1e9e4e1329a1994caea197123b679ef9ae7def38fa06aa8b27a3e5933,.ts,SOURCE_CODE,false
packages/repository-contracts/src/account-repository.ts,3542,4304fa884a4aadd4645a2a9b30897afeea7fadf5bb78388664bb56bd012ed797,.ts,SOURCE_CODE,false
packages/repository-contracts/src/ai-consent-repository.ts,1416,65ee11cfd412a68bee0a960e604c6ecfaea4c6b1737f47cc941bf768fb158b7b,.ts,SOURCE_CODE,false
packages/repository-contracts/src/archive-repository.ts,6076,99b85bd37a8dfa74e7146561a2094c556d6d0c72c7c96b1a69d6ab7502b0ca2b,.ts,SOURCE_CODE,false
packages/repository-contracts/src/audit-repository.ts,1071,b11cf337c7e4e7c65513f2f6b8b7c47388a462057d6b91ab41536efc43328142,.ts,SOURCE_CODE,false
packages/repository-contracts/src/automation-repository.ts,2531,f5f5d1dfe91a2e29a40ca26f279d3d995e584599391e116f650c39b9e7550a24,.ts,SOURCE_CODE,false
packages/repository-contracts/src/backup-propagation-repository.ts,2541,58848082938c1f20365bd42bafa13033eab3c231bf655a135417950e2255e26b,.ts,SOURCE_CODE,false
packages/repository-contracts/src/backup-quarantine-repository.ts,2132,5a6edb8dc06b5318f4612eeca370d1c90776a843314eccd0968475c1e3824559,.ts,SOURCE_CODE,false
packages/repository-contracts/src/backup-repository.ts,1323,9f698698cec328a2094b7ff17d26fcc8428b1dc6efebb827a2616d9842d6c430,.ts,SOURCE_CODE,false
packages/repository-contracts/src/bootstrap-repository.ts,1332,d8657e702af8a5786c310dd318271869a587d2d980b34e9a57d2c3800912c6ee,.ts,SOURCE_CODE,false
packages/repository-contracts/src/child-education-coordination-repository.ts,3316,1e7f490609c0b3637985e11d430b4006f5b2c3de05fdbffa582da7eaf794cb00,.ts,SOURCE_CODE,false
packages/repository-contracts/src/communication-audit-archive-repository.ts,2370,1bc2ef34dc4cd3ca875541126fb169ad194f8ce59e6fb055f114af3317cdf3a8,.ts,SOURCE_CODE,false
packages/repository-contracts/src/communication-file-sharing-repository.ts,2833,02d536b43f91887b70b1852a40c3322de8909dfe0906d524533bffe4f1b36f9a,.ts,SOURCE_CODE,false
packages/repository-contracts/src/communication-messaging-repository.ts,9201,47265e2b7ce1543ac00200091ff73bf5992709e0ff4c160faa3d63ec2f85ad19,.ts,SOURCE_CODE,false
packages/repository-contracts/src/communication-realtime-calling-repository.ts,8725,4af2946548b6c68fa47400576b865f67a93dbe2d558490d961e9b0afa7166d27,.ts,SOURCE_CODE,false
packages/repository-contracts/src/communication-recording-retention-repository.ts,7491,e6cc0ec4ff5bbe7750032e6c00be3f1818d2b84826ef57beb481efc2ab7f0411,.ts,SOURCE_CODE,false
packages/repository-contracts/src/communication-security-repository.ts,9117,642ae9e7382411c0897c1370ea3a8b665792f4f7869f7ae042e79469a804bc59,.ts,SOURCE_CODE,false
packages/repository-contracts/src/dashboard-repository.ts,1641,ff2258add2ed1cfa23104044b56eecfcd3d34a238c8ad72fb4bf88960fe1f4ce,.ts,SOURCE_CODE,false
packages/repository-contracts/src/data-lifecycle-repository.ts,3026,2a6d8289731bcb1eeb56fa512d23182c1593cde8ae16bbf83f71fc4758315c11,.ts,SOURCE_CODE,false
packages/repository-contracts/src/data-repair-repository.ts,1357,49747c832d661d1306e95852aa818f1c7edbe66ec630bdb982bbcbe35a3b897b,.ts,SOURCE_CODE,false
packages/repository-contracts/src/derived-data-policy-repository.ts,1026,a70360605931ee59885c74f6fca3ad55b31cd42750d655ab5a058ccf7a4fe0bf,.ts,SOURCE_CODE,false
packages/repository-contracts/src/diagnostic-repository.ts,4918,10c3d7ef2031ebc9e2a3b516d9a5554eaae40c4c7fca9ae72b220f625df79141,.ts,SOURCE_CODE,false
packages/repository-contracts/src/entity-catalog-repository.ts,1816,4ab2146dbd0dfb2b7ea12ad7d83c2e08c1bf3919008e383347670bb8805736d4,.ts,SOURCE_CODE,false
packages/repository-contracts/src/external-backup-inventory-repository.ts,9789,5442a6268d09739748db4f8c9077d43f5e1e98234aa738f903fdedbe6f681343,.ts,SOURCE_CODE,false
packages/repository-contracts/src/family-ai-assistant-repository.ts,3439,a300738d2b2845014ee2a40ebf2620bf4fdf77574cdd69f4b707016f28ed768a,.ts,SOURCE_CODE,false
packages/repository-contracts/src/family-data-import-repository.ts,4059,6fa11ebbefc28dc5e28119222ef2be25b898b5012206f5520dd46ec2faa2675f,.ts,SOURCE_CODE,false
packages/repository-contracts/src/family-meeting-repository.ts,9889,ec682cdc7ec3e20966ae7fc2e6567ee61304756021c2374e7977560b69a84098,.ts,SOURCE_CODE,false
packages/repository-contracts/src/family-repository.ts,422,64bbc49fcb54021cd9579020e309401814b951a3a187c7e88ec0eb631ae23938,.ts,SOURCE_CODE,false
packages/repository-contracts/src/finance-repository.ts,6977,ec2f0ca4b18e881b718a93325301f976ae245b8f11d37819d283d69b06cc25b9,.ts,SOURCE_CODE,false
packages/repository-contracts/src/form-draft-repository.ts,2240,a8a5aeec169a8dea19ad360a0d29b46ac24108e7a5c2004ac0b0d7f8da423647,.ts,SOURCE_CODE,false
packages/repository-contracts/src/genealogy-repository.ts,542,6e5ef05131a13776ba25315bc654156bd52a84c2d3ca408c0c9d778707b4beb2,.ts,SOURCE_CODE,false
packages/repository-contracts/src/health-repository.ts,6042,4d42718879ee823671a256787cecf96a1c2ef9d8015067a711556562e51ebea9,.ts,SOURCE_CODE,false
packages/repository-contracts/src/household-membership-repository.ts,2212,027a9c328881a96f9364dbb043a60c5c9033f347190213cae4ab1eac5658c4c6,.ts,SOURCE_CODE,false
packages/repository-contracts/src/household-operations-repository.ts,3766,7cc7ed6bd379cd608ad661256438a26c54e1fa299349bf15ab84ee80a33dfc57,.ts,SOURCE_CODE,false
packages/repository-contracts/src/identity-access-credential-repository.ts,10836,b6eb5beafa8eba6e9a73c8a9edbb923cce3a21a8326e1055724d5182231f0e0d,.ts,SOURCE_CODE,false
packages/repository-contracts/src/index.ts,3243,fb4e5a29015676f846eb2b9c210f0cb205ab332511f75d019bcf7834937406ff,.ts,SOURCE_CODE,false
packages/repository-contracts/src/invitation-repository.ts,1745,2850996dad615767df7dbc3fc5ba16e9746c8875d542e984c5d299a8adc2b79f,.ts,SOURCE_CODE,false
packages/repository-contracts/src/large-family-read-model-repository.ts,2809,d926e60770b225c5d0d498c282e7caf281c6bbed477851407e170eb67b72eb5c,.ts,SOURCE_CODE,false
packages/repository-contracts/src/legacy-repository.ts,1558,e1776125977b2e6bcfe0ac612176b1a0b5f80fdb2c9a5b28ae0e62c38163b80b,.ts,SOURCE_CODE,false
packages/repository-contracts/src/life-repository.ts,16571,86bb978df548bec06fedd5260f105ec46967d26eba48005d7db1650e8291ac8f,.ts,SOURCE_CODE,false
packages/repository-contracts/src/local-governed-ocr-repository.ts,10336,c0295d312243b99aa662b9c6d57f78594b7deaeafb2f944d6b9849bd5e2e4cd1,.ts,SOURCE_CODE,false
packages/repository-contracts/src/local-translation-language-repository.ts,7031,31a2f06aac86063aa12fcb08c4ee4064c700914b396cb501847bc4da705451a4,.ts,SOURCE_CODE,false
packages/repository-contracts/src/location-repository.ts,1462,d7c8cd40dba08eff30f1ab7870859af57656156fac5a7a0b24a68421c77a935e,.ts,SOURCE_CODE,false
packages/repository-contracts/src/long-term-portfolio-repository.ts,6658,7dc988c8ccea4f79caa4e322f4fe09c93ab581eeda12281912825660d1f61a0b,.ts,SOURCE_CODE,false
packages/repository-contracts/src/memory-studio-repository.ts,4823,a3c4aa665d8f278cb177f7a16b6373275df7832f6d4690c6eef20755cc7c0b6d,.ts,SOURCE_CODE,false
packages/repository-contracts/src/notification-state-repository.ts,765,1d7179939e98d2af6511cd1f45c4892098b240f54753e9171a9b2454c9d40157,.ts,SOURCE_CODE,false
packages/repository-contracts/src/object-permission-repository.ts,1265,d6af2629be80ac96d2b334ab8f89cfe862c7fa3cb253da0c50b88c69749babae,.ts,SOURCE_CODE,false
packages/repository-contracts/src/offline-capability-lease-repository.ts,1637,0f8a7f6efe9367409a4bb9eaf065686c458047c7d0950e7da63e4af5d1df3cc1,.ts,SOURCE_CODE,false
packages/repository-contracts/src/outbox-repository.ts,1496,f4cbae70a47816efa770799db9182026d33e259bbc8083a541a538e7690125d9,.ts,SOURCE_CODE,false
packages/repository-contracts/src/person-lifecycle-repository.ts,1574,8613e03051826828e71a288045873981b3cdb1380936a9448b7beb0b09b1be28,.ts,SOURCE_CODE,false
packages/repository-contracts/src/person-repository.ts,874,c66dee19d99c55ea8ea9311469604abc5f5c511d2758c5da309cb9a483d6f4bd,.ts,SOURCE_CODE,false
packages/repository-contracts/src/places-travel-asset-pet-repository.ts,3045,ceac0fee3de31d6102bc8365d126dc827fd46693bc0816ba25436535e2608eed,.ts,SOURCE_CODE,false
packages/repository-contracts/src/platform-policy-transaction-repository.ts,12730,e14b2fa14d4e7e11b360ab918a10f3ae95a229bd7aafff6102f7a184943b7d0b,.ts,SOURCE_CODE,false
packages/repository-contracts/src/privacy-ownership-data-rights-repository.ts,7447,88ee6dbb4fa9d24aaf2da783c84d31e9bdd04cfa05231ddc2dc3f6dd6fba92c7,.ts,SOURCE_CODE,false
packages/repository-contracts/src/product-surface-governance-repository.ts,166,f6b2bea30df4790169522d919086dad2b2a2e7e261a82815f88af0276834ff20,.ts,SOURCE_CODE,false
packages/repository-contracts/src/relation-repository.ts,961,7aeb3a8b1a90c9faee80744ca84ed74473c62e9555e0f2cef9130141a4b1d201,.ts,SOURCE_CODE,false
packages/repository-contracts/src/report-repository.ts,819,56a403e32cb6b7272b255a91f9aa7bdc2a246432e8fe27d4d6c4aae00ef1605a,.ts,SOURCE_CODE,false
packages/repository-contracts/src/repository-context.ts,3460,4f2511c1fb93f4203d1668e5da59b15c72ee8de3f8bcc1eb64ddd907e8c6242f,.ts,SOURCE_CODE,false
packages/repository-contracts/src/signed-plugin-platform-repository.ts,5630,5a4c5dfc6162cd061844b2e4a228189bbd17b1cce9e73e024887c6cb9408b125,.ts,SOURCE_CODE,false
packages/repository-contracts/src/smart-home-energy-repository.ts,5563,5a0931a6def944f239a1336e13dec5f8fbb8c3c89dfee9da0ed8b92be421a58e,.ts,SOURCE_CODE,false
packages/repository-contracts/src/task-repository.ts,1481,99d116d3799fb49682df0096d8a68210ac62edcaeb68dadac23d8477c39f70c0,.ts,SOURCE_CODE,false
packages/repository-contracts/src/timeline-repository.ts,3313,7808f3a28e741ce68eea4fdb12e802fb5b652088cf4ce7fd2e1f3a759ef91ff9,.ts,SOURCE_CODE,false
packages/repository-contracts/src/transaction-ports.ts,79,cffe7874b9cec4dae6207d6d7ba3a418fbdac53a4e62ac10709f9a0be4d6c660,.ts,SOURCE_CODE,false
packages/repository-contracts/src/trusted-device-repository.ts,1303,929f0db73498dad86f0aecf2c5fb26a8b09ba1657ee949642836990b0efb0a0c,.ts,SOURCE_CODE,false
packages/repository-contracts/src/windows-hello-registration-repository.ts,1920,5b0185da496a68f29837d618d0d96b3c3e0b02f8f07c876babc6191186f84dcf,.ts,SOURCE_CODE,false
packages/repository-contracts/src/windows-resilience-universal-ux-repository.ts,2756,c61c03d86609f05e0658694196b8bddaad228ace99cbce5560040547e9d9d30b,.ts,SOURCE_CODE,false
packages/repository-contracts/tsconfig.json,207,c21b42253ae8d9de9c3459e731c35ff5dea9742cb5c6f777d78d05c5d7af660a,.json,ACTIVE_REFERENCE,true
packages/repository-contracts/tsconfig.tsbuildinfo,1730,d5d6dc00c134375a7f7871c17dc6034d57f05203156c5698012cb3d23ec4238e,.tsbuildinfo,ACTIVE_REFERENCE,false
packages/security/central-policy-zero-exception.test.ts,4731,c0f4f16e79c6941ce5e96b38618865722d880702b2838b9fdf23c490d2f9aa8b,.ts,TEST_OR_GATE,false
packages/security/package.json,400,ced0cb914a401b53908f1835058c0aea2f4da466c07fea4216ae24b1a7c0b9c7,.json,ACTIVE_REFERENCE,true
packages/security/src/authorization.ts,8503,7e323beb9a487b64ec5e9bc2cc7b311cf0b58c6185f88529114b00ece3e7df27,.ts,SOURCE_CODE,false
packages/security/src/communication-mls-provider-evidence.ts,13836,b3431bd2f9e09e2075fadd358678906f748d0a548da97e6cfbb5103ff3729dd9,.ts,EVIDENCE,false
packages/security/src/companion-sync-envelope.ts,10313,f28b3e3c0bcc19b83f4d56e242cc5cbd649165d606f4ca3f35a3a21d0e290114,.ts,SOURCE_CODE,false
packages/security/src/device-identity.ts,1624,e34c678091bde2deed68b6717ab0da2695c0af2cfbc83ec21de5ef72c045c943,.ts,SOURCE_CODE,false
packages/security/src/device-secret-protector.ts,6162,bc7bb2fed83b8fb6ba7d698987cd114cdec52d232738bd0e96d9318bdb599366,.ts,SOURCE_CODE,false
packages/security/src/encryption.ts,19078,ab2a45480ca3817cf3014b05caa472db282cad744eb22f4a1aab35b51b965bc5,.ts,SOURCE_CODE,false
packages/security/src/index.ts,710,832d542ef7f5fb9673450b77840421fd55778d2d7aca8af878ef87dab26f3f19,.ts,SOURCE_CODE,false
packages/security/src/local-ocr-security.ts,21294,1b5f23219abe32ec79402d7ba1c0fa2425bef3d3f363bea62a09e35165b16d3b,.ts,SOURCE_CODE,false
packages/security/src/oidc-pkce.ts,14502,2d2790aa6c7c5569ad52e979daf1c5aa96ba9dd7c8793fa4122d1918c60667e7,.ts,SOURCE_CODE,false
packages/security/src/password.ts,1103,dc954145e9a7fbab0a47092d1cee37183787d38f5712440857df2c7316ab3ce7,.ts,SOURCE_CODE,false
packages/security/src/privacy-data-export.ts,18390,3a62a7f9d721935c904e2ee53a7c77d693efc750402456fb697b09821e9360be,.ts,SOURCE_CODE,false
packages/security/src/product-license.ts,9541,dd000161d0e95dc0e85e1b0f59301b870c94222a4b9f4e1caa81cb1829594f5d,.ts,SOURCE_CODE,false
packages/security/src/session.ts,4916,80d70f650f75fc8351e08fd81159b899a998ce84d5a29ccc3afeec1599d346e2,.ts,SOURCE_CODE,false
packages/security/src/signed-plugin-manifest.ts,19162,6bba93807488bc949fe3ab3fc99adf9c875845fa8c3e50bacf31f41d3ea412e3,.ts,SOURCE_CODE,false
packages/security/src/temporary-verifiable-credential.ts,17940,8a238f080367ee4878d9ddf3aa40e181f20b25238613e5d1244e4bb43f576c41,.ts,SOURCE_CODE,false
packages/security/src/totp.ts,4302,41d9ade893a29d2d7179534cd2f1e0385a8cda4ac4307adaa34eb0c91723f974,.ts,SOURCE_CODE,false
packages/security/src/webauthn-cose.ts,7389,21bf6b7791ccaaa66fd2be9a0ed00c3f624ba01a6feb155652def07ad2a582fa,.ts,SOURCE_CODE,false
packages/security/src/webauthn-registration.ts,10069,fd3422a8ecc9237445d24cd250a1f4236ffed64233ebc58e7bc66c173219fcfe,.ts,SOURCE_CODE,false
packages/security/src/webauthn.ts,9354,755003225d1f0a4890056d5a5b34f1844d728fbf328168f3dc44c36b8ad62936,.ts,SOURCE_CODE,false
packages/security/tests/communication-mls-provider-evidence.test.ts,8521,5c4e63bca49e88e48e37817599f43917d0d40ee3746c9fdd90bf0e94a1fa114f,.ts,EVIDENCE,false
packages/security/tests/companion-sync-envelope.test.ts,2926,efcc73f61a3daeca527aaf1d39d127801a2505ed77fc16af0eb9a91f51c4b668,.ts,TEST_OR_GATE,false
packages/security/tests/emergency-portable-pack.test.ts,4243,b0b2083c3ade14bf560e2ffa5daaab699843047359a06665c14f908658554e03,.ts,TEST_OR_GATE,false
packages/security/tests/local-ocr-security.test.ts,7404,d0bea57a0ddbce6363aa718fdada932cb8c67cb52983197b1ec0757fa32f14eb,.ts,TEST_OR_GATE,false
packages/security/tests/oidc-pkce.test.ts,6011,c9fd5b88fa432dc065f63ffbfe839df6d7aed76aba16f240d5a4bccd44cdbb2d,.ts,TEST_OR_GATE,false
packages/security/tests/privacy-data-export.test.ts,5931,c490503e4c9319d5922d48aa39c813aeeab1824be06f9349ec230e80ddd97aa0,.ts,TEST_OR_GATE,false
packages/security/tests/product-license.test.ts,3419,6b9dc32bde973043d58c3f207a3c5cec8b4d7f19358025a0f3beca700c175842,.ts,TEST_OR_GATE,false
packages/security/tests/security.test.ts,1195,628d090a76888b792c7c4102f55488eb0e29d448f9b42a205846934691d2840b,.ts,TEST_OR_GATE,false
packages/security/tests/session-lock.test.ts,2512,eeb8d7176f47d53cad45205a56c6e8af333e8e62c6de36afff77a788d4036d1a,.ts,TEST_OR_GATE,false
packages/security/tests/signed-plugin-manifest.test.ts,6352,a063586f1754bce1a2dbf2c5c59e12a3110f02d69c4c370a3a521d551692ce0e,.ts,TEST_OR_GATE,false
packages/security/tests/temporary-verifiable-credential.test.ts,4723,b8ba829af1fd59e353f624627082522fe6459415e4cfec56d253959cd34e6932,.ts,TEST_OR_GATE,false
packages/security/tests/webauthn.test.ts,9128,bc739902663016a46efb521a17326c461d5dfdec370b130eaf5371ccbd9a6c7a,.ts,TEST_OR_GATE,false
packages/security/tsconfig.json,250,96a26c6736a321c749f63b7cd90b66e45ebba1e9c2f457b56b4c2f602b392640,.json,ACTIVE_REFERENCE,true
packages/test-data/package.json,368,dcbe661cfb09a8763e5fa93ca6475f52b7fc524feae8b1fc2aafdd9c5c7481ad,.json,ACTIVE_REFERENCE,true
packages/test-data/src/index.ts,1753,0a78ff1acc84d22c63875547d21ee72b5a25bc45a563b036da206057d2fc93c7,.ts,SOURCE_CODE,false
packages/test-data/tsconfig.json,250,96a26c6736a321c749f63b7cd90b66e45ebba1e9c2f457b56b4c2f602b392640,.json,ACTIVE_REFERENCE,true
PAKET_OZETI_TR.md,912,c5f09f281a1e5f2602cc59fafbb9f220ba39455949e22ce1a4a7774a8ee84925,.md,ACTIVE_REFERENCE,true
pnpm-lock.yaml,35238,294fef277991f40215e79ee300ff96439a3ad36cfffb2542edc83a7807356581,.yaml,ACTIVE_REFERENCE,true
PROJECT_ARTIFACT_INDEX.json,682903,826b6abfba116fd2dd6f83e89d1e2a6169f91273e6da838a7921b1766771306b,.json,ACTIVE_REFERENCE,true
PROJECT_ARTIFACT_INDEX.md,625813,474fe8f67269e1cbfcdf6e396b197271ae473de95e8c389e1328568f16bf0af9,.md,ACTIVE_REFERENCE,true
README.md,867,80309dba371339422b50cdb005cf46a36ae9f3bf27fafc5f19055e2a813984bb,.md,ACTIVE_REFERENCE,true
RELEASE_NOTES_BRONZE_MVP1.md,1369,bf4b71b08dbf5a638b15fd3a4cbac02bef7974d4b51b8860b37fdd0c52f8fc08,.md,HISTORICAL,true
RELEASE_NOTES_BRONZE_MVP10.md,670,c83f9d57b5e8bcee0099d614ac147e72a952efdad3262623f339d12f2882b237,.md,HISTORICAL,true
RELEASE_NOTES_BRONZE_MVP11.md,657,98829334454b50f90305c742d11045b6416d91bc95843ed12be47ab2b6ee5e13,.md,HISTORICAL,true
RELEASE_NOTES_BRONZE_MVP12.md,741,521465777e750d9f774ef104689a64370907ae237f9e417cca121a63b37e7622,.md,HISTORICAL,true
RELEASE_NOTES_BRONZE_MVP13.md,707,de200c530c753233703bc335ac8bab4cfc4321df557f056491b70562ace96731,.md,HISTORICAL,true
RELEASE_NOTES_BRONZE_MVP14.md,1135,ce43888b57223889c8487dea13cfae0a313723583be9ae0147b41bf4794343f8,.md,HISTORICAL,true
RELEASE_NOTES_BRONZE_MVP15.md,778,62bec767f7c28acaace4c05085a6b08d847f4191735274786dd5b5917e632943,.md,HISTORICAL,true
RELEASE_NOTES_BRONZE_MVP16.md,614,e29e5fb02a05e595b26351ca9fd3ccd552a45b2f79551e8ed5c727c92ebf7a8b,.md,HISTORICAL,true
RELEASE_NOTES_BRONZE_MVP17.md,775,ee389f1799b248e39c58517e14dab5d2026ea4795ccbe5eecbb80cdfd235d52e,.md,HISTORICAL,true
RELEASE_NOTES_BRONZE_MVP18.md,977,56baf4524b36da9e3a9bd4318c53b23ea91d5fc886bf960ccef52fb1e61bcde3,.md,HISTORICAL,true
RELEASE_NOTES_BRONZE_MVP19.md,811,0d29c98efc7a70d7a8191d2892835b1a7e0817bd4a5b6caa250532d3473239dc,.md,HISTORICAL,true
RELEASE_NOTES_BRONZE_MVP2.md,853,55d505f74993c56bbd51449974817a19e74e9e108e52787983a7c8ec324e8c0e,.md,HISTORICAL,true
RELEASE_NOTES_BRONZE_MVP20.md,770,485a166cacbc460f0afbdcb5af48f7c49adac427ec32c64def6014b66b043b85,.md,HISTORICAL,true
RELEASE_NOTES_BRONZE_MVP21.md,1130,7ea200b4ee6dbf865a8fe6bf4cbf861aa2290ae82e4ca616db488412b990b798,.md,HISTORICAL,true
RELEASE_NOTES_BRONZE_MVP22.md,1316,ebfe776f00f5e4f49fb62d6d6656058b9add7dafcfbbf8ae5e31e3890e30ff8a,.md,HISTORICAL,true
RELEASE_NOTES_BRONZE_MVP23.md,950,2b40b88b8518781c7db742086209d739917cdeb7e91128714516aff5cffee680,.md,HISTORICAL,true
RELEASE_NOTES_BRONZE_MVP24.md,983,3b229ef7a1106353d4044623896b962e3158a017db2b2c7e31df70da4b583d0c,.md,HISTORICAL,true
RELEASE_NOTES_BRONZE_MVP25.md,1341,5d7d00a4919a1ecce6483b8fa0048aab4e20f1d29b419c90e73ccad3d621be47,.md,HISTORICAL,true
RELEASE_NOTES_BRONZE_MVP26.md,1018,76d5e0eb9cef11682a342bd1f301b1149515136bd02b2fdf7a8cd45ef7cf7030,.md,HISTORICAL,true
RELEASE_NOTES_BRONZE_MVP27.md,974,353b7a11ec7a451ac9cb9e9b00669c3a2c85854fb90716c59b38a14baac9357d,.md,HISTORICAL,true
RELEASE_NOTES_BRONZE_MVP28.md,919,2adbf34a7fd236f734e15247b98d8e5a76ce9d2f6034400758a136278d03a35d,.md,HISTORICAL,true
RELEASE_NOTES_BRONZE_MVP29.md,909,a03740bdf88d1bb95940f7d2454e1237f2f108b54ad4984ffab732b4a312adfd,.md,HISTORICAL,true
RELEASE_NOTES_BRONZE_MVP3.md,1077,f22974e0cb1142c2d02f6d1ea2755d8e95b800988cae4559b03525820e42be5f,.md,HISTORICAL,true
RELEASE_NOTES_BRONZE_MVP30.md,731,64a197d57fb1aeb6a2a818ba4ce937f4825580ba5875f9bbf28f2157ba25c427,.md,HISTORICAL,true
RELEASE_NOTES_BRONZE_MVP31.md,795,649dfac39c6fcae86e2831cc12d4c9db1810c93be547c85cd21fa2d4a4811b1d,.md,HISTORICAL,true
RELEASE_NOTES_BRONZE_MVP32.md,1349,e90ba54a3c977ab8939856838ebd3dc46441b26addffb59172fec2da3c8cb917,.md,HISTORICAL,true
RELEASE_NOTES_BRONZE_MVP33.md,967,4176aaf60ddfed791d3efa5b8844a1fa2cc1a48d88a9dcb634e24976b8f681bc,.md,HISTORICAL,true
RELEASE_NOTES_BRONZE_MVP34.md,542,db07537f26535f5cfbe7eb4d93eba58d84982359dcb81144c29d24a4ad4f2c98,.md,HISTORICAL,true
RELEASE_NOTES_BRONZE_MVP35.md,1701,70009fe0ad5f4415ad791a6b6ea694bedcebd91c1cd3838985fb2fdb1a9ae892,.md,HISTORICAL,true
RELEASE_NOTES_BRONZE_MVP36.md,1070,dbb6c52f93f96c088e2b34f30384e93bc94d6424f93e419ec54291386a706dfa,.md,HISTORICAL,true
RELEASE_NOTES_BRONZE_MVP37.md,644,cf4e2dff9fbcd382eff053c97a711a697f0210c78581285f1c8e00b7a5e58a7e,.md,HISTORICAL,true
RELEASE_NOTES_BRONZE_MVP38.md,862,1dc90912b51ee97845c956c436fcfbd756cd8f6ab0ddbc7b5bf687ed20f3d0ef,.md,HISTORICAL,true
RELEASE_NOTES_BRONZE_MVP39.md,1292,be1201602a01a098ce9fe8cd4a2054bbc3a0599c4ff9197a474a58b45461861e,.md,HISTORICAL,true
RELEASE_NOTES_BRONZE_MVP4.md,825,43cdf924ede41df7789087e20caa2d51bc27da249e9a687c8909b00714a74e12,.md,HISTORICAL,true
RELEASE_NOTES_BRONZE_MVP40.md,0,e3b0c44298fc1c149afbf4c8996fb92427ae41e4649b934ca495991b7852b855,.md,HISTORICAL,true
RELEASE_NOTES_BRONZE_MVP41.md,1631,d74e6a26e251ce3f4bc243285b581055e4869a64ade5ddd154351c520e7e9dd9,.md,HISTORICAL,true
RELEASE_NOTES_BRONZE_MVP42.md,1133,412d4b67ebbcaed0f324480d9527d806d8dd52ff8fdcb291ae5de4b81040913a,.md,HISTORICAL,true
RELEASE_NOTES_BRONZE_MVP43.md,1978,6c7f2bee92aca9483e5bc521f67a908c954af13fae890a82005ec00f9b21457b,.md,HISTORICAL,true
RELEASE_NOTES_BRONZE_MVP44.md,1767,c3dcdfc2b0aa4205a658f426be56f9e6460083425a10d6a99d11fa9bc02fb4b3,.md,HISTORICAL,true
RELEASE_NOTES_BRONZE_MVP45.md,1349,2746a0a8197c546649099def4ea129d843249df0c484d411bf0445ab2bc9963a,.md,HISTORICAL,true
RELEASE_NOTES_BRONZE_MVP46.md,1769,2c1f0659b7f85fe8ae373c75cd1d4eed96593872dcba974eed85bc79afe79be2,.md,HISTORICAL,true
RELEASE_NOTES_BRONZE_MVP47.md,1760,a7c467e495733ce608cb9690a11611d01b0e1958d5fdd10a3195b6cee7bd9d32,.md,HISTORICAL,true
RELEASE_NOTES_BRONZE_MVP48.md,2043,43f65c4d753265264fc002cdee8074c932208b4c59f0d09f78fb4a5342f1558c,.md,HISTORICAL,true
RELEASE_NOTES_BRONZE_MVP49.md,1906,89cc8a09065c8503521ea98aa67c64d4ef055572b0683942d852d3cf3ca262b4,.md,HISTORICAL,true
RELEASE_NOTES_BRONZE_MVP5.md,939,288abad6f4967939a963f13ecb20532d92d15db7ca6b7b3d1deafc064579fffe,.md,HISTORICAL,true
RELEASE_NOTES_BRONZE_MVP50.md,1427,2bd52ae75655980c8fafec092fae3cd9c32248325bb3d32fbeaf3f148096fa34,.md,HISTORICAL,true
RELEASE_NOTES_BRONZE_MVP51.md,1779,fbde528e2c437045724a32b2b0c4adfb2d274b1067ba37b67a3f41286cd835b3,.md,HISTORICAL,true
RELEASE_NOTES_BRONZE_MVP52.md,1888,f66076411e64c552ef4d7121a33caf64b634d7a9561d3685dea6968d75fc3759,.md,HISTORICAL,true
RELEASE_NOTES_BRONZE_MVP53.md,2211,f6d5ce50c4f048357c59195b78491868448287a73e95ef5b4fee268424df424c,.md,HISTORICAL,true
RELEASE_NOTES_BRONZE_MVP54.md,2183,656ca5ec7a2cc915d10c6e704c6b713ee837ca3293a9ec4af035c3c574cfc8cb,.md,HISTORICAL,true
RELEASE_NOTES_BRONZE_MVP55.md,687,3d4d75a5e71245d4ab635b9ad3ee2c6fdb977873cb6180c438268b74d9ddd9cc,.md,HISTORICAL,true
RELEASE_NOTES_BRONZE_MVP56.md,1067,7b544b4c05add3744bd707e82d0e41d5533eb1a493ec6ceb2e4b9dbe2a68065a,.md,HISTORICAL,true
RELEASE_NOTES_BRONZE_MVP57.md,509,19d0789a0772b46d8a9e7429e097db00cdbb8143004c70c8006d618e67925303,.md,HISTORICAL,true
RELEASE_NOTES_BRONZE_MVP58.md,1251,5e149447b18d533d703bcc342416b6eee8a623424314dea38c44a4b5462e5f35,.md,HISTORICAL,true
RELEASE_NOTES_BRONZE_MVP59.md,1177,788976f4217837fcb76a675bc558dd27685d3a7e5711aba5ac5c194270821e00,.md,HISTORICAL,true
RELEASE_NOTES_BRONZE_MVP6.md,824,153caf19eb7cf1327d9c27d8c91a74297a3a23ead6aaaf97591a88b276eb59cc,.md,HISTORICAL,true
RELEASE_NOTES_BRONZE_MVP60.md,855,795a98ca81c8fbbd6b627bb8aa1e6fa3659ed45f76f5614ff00ac9bce9fbf9e2,.md,HISTORICAL,true
RELEASE_NOTES_BRONZE_MVP61.md,1107,905052e2e5410c620a3372de8d8b0aacadc26eb75cd568f2d778d92bb7d4b761,.md,HISTORICAL,true
RELEASE_NOTES_BRONZE_MVP62.md,636,158bbc20e19445421dc556fb251b28262eb9283e3ed7b53209ae5f61f47d7b4e,.md,HISTORICAL,true
RELEASE_NOTES_BRONZE_MVP63.md,1095,be8779cb25ef05e8677a9057227a818c730632216c5feb1b24f6eca2fb8d4170,.md,HISTORICAL,true
RELEASE_NOTES_BRONZE_MVP64.md,1135,cbbc7dcaa459e464386f21bbbc47a102ed861b7f375102cd0304b1cd818a6999,.md,HISTORICAL,true
RELEASE_NOTES_BRONZE_MVP65.md,902,ea6bd45da37688ae6090584bbbd686b60f2d8dda46184bd6e1a97e74b9a6ce87,.md,HISTORICAL,true
RELEASE_NOTES_BRONZE_MVP66.md,754,5ceb846612342929a6299f520011c062b2b0d1d21f3fe84aa198ee336f4797b5,.md,HISTORICAL,true
RELEASE_NOTES_BRONZE_MVP67.md,1175,3d0e69eb8ec777050d5bedc969b1f14432b8b260879b10ba526dd03a3b227665,.md,HISTORICAL,true
RELEASE_NOTES_BRONZE_MVP68.md,525,5dfb2ed2bf8e09d150875b92c52f8df0030f2d0f27dc923ca2216d132c93e4d4,.md,HISTORICAL,true
RELEASE_NOTES_BRONZE_MVP69.md,1023,522d31db91d0d11780d6582cee3ba66ff8fa4bc270a7f467879b46ffb7505ce6,.md,HISTORICAL,true
RELEASE_NOTES_BRONZE_MVP7.md,1115,aaf93e0ef857345db628f8e27f4bdc7ee7c27b802d57fce2425109a23fe78dea,.md,HISTORICAL,true
RELEASE_NOTES_BRONZE_MVP70.md,1320,2e6521f0441074dbc3c6877e74e7202a2c1e64aa23b911e402885a84dd640bbe,.md,HISTORICAL,true
RELEASE_NOTES_BRONZE_MVP8.md,964,3957ad35a35d8b878d294b14890e5992734cf209f5f7c0e9c927f0b8cd523def,.md,HISTORICAL,true
RELEASE_NOTES_BRONZE_MVP9.md,924,f13ec27a1ad2ec76860cc92df0c6d98269fa7eda2c3e5e35548e14fa00546df5,.md,HISTORICAL,true
RELEASE_NOTES_BRONZE_RC2_BUILD100.md,632,8248995af9008431e93d03207fc544d002b7617ecb9cb03387856abb66c73c37,.md,HISTORICAL,true
RELEASE_NOTES_BRONZE_RC2_BUILD101.md,526,0a18f140e4b402eeaf3980ea077117b2d5196918103e192d735b653d9a5fa5cd,.md,HISTORICAL,true
RELEASE_NOTES_BRONZE_RC2_BUILD102.md,607,4e57018fe130ab330a38770913b3715c05a79ab3277e2378ffc3c6458c489c1d,.md,HISTORICAL,true
RELEASE_NOTES_BRONZE_RC2_BUILD103.md,808,e555c22d86a52051520b4d97a8a8914700cb3d829d05eb9582ac72a428ec5ab5,.md,HISTORICAL,true
RELEASE_NOTES_BRONZE_RC2_BUILD104.md,955,0009cc05a1bccdeb9693e5f35b4ce3dfd78f3e2017b539a1469ce0acf8324ea5,.md,HISTORICAL,true
RELEASE_NOTES_BRONZE_RC2_BUILD105.md,1120,4728d895ba90e40d511403210b4bb71d927e61df1fa09dbd96f17e6e58572734,.md,HISTORICAL,true
RELEASE_NOTES_BRONZE_RC2_BUILD106.md,1005,16c2c244d4a8b0a16dc0492479380191904f23575482c8e4742e64de5b5dfed5,.md,HISTORICAL,true
RELEASE_NOTES_BRONZE_RC2_BUILD107.md,1646,cf5ccb017c5c02db2b5a9f041b20629ac072996383b81a16bd1e12d30df261b1,.md,HISTORICAL,true
RELEASE_NOTES_BRONZE_RC2_BUILD108.md,1068,835f058a259d709b6103274fdd5e817398ac15d27eda7fa358d177c26a7908e9,.md,HISTORICAL,true
RELEASE_NOTES_BRONZE_RC2_BUILD109.md,1144,80ecefdbadf75c4448c624fdbc54410c036db3d4ccdcf65517947c4e327c3724,.md,HISTORICAL,true
RELEASE_NOTES_BRONZE_RC2_BUILD110.md,904,cb23c2deeb18c66bb66848bb34e16c088ca9590180bd3909fec3af6fe4f3dffe,.md,HISTORICAL,true
RELEASE_NOTES_BRONZE_RC2_BUILD111.md,1051,dfd730bafb0c542f3616d302b573a034f98b2d4b7de69c51cb889f1192f00b44,.md,HISTORICAL,true
RELEASE_NOTES_BRONZE_RC2_BUILD112.md,1588,1a824d96b37b077bcc5523ded31d6ffde318abe305aaf4ae3cc26e1a4c582443,.md,HISTORICAL,true
RELEASE_NOTES_BRONZE_RC2_BUILD113.md,1158,0adb87d3273814617f8edd181b76fad184d6ff52798dee12ceceed3c74981dab,.md,HISTORICAL,true
RELEASE_NOTES_BRONZE_RC2_BUILD114.md,906,a6dd174d424dd007568888b665e79d4a18776a3d79e8902e7ac0287ba52fad5d,.md,HISTORICAL,true
RELEASE_NOTES_BRONZE_RC2_BUILD115.md,927,bd4faf4538decd539845f892645206779b62da529f676f7260122eab68db0e1f,.md,HISTORICAL,true
RELEASE_NOTES_BRONZE_RC2_BUILD116.md,870,aeb6784f4a4199f434e2cbeccebb86d7d1e9ec64d3cafeb870abd1bcb748cf6a,.md,HISTORICAL,true
RELEASE_NOTES_BRONZE_RC2_BUILD117.md,940,63fa4bc0ab45f6fa8c6469d474829a2e2084cb5d14064544ecfff1be0312f5a9,.md,HISTORICAL,true
RELEASE_NOTES_BRONZE_RC2_BUILD118.md,1129,4c32dca289eb3de7441dc0cb712ebd22af2da1c6d65efd1696cad2625081565c,.md,HISTORICAL,true
RELEASE_NOTES_BRONZE_RC2_BUILD119.md,1261,10f54398d256514aa4e6c0c969e92b6ca180bd88dafa64e6616c258677e79679,.md,HISTORICAL,true
RELEASE_NOTES_BRONZE_RC2_BUILD120.md,815,28c7235a600e6aa67df46b87048d15febfe444036de10245a4c8190fb6e26936,.md,HISTORICAL,true
RELEASE_NOTES_BRONZE_RC2_BUILD121.md,1265,64211e29f856f64518929ed0d267d4d48ccde3c3cad17d1d8e70117c17aadbec,.md,HISTORICAL,true
RELEASE_NOTES_BRONZE_RC2_BUILD122.md,3517,ccd0ab20f207a1d0f392e0449f5b6b75abca02bfc876ed49600d6346cf9dd9a1,.md,HISTORICAL,true
RELEASE_NOTES_BRONZE_RC2_BUILD123.md,1261,6eb0731aa64c6cbbe08798381125f2834e433ac4b1e7a159b081ccc20e62d1f3,.md,HISTORICAL,true
RELEASE_NOTES_BRONZE_RC2_BUILD124.md,1694,6be623ea0ed5bc121fc045315a91c30b307dba5114ba94557773b18188d87dca,.md,HISTORICAL,true
RELEASE_NOTES_BRONZE_RC2_BUILD125.md,1213,ec124cdcf19b2b8119b30955fa9704c15a305df42e8efa65100e0ea6da32e672,.md,HISTORICAL,true
RELEASE_NOTES_BRONZE_RC2_BUILD126.md,985,2d9eda7670f66ad10b05f13450a5acfc885a55c611d7283fcbaec99e738896e4,.md,HISTORICAL,true
RELEASE_NOTES_BRONZE_RC2_BUILD127.md,1167,9fb3d2a28a76d31ba7aa417174e239d230e4aa7f1f400ddd48d23bd5edc4302c,.md,HISTORICAL,true
RELEASE_NOTES_BRONZE_RC2_BUILD128.md,1303,e1c75be892def12bdd1132100a236a714f6d60248ff77c4520006d4de5eacdc0,.md,HISTORICAL,true
RELEASE_NOTES_BRONZE_RC2_BUILD129.md,1241,20e3ed3edffe7803ee89bd200444254bfa5a2886c97ebd629275202179358797,.md,HISTORICAL,true
RELEASE_NOTES_BRONZE_RC2_BUILD130.md,810,6e9b0be991060d93af2e9c260df62c90c053d9a89bcdbc0a80ddf60c3ca0cf55,.md,HISTORICAL,true
RELEASE_NOTES_BRONZE_RC2_BUILD131.md,1098,c622247dc35fbfe5be2c91d5d2d73a9f553b6c659d080919b1064da20d1a596c,.md,HISTORICAL,true
RELEASE_NOTES_BRONZE_RC2_BUILD132.md,1362,a405dc756786147afbe67800e236ad1c862072693fe89f351ba67a4897fcd8d9,.md,HISTORICAL,true
RELEASE_NOTES_BRONZE_RC2_BUILD133.md,884,d675fc3006ecbf7a17a9d09b84a586d64424bb0aec2c286998a6ee1858eacdbb,.md,HISTORICAL,true
RELEASE_NOTES_BRONZE_RC2_BUILD134.md,1225,453dfcd3643210775a100dfba0b028d60a698ba21cd2b43ab0ea1b513f5de028,.md,HISTORICAL,true
RELEASE_NOTES_BRONZE_RC2_BUILD135.md,1598,d586620ebe6a1337eac5e30ab0ea12242cf088d63daa880dbfa23a25d3981139,.md,HISTORICAL,true
RELEASE_NOTES_BRONZE_RC2_BUILD136.md,1626,92247e0c2bba13d8933d11467b92a0ad17946c4337d9f08279602572b1e18b80,.md,HISTORICAL,true
RELEASE_NOTES_BRONZE_RC2_BUILD137.md,1961,0a894029acf8283e660ad0493fe4460cab82dbf4b2fc560bc7a4841b91cca0e1,.md,HISTORICAL,true
RELEASE_NOTES_BRONZE_RC2_BUILD138.md,1381,a406b7f6ffe03d355cc942f51797e0563f10e8503f57483058b47ada097e92b3,.md,HISTORICAL,true
RELEASE_NOTES_BRONZE_RC2_BUILD139.md,1266,e1333d537e1fcdca5b6bbde7a70b4b890dabdd7cdf77a5fc7c381fcea1110963,.md,HISTORICAL,true
RELEASE_NOTES_BRONZE_RC2_BUILD140.md,1332,4be0abd76e40c87b979c86afca21afc65e2832d5c20f14de987b88dc3c67546b,.md,HISTORICAL,true
RELEASE_NOTES_BRONZE_RC2_BUILD141.md,1242,b6115c1677774ad0d3c5004237c7778da9698aa06f7aa068948c6958a7a4245d,.md,HISTORICAL,true
RELEASE_NOTES_BRONZE_RC2_BUILD142.md,1387,dd8404bb0c033a92e5f5c06d940b6addca4f613e74fe8ab07b8598918c3aa768,.md,HISTORICAL,true
RELEASE_NOTES_BRONZE_RC2_BUILD143.md,480,f5075642501019d415f4ecfc52349b1b4bdc8801fddc8be70906a8ac2146f522,.md,HISTORICAL,true
RELEASE_NOTES_BRONZE_RC2_BUILD144.md,1067,313fcea32f55685e781cccb30ffc75266cbf9d5e11c32cd56721f4dc2bc74ebe,.md,HISTORICAL,true
RELEASE_NOTES_BRONZE_RC2_BUILD146.md,1483,7f83621498d27d157db4a0ab57304a8687490684e9710f920ce63d151a335280,.md,HISTORICAL,true
RELEASE_NOTES_BRONZE_RC2_BUILD147.md,1203,8f62b673f38ced57761217c0086f5b4d88000850c5b74704cdb81e128b2f2a1a,.md,HISTORICAL,true
RELEASE_NOTES_BRONZE_RC2_BUILD148.md,1519,dbda698025bc3b4e3db67be69fb792265a94c19123a370a8b85b762ee9821fd8,.md,HISTORICAL,true
RELEASE_NOTES_BRONZE_RC2_BUILD149.md,1031,faf2442f0ada6647613721efbc45f4fd513e8e2b3cf5c9a1527f2574cc6f3ab8,.md,HISTORICAL,true
RELEASE_NOTES_BRONZE_RC2_BUILD150.md,1226,d612b6c68dc2ff2b42be62f61c7bac353d0212b6e7641cc59d8727cf31d894d3,.md,HISTORICAL,true
RELEASE_NOTES_BRONZE_RC2_BUILD151.md,938,c0da62b1786cfd9156b7a684bbe4bd96c072e761241769d88a2963d21fcd804c,.md,HISTORICAL,true
RELEASE_NOTES_BRONZE_RC2_BUILD152.md,1067,051b19c155de2a42b474a24fe5612c57579f003c0e6dbe783c0e9ecc5b77053a,.md,HISTORICAL,true
RELEASE_NOTES_BRONZE_RC2_BUILD153.md,917,04b731afacc4ff46167bdbc303ca3a61f2e0d849e7189d4ea0dd377c4044c1bc,.md,HISTORICAL,true
RELEASE_NOTES_BRONZE_RC2_BUILD154.md,0,e3b0c44298fc1c149afbf4c8996fb92427ae41e4649b934ca495991b7852b855,.md,HISTORICAL,true
RELEASE_NOTES_BRONZE_RC2_BUILD155.md,1125,c87c45883d22b714d00e4aa702e79bc501a7dd67974678218fd718bd6fe9617a,.md,HISTORICAL,true
RELEASE_NOTES_BRONZE_RC2_BUILD156.md,1377,e0ecb2da2c707acfdf5a2b9cb3f31b9dc59ef68216286794188cb703d58f264e,.md,HISTORICAL,true
RELEASE_NOTES_BRONZE_RC2_BUILD157.md,1280,6d2efbd952d75aa854657c6751bfe314fdf9610127108dc7ea3bc6c16f2d9e0d,.md,HISTORICAL,true
RELEASE_NOTES_BRONZE_RC2_BUILD158.md,1185,14eb252785a748785523053456ae9fad84c3c87def4b88d5b2e7f81596337840,.md,HISTORICAL,true
RELEASE_NOTES_BRONZE_RC2_BUILD159.md,977,dd0a74786f9062a596dc802eaa6fb8f4c1fe38c9e7535f79a767286ba385a47d,.md,HISTORICAL,true
RELEASE_NOTES_BRONZE_RC2_BUILD160.md,946,e0feca136f40952140114bccd92ef6f41357be974843c8167fc24df2310a67bb,.md,HISTORICAL,true
RELEASE_NOTES_BRONZE_RC2_BUILD161.md,1082,03b7362d705bbccf4e4c4cba9cc4ae7fdc34290a7aca7486ddddbfc40a345183,.md,HISTORICAL,true
RELEASE_NOTES_BRONZE_RC2_BUILD162.md,865,132edb6ba8355dbf406c3c8c240f4417560dbad2bedc2d855301a70055d6e81b,.md,HISTORICAL,true
RELEASE_NOTES_BRONZE_RC2_BUILD163.md,726,c784c142895c5ed3ab279b4a839560f90a548643179cebdbd50dd24159962260,.md,HISTORICAL,true
RELEASE_NOTES_BRONZE_RC2_BUILD164.md,760,5f2534118f921d11b9820687bf219e56ed05ab5f480125cf945e6c4098fccb19,.md,HISTORICAL,true
RELEASE_NOTES_BRONZE_RC2_BUILD165.md,869,549abd8216e0aeeb71cac5858f6e66a979c7d6c003cd5bafaa32dc19e68050b7,.md,HISTORICAL,true
RELEASE_NOTES_BRONZE_RC2_BUILD166.md,565,f7622ee8a38929832eb9fc7a0b78a54455bdba3781679d9719755e98cfd1c044,.md,HISTORICAL,true
RELEASE_NOTES_BRONZE_RC2_BUILD167.md,625,e92caaeea5da12599dde15de0a1193ddaeb956f60ba501b93d02a90d80c77b12,.md,HISTORICAL,true
RELEASE_NOTES_BRONZE_RC2_BUILD168.md,816,7f7f9f8070aeb7d8ed3cf954c7170253957c94c04135d5479dabd71043dabe54,.md,HISTORICAL,true
RELEASE_NOTES_BRONZE_RC2_BUILD169.md,876,bb8f02b973a063f3900b4355e7ec5b0c08f2719370a90880b87b9e49e4e6069e,.md,HISTORICAL,true
RELEASE_NOTES_BRONZE_RC2_BUILD170.md,1302,7ebde07e99b69f97ba6f6867c954bcb120e5bfceccb9a29141812aee2425c4d1,.md,HISTORICAL,true
RELEASE_NOTES_BRONZE_RC2_BUILD171.md,1643,30ed1d5140a06bbadbbca27c04ff54e35de1d70dd687738475d7a70538dbf463,.md,HISTORICAL,true
RELEASE_NOTES_BRONZE_RC2_BUILD172.md,1544,91e1a44f6bc28ef06fa38c1ef83b5007f5af03fc6c345c8a372c9d435126570b,.md,HISTORICAL,true
RELEASE_NOTES_BRONZE_RC2_BUILD173.md,1166,f5f97ac828e2fd8bc99a3a9589b85e1f1ddb8ec28ee0096dfdf3aabaef3c9f2b,.md,HISTORICAL,true
RELEASE_NOTES_BRONZE_RC2_BUILD174.md,353,995dca7a0bca322ef75da478c46b4fc0238a2bc3da4f3b71beb18d7c21831e9f,.md,HISTORICAL,true
RELEASE_NOTES_BRONZE_RC2_BUILD175.md,1093,bfe8a520d5e2e46d1dbbba56d2ef180ec46f9f6aa8fdd54d644b2bfbd88c5005,.md,HISTORICAL,true
RELEASE_NOTES_BRONZE_RC2_BUILD176.md,1491,c97e87052b079b792ea8c90a046c84fba5b53a7dd1be65d6800c637636a2a476,.md,HISTORICAL,true
RELEASE_NOTES_BRONZE_RC2_BUILD177.md,1560,08fc21253f5f884ad7056dcc50e22314ea72b2524ffa9bd7048bfc0ffe8095d5,.md,HISTORICAL,true
RELEASE_NOTES_BRONZE_RC2_BUILD178.md,1157,17a607fe6ce1d61c2c93cd8108020ff2a6144c8b9929f40b5a79f766dea0c3ec,.md,HISTORICAL,true
RELEASE_NOTES_BRONZE_RC2_BUILD179.md,1258,23034b5d8b1de6d6e9056349254b77f8667b45b07ebac0cf08b610eeaad80be5,.md,HISTORICAL,true
RELEASE_NOTES_BRONZE_RC2_BUILD180.md,1225,85bbca0a09b93f3e15b1c49ec4fb4fe0baea52121a7b8bf23b70e149ab08f00b,.md,HISTORICAL,true
RELEASE_NOTES_BRONZE_RC2_BUILD181.md,960,2fbb7272c11afbf0566dd1031be753232329fd77a5571c8707c7ca5bdb253168,.md,HISTORICAL,true
RELEASE_NOTES_BRONZE_RC2_BUILD182.md,1667,da0b8f91a6fec798dd84a8a3589af6fbf28d6d60ff5e9aebe5fc2c0c084cbb34,.md,HISTORICAL,true
RELEASE_NOTES_BRONZE_RC2_BUILD183.md,1493,f08a166860a8f3a5d3057475b9db4d5e392bb7edf75afb78fe3c3b206393e150,.md,HISTORICAL,true
RELEASE_NOTES_BRONZE_RC2_BUILD184.md,800,4904c6456cbab80b227685f6973fe45d5ccc28862a507672a59bb2c296f0a047,.md,HISTORICAL,true
RELEASE_NOTES_BRONZE_RC2_BUILD185.md,857,45b2f9f18ab4acd0ffe45ed80f7e8ab38abab0f44c6915a7b7ed0815f60c5c90,.md,HISTORICAL,true
RELEASE_NOTES_BRONZE_RC2_BUILD186.md,979,ab3c97139b108e4bbd89390203a062da43e514fd1cabd204e559f1fff041ed70,.md,HISTORICAL,true
RELEASE_NOTES_BRONZE_RC2_BUILD187.md,1171,9e98617755e2934f6d6c9a87417f8a060ec041e4db7b9c88de134abd604fba39,.md,HISTORICAL,true
RELEASE_NOTES_BRONZE_RC2_BUILD188.md,1081,3187c1e1da9005fbf1803c68b8ad7f8e73fd6874aa69a8ea92fcb54288e7da03,.md,HISTORICAL,true
RELEASE_NOTES_BRONZE_RC2_BUILD189.md,891,9689074d9f0a3a3af63cc8830770441fb4cff422ab9d2ef0d0b4752d9e33a946,.md,HISTORICAL,true
RELEASE_NOTES_BRONZE_RC2_BUILD190.md,874,f00b9dcdc115a1094e7db009c5216d8940adcabee24f3acfcbd21253bc1310e6,.md,HISTORICAL,true
RELEASE_NOTES_BRONZE_RC2_BUILD191.md,873,f485508a9c3d82ddb414091d627ffa731d70333bd9cff87fac482828b53a101d,.md,HISTORICAL,true
RELEASE_NOTES_BRONZE_RC2_BUILD192.md,865,b0d1fdfb3b46579ca059fdcc14606e242cd34fd2f32b1b9a532e7e28ff7a71f3,.md,HISTORICAL,true
RELEASE_NOTES_BRONZE_RC2_BUILD193.md,832,a44715e737c43157e82443ec66a52c7972a3b085fd6ff098cbff63e44fc7e6e0,.md,HISTORICAL,true
RELEASE_NOTES_BRONZE_RC2_BUILD195.md,412,373ed9a1517b2f937951a2e132a227272c4d28c4df39031a7c8559070f9fac86,.md,HISTORICAL,true
RELEASE_NOTES_BRONZE_RC2_BUILD196.md,365,aa84c406789435525ce8849c1f79a55187f9394754de4fc443a09559eacfc661,.md,HISTORICAL,true
RELEASE_NOTES_BRONZE_RC2_BUILD197.md,493,d9579be2b730bbad1b3df7e6c390807ca0ac9d5b436ef9ff32413ee400bd84c5,.md,HISTORICAL,true
RELEASE_NOTES_BRONZE_RC2_BUILD198.md,214,66fb5c7f8bb6f53fa077d5a2b1261a105eb6c8ad5ada976296e2945a4cfb9c44,.md,HISTORICAL,true
RELEASE_NOTES_BRONZE_RC2_BUILD199.md,260,3fc8fcf27128670bf49362e49a9be0c54dd544bdb8cc9f3ea1c9375ca2b38510,.md,HISTORICAL,true
RELEASE_NOTES_BRONZE_RC2_BUILD200.md,341,73e6f3d2d8ae92cb7badd369e0965a5bcbb3294f7204a5ad52214473aa3b8937,.md,HISTORICAL,true
RELEASE_NOTES_BRONZE_RC2_BUILD203.md,505,2fff77e15b753c2e641b6640ee4bcafe2d6448a3f1a74a4ab0f8afb54d2bfb27,.md,HISTORICAL,true
RELEASE_NOTES_BRONZE_RC2_BUILD204.md,451,68741d4882ae557629f73ced9be88df7bc01040993325d40ee05184f914e5a51,.md,HISTORICAL,true
RELEASE_NOTES_BRONZE_RC2_BUILD205.md,1382,3e64e5b90537577071b0b82e27e18753448f6a9f1b263e13f9e6c0e3934f4eb3,.md,HISTORICAL,true
RELEASE_NOTES_BRONZE_RC2_BUILD206.md,1524,b8f194889419005fb52af3b17e5ac3d5fdd3b99891c0ab768a122c97ab9d3b0a,.md,HISTORICAL,true
RELEASE_NOTES_BRONZE_RC2_BUILD207.md,686,909c712f6f9b7cdf9fe32c77d09f11405baf3c1334efa004be41635146b4e527,.md,HISTORICAL,true
RELEASE_NOTES_BRONZE_RC2_BUILD208.md,1460,4b9d9cd50de7adefc1402b35d435965ae823bb8c39d68c77750da50ac1bd11f3,.md,HISTORICAL,true
RELEASE_NOTES_BRONZE_RC2_BUILD209.md,1441,0a14d6ee8b016238fe50189f34b9cf1df4c510a0cdb05bf35d955ef6e58b3a29,.md,HISTORICAL,true
RELEASE_NOTES_BRONZE_RC2_BUILD210.md,1280,ab86795d04113a367948db512f28995d69fe78ab22949ac2b75e6471148fa538,.md,HISTORICAL,true
RELEASE_NOTES_BRONZE_RC2_BUILD211.md,362,c000e8b4cd1f3a6b1bd97a5dfa2da40ff8c17eeaeab0bab51918af752d57abc6,.md,HISTORICAL,true
RELEASE_NOTES_BRONZE_RC2_BUILD212.md,550,0313d6e5e1e28ee007faa8bd7649ddf2488b45c704f7f231e46ebdc7b1d7f7ec,.md,HISTORICAL,true
RELEASE_NOTES_BRONZE_RC2_BUILD213.md,1282,c6158d6cd515612ab66c8ced4f2d0065d7d44cea1d387d35a26dad1be7cb4da5,.md,HISTORICAL,true
RELEASE_NOTES_BRONZE_RC2_BUILD214.md,2316,01beecca499ac67e9d5733550e711a09a8790c0381b6f94dede5e76d129be0d2,.md,HISTORICAL,true
RELEASE_NOTES_BRONZE_RC2_BUILD215.md,1337,fba94b346fa481b20283b14d200ccb3a2037317d9d97f3b3e3476ea8f70b79b1,.md,HISTORICAL,true
RELEASE_NOTES_BRONZE_RC2_BUILD216.md,1656,34d61dd6f5b4f02312cc193e1323c6d858a31c6016d836dc0846fff7e0d5e68f,.md,HISTORICAL,true
RELEASE_NOTES_BRONZE_RC2_BUILD217.md,613,5e7d2fddbeed8098c0ad23b8e48ab585217496e132f54563bc9aa24b5506248b,.md,HISTORICAL,true
RELEASE_NOTES_BRONZE_RC2_BUILD218.md,743,61a7876d94ab8488be5bb5fa6a315998dd32e1ce40739b1c80661f482664636e,.md,HISTORICAL,true
RELEASE_NOTES_BRONZE_RC2_BUILD219.md,705,4e9ac1b4a49ad711c637edd3c6d6a9c3393e03d60cb7c973e4c36848f3584d59,.md,HISTORICAL,true
RELEASE_NOTES_BRONZE_RC2_BUILD220.md,1146,753d2e7c2b4a5da1f1ece13d1a5acf9a61d5c85035313013d645926c25fe6f8e,.md,HISTORICAL,true
RELEASE_NOTES_BRONZE_RC2_BUILD221.md,949,77bdaf42400565044a663efaae7834b4294ec09ba81ddaa852c81e372d9e0468,.md,HISTORICAL,true
RELEASE_NOTES_BRONZE_RC2_BUILD222.md,837,ff1f5828b5939d0514ecd1aa4979cf550e59254b498bf13c71f33759811c29c8,.md,HISTORICAL,true
RELEASE_NOTES_BRONZE_RC2_BUILD223.md,946,cf5a6746609925bc8e7c2a1c30ef494563cbff25a5ffac08eae7068e1de7ee19,.md,HISTORICAL,true
RELEASE_NOTES_BRONZE_RC2_BUILD224.md,1004,277564aada8488824269aab0f31f91f754eef723bfcfaa443a5be19289b094d3,.md,HISTORICAL,true
RELEASE_NOTES_BRONZE_RC2_BUILD225.md,992,cd989ca5d8a4ec4392ea7891cd71e6f93dcb56295747fc18b8d50186bb755821,.md,HISTORICAL,true
RELEASE_NOTES_BRONZE_RC2_BUILD226.md,985,5afb4010a13973541d74a2ff38603f554a62943d88f4514f933c6935e5bd3d8a,.md,HISTORICAL,true
RELEASE_NOTES_BRONZE_RC2_BUILD227.md,724,2c2852bcb5b8f9b1b166d718beff58a2d6fff58e8f735c5205b01dd69e9fde18,.md,HISTORICAL,true
RELEASE_NOTES_BRONZE_RC2_BUILD228.md,566,ab19bc812b69206e7f515fb4ad36e26a9d85564899cceeb271f7c5c5b87a618b,.md,HISTORICAL,true
RELEASE_NOTES_BRONZE_RC2_BUILD71.md,1886,ae1f085517058787b429cf6fbdfa4eb03a72b30ba1caa2d07de9bf72b6079adc,.md,HISTORICAL,true
RELEASE_NOTES_BRONZE_RC2_BUILD72.md,1391,6b00c0d56609f3eef28c686efbcc92f5cdac34fc38de19933a493cebc8aa0314,.md,HISTORICAL,true
RELEASE_NOTES_BRONZE_RC2_BUILD73.md,834,da2dc3f6ffe53985ffacb639dacdcae9a9e517ccad9b7bcc0e0ba48bbc73dae7,.md,HISTORICAL,true
RELEASE_NOTES_BRONZE_RC2_BUILD75.md,757,65c21c1da24d5bb6a30b0691a786b5a8c7709bbf94d7ab5c7788154994f144c7,.md,HISTORICAL,true
RELEASE_NOTES_BRONZE_RC2_BUILD76.md,764,4777b33cb147a0d8f2e999587fb25af3be5b7fafedca249d195536a2cdc6a916,.md,HISTORICAL,true
RELEASE_NOTES_BRONZE_RC2_BUILD77.md,600,48af84990a57d7d9567dcf3fca3e28a0101017a93d541f042d89737389c8b55d,.md,HISTORICAL,true
RELEASE_NOTES_BRONZE_RC2_BUILD78.md,851,b6aa391daa923f22f3585b4cc92f261df017a260ac211eef7dc730ce79833dc3,.md,HISTORICAL,true
RELEASE_NOTES_BRONZE_RC2_BUILD79.md,680,6b644dabd27228337a6ddd2679550b9ffe846ea2fa88999a591008fec1515647,.md,HISTORICAL,true
RELEASE_NOTES_BRONZE_RC2_BUILD80.md,657,71d16d1a89957bb80c641885ec5e54bdb6d9dbff6189255926ec65ce4c9865c5,.md,HISTORICAL,true
RELEASE_NOTES_BRONZE_RC2_BUILD81.md,766,ee8e50f3c9e3c6401fb9815ea93cd26d1b122754e4e64cda767b8c04d9dcc313,.md,HISTORICAL,true
RELEASE_NOTES_BRONZE_RC2_BUILD82.md,866,482712288624ffa4c40a33723488fd231b738187a380c26aec5f73a2fe987665,.md,HISTORICAL,true
RELEASE_NOTES_BRONZE_RC2_BUILD83.md,514,38007e2c0171bed23c9455c3b633dff609d05b4c4e0748b7eb7d0b74fcca927b,.md,HISTORICAL,true
RELEASE_NOTES_BRONZE_RC2_BUILD84.md,556,ed642d8f0c010628572ed6d786eaa2c40ba1dcf27c7f7c16d59c3f82b59dffdc,.md,HISTORICAL,true
RELEASE_NOTES_BRONZE_RC2_BUILD85.md,808,01609a71690007dd424dd0e483470c9cd45b0ae5986908dec049a77772676bfe,.md,HISTORICAL,true
RELEASE_NOTES_BRONZE_RC2_BUILD86.md,963,8962d3b7a87e4a1c823b286a37e5794baa1302fc55b2e90ec7e75a61323a1302,.md,HISTORICAL,true
RELEASE_NOTES_BRONZE_RC2_BUILD87.md,1131,e10b07ebff2e081b9686759b2e8598636d0c6a16f52be04ffb46cdd72e84ec91,.md,HISTORICAL,true
RELEASE_NOTES_BRONZE_RC2_BUILD88.md,1152,f9f4902f78fb2c683eecc3a48be979f353944f26f94659abdba29c9dc09c4971,.md,HISTORICAL,true
RELEASE_NOTES_BRONZE_RC2_BUILD89.md,1349,d9d702d7aa02ddc0ae006f579bb93abc8b240a433a98ba04aa0cb771dc2955f5,.md,HISTORICAL,true
RELEASE_NOTES_BRONZE_RC2_BUILD90.md,1401,43ead999506021575216a19e57e9b6e5598e5575e81a75f196866c6c988c7d08,.md,HISTORICAL,true
RELEASE_NOTES_BRONZE_RC2_BUILD91.md,1373,c4e2745795c568624267d66c92532dc4bec36ae943935af1d39f2c721dc30dd4,.md,HISTORICAL,true
RELEASE_NOTES_BRONZE_RC2_BUILD92.md,1462,b8302ae640067d4e753f00da75004948c7113318febf2cccffb0f444cd8f1ae9,.md,HISTORICAL,true
RELEASE_NOTES_BRONZE_RC2_BUILD93.md,1801,f1f865a7e564bb6f85350e8ac0f79838aef1f1553c959de670ca407933ada6d0,.md,HISTORICAL,true
RELEASE_NOTES_BRONZE_RC2_BUILD94.md,1494,0550683fe02b14ad83098f7e8c168b8bba3ef409eb966d32d3c7039fcda23968,.md,HISTORICAL,true
RELEASE_NOTES_BRONZE_RC2_BUILD95.md,1343,686b2008383c2f59127c8b0aa8401df54f56979639f8d530f11dadd558859589,.md,HISTORICAL,true
RELEASE_NOTES_BRONZE_RC2_BUILD96.md,1295,2f2c2d01d18fcb18d41e8ea9217374b2d7f3f8c651de9ef49bd19962ec9496b6,.md,HISTORICAL,true
RELEASE_NOTES_BRONZE_RC2_BUILD97.md,1613,e88469cf9e56232dbac90e2ee0e0d48a2c991e0cef47cefa099800b3bf778758,.md,HISTORICAL,true
RELEASE_NOTES_BRONZE_RC2_BUILD98.md,1467,85ed2b0b6012a31add3a99dfb3adca7859662523ed591e6d01c70f29b849343f,.md,HISTORICAL,true
RELEASE_NOTES_BRONZE_RC2_BUILD99.md,1798,d74daddd2bd13392c6aeece5b4d27e0ba46ffc8f80bf5f4f39428f9fdb940f30,.md,HISTORICAL,true
repository-metadata.json,908,713e279081dfca70547d2358fec517f64d49cbfd6bbcc42cd2d7c9d7619cf0f4,.json,ACTIVE_REFERENCE,true
screenshots/01_Gosterge_Paneli.png,458148,ccf1ada50245eafbd52acecb5146ce6d6f75e0f9d48e2d8bdc55fae61bb70684,.png,ACTIVE_REFERENCE,false
screenshots/02_Aile.png,370482,b6a5fa53f6b9d97968535658fd2c173e7d0041ae74b68b6b8145b244f7556e7e,.png,ACTIVE_REFERENCE,false
screenshots/03_Soy_Agaci.png,335365,db6b9a4159267730ad2715a0b5f641d66e670d96d6685e151a5f0f45dd73d6a5,.png,ACTIVE_REFERENCE,false
screenshots/04_Zaman_Tuneli.png,329861,f84f6c6e3a9ddbc81772bd5bc85f9b4f76f8089c1f28d245130d6dbb2cef3d95,.png,ACTIVE_REFERENCE,false
screenshots/05_Onemli_Gunler.png,382464,92c8a1909ffeaa214dff465369661156c0df53496b0d9fdf1cdf6364f7d1ae94,.png,ACTIVE_REFERENCE,false
screenshots/Kontrol_Sayfasi.png,4679399,d58b66b4043b10901ae981f1b7288034b0eaf9f1fc8024651c46c0277776c1aa,.png,ACTIVE_REFERENCE,false
scripts/__pycache__/generate-master-project-documentation.cpython-313.pyc,17882,d1dee85dd44a19b62c8d621b001d077560d4a35682f48b9c822754bf79cf38d3,.pyc,TEST_OR_GATE,false
scripts/30-u-pending-operation-process-worker.mjs,5452,584941045b77e45fc7aee84bef0eac947ca5bb0f142d31ee1565dbbc9e07068e,.mjs,TEST_OR_GATE,false
scripts/accept-npm-cache-transfer-bundle.mjs,3964,01fd38958e063f7eb6b7d2ae50a6149ecde72fd41100d5833c3b8aab31a24f0b,.mjs,TEST_OR_GATE,false
scripts/accept-npm-dependencies-offline-machine.ps1,358,be3c1d3f829cce5109d1a0670fc36c2250f99572eeb320c8c6971e907f8dc09a,.ps1,TEST_OR_GATE,false
scripts/accept-npm-dependencies-offline-machine.sh,222,350bdec2ba5aaa3216f33872e7c681fcfd817d3568e8571b26460855d9eb4fe8,.sh,TEST_OR_GATE,false
scripts/activate-33-n-draft-async-state-ux.mjs,3655,1aace7acb75ad8559837f65b780cae294d77263b5cdfd00bb4709dc76c595f1f,.mjs,TEST_OR_GATE,false
scripts/activate-33-o-privacy-ownership-data-rights-incident-control.mjs,4076,3981802c3916d8fd63bc36d8b24b91df33ae7df22b8e3ff9f9663e236bdd22ff,.mjs,TEST_OR_GATE,false
scripts/activate-33-p-passkeys-federated-identity-verifiable-temporary-credentials.mjs,7941,03fab1f9de9827fc73d4cd999b9a5008131a2abc1afba19ecede07830bf46ea9,.mjs,TEST_OR_GATE,false
scripts/advance-work-step.mjs,1461,307161bdb6f2999eeb722df333067b085f26ba6c98029f298a15bfced50fd65e,.mjs,TEST_OR_GATE,false
scripts/allocate-monthly-release-version.mjs,19971,7e709b97fc828057a7b1192ddcd968823dbf76230162c313e18c2523c9035b2b,.mjs,TEST_OR_GATE,false
scripts/apply-build225-governance.mjs,4605,4bd8a0e3f5e0e53da77c26e84256f3a1e8e18e6dbf84917ba500f99bb56c0be5,.mjs,HISTORICAL,false
scripts/apply-dec152-governance-tooling.mjs,9338,cc9c3ba0a4cc2243343ee6652d6566bdd6a453cc02b2ea958a565af9c4dc532e,.mjs,TEST_OR_GATE,false
scripts/apply-dec156-ppk002-timeline-governance.mjs,5709,4fa8a247fe14aecf7c502809686d896e0caa3f6fab5de657e3149b7cd502b2a7,.mjs,TEST_OR_GATE,false
scripts/apply-gov004-closure.mjs,2869,ff23c33a2d60186aa7c35e59555f9c068ed8abf17650e2d466382617efbc34ea,.mjs,TEST_OR_GATE,false
scripts/apply-gov005-external-blocker.mjs,3444,3412b40ad0017d4ba954d9a3fa8a7d23f7e041b143664e339b9bb86e1cc6c594,.mjs,TEST_OR_GATE,false
scripts/apply-ppk002-timeline-policy-runtime.mjs,19646,162ae5ac2bedcafb910912760d64e307317b2efed0a98b4a2e3196c36b06d284,.mjs,TEST_OR_GATE,false
scripts/apply-ppk002-timeline-repository-foundation.mjs,42209,c4d1165b3224ea8aee421431c7e5ee286988dcb98867b6e15f0ed8fb02574bde,.mjs,TEST_OR_GATE,false
scripts/audit-all-project-documents.py,12187,4f28daa9f624f800f07ad4eabeb8310a110a48ffa339ef1cd619eab695895130,.py,TEST_OR_GATE,false
scripts/audit-bronze-current-state.mjs,35424,96e8ec856f1061f469a912eafe7084f5671497e9c396bdbe53f91964fd1cceb4,.mjs,TEST_OR_GATE,false
scripts/canonicalize-lockfile-registry.mjs,1593,8497f4ee427337facf8fde025557204ce010b7db39b2dbc101a2eadf3ced7122,.mjs,TEST_OR_GATE,false
scripts/clean-directory.mjs,1222,5322e8106eaf4499020ff10a161648d70c07c07ac1290bf0fea1f227f6dd8c17,.mjs,TEST_OR_GATE,false
scripts/clean-stale-external-windows-installer.mjs,2141,ae3d0f409b588eb10e68f886d2b5ae50f8c7c6ca9eecfd27bc034254a81ebe31,.mjs,TEST_OR_GATE,false
scripts/clean-stale-windows-installers.mjs,489,491dbde7e69875da882aec87ddd7c542d7e73db0111b95b860065a445a53ffa3,.mjs,TEST_OR_GATE,false
scripts/clean.mjs,327,02ab6bff6e2a4043f64b7a056699966e9578c5b596b75ad17b1a20b3b4403057,.mjs,TEST_OR_GATE,false
scripts/complete-ppk002-governed-regression-fixtures.mjs,1595,c58cd438d8276e7101f4df5758d4a2b4ccf3aa973af8f40ee00f53ba443223be,.mjs,TEST_OR_GATE,false
scripts/create-34-l-bronze-local-closure-receipt.mjs,6030,a66e7bb470a94f6248cc4d46a9f55b2837f92f60cfcdd23e4a2bd402b7831459,.mjs,TEST_OR_GATE,false
scripts/create-bronze-final-local-test-delivery.mjs,128267,67f9ea66ed0ef97dcb5f86383eaa35ff723305e5307498555aa7ee8e08e2b7f9,.mjs,TEST_OR_GATE,false
scripts/create-build124-delivery-evidence.mjs,7168,99e0e540a12ad4e246a3a3a83fd54fd7a7f2cb60321704d9edd61f2afedf5108,.mjs,HISTORICAL,false
scripts/create-build149-validation-boundary.mjs,4056,f09619a336f0518c15754508e83ba306a5cd0d9641e113d2c0b8407e7f93f910,.mjs,HISTORICAL,false
scripts/create-build150-validation-boundary.mjs,4462,d85c175aaadf0493347d6fbd15805c4719d3a25c2f398d5f08cb0ec039abc29b,.mjs,HISTORICAL,false
scripts/create-build151-validation-boundary.mjs,4732,ac548d25a156a6356c91c10c78f07c5ce839f56152630a363524fb010e529cb2,.mjs,HISTORICAL,false
scripts/create-build152-validation-boundary.mjs,2745,e7c3053d2a19619f11e309af6f7af4f36b06c3c9a831836e580825a84a62cc6b,.mjs,HISTORICAL,false
scripts/create-build153-validation-boundary.mjs,3662,4da8ff31729e7d31fa2c03e0ad61db1f3e6061302d433f99675f2d5c53a89ec0,.mjs,HISTORICAL,false
scripts/create-build154-validation-boundary.mjs,3845,5b3be1b49b3b099e1e07e3bb2d386dc47e57ffbfcd2f45c1d1ec14e4cd2b6d76,.mjs,HISTORICAL,false
scripts/create-build155-validation-boundary.mjs,4469,1b7fa1eac0b90f09a8d4e603047170855281647a86ec42b4acc457e1fdab9f25,.mjs,HISTORICAL,false
scripts/create-build156-validation-boundary.mjs,4455,9ba94885884f7b7ae69f679484882a53b4f7bf176e45964af258badce80e55b1,.mjs,HISTORICAL,false
scripts/create-build157-validation-boundary.mjs,4210,070001b3cc906783cb54a493e9ef5913b787fa195e3b6dea11aa1b741ced635a,.mjs,HISTORICAL,false
scripts/create-build158-validation-boundary.mjs,4066,472cda4d2b074328350bbc44688834dc7f02fe5e9e818c3a5401eac7c960bebe,.mjs,HISTORICAL,false
scripts/create-build159-validation-boundary.mjs,4116,17c53fbc502ae3772f9a6197760e2c7a891de224dd7e8115feab4911e1b38e87,.mjs,HISTORICAL,false
scripts/create-build160-validation-boundary.mjs,4086,8540cb1c99afdd358b4d9376c5200a8907982ca5c11d66d9ce459916c87be560,.mjs,HISTORICAL,false
scripts/create-build161-validation-boundary.mjs,4080,2a5c15b2781db7b8e6b2cb8b728464816d347860215e158c5c18b0a35408e63a,.mjs,HISTORICAL,false
scripts/create-build162-validation-boundary.mjs,4080,b3576ca096ab9abac209152a99f4392353214162392fbc1a7028855171c84e09,.mjs,HISTORICAL,false
scripts/create-build163-validation-boundary.mjs,4098,10ce9ed0db8ac65ce48b06769db5318df6b6df8ba81f9caa989ed860c014ba75,.mjs,HISTORICAL,false
scripts/create-build164-validation-boundary.mjs,4097,01df644412e6656f04815131419a4400956511ef06f8a1bcb0fc0f8568f78b29,.mjs,HISTORICAL,false
scripts/create-build165-validation-boundary.mjs,4082,1ab72d0cb7f146391df9520fe8564f1ae90bdaaa4b0676685203ee4879da22c6,.mjs,HISTORICAL,false
scripts/create-build166-validation-boundary.mjs,4076,58902f8961c5b5d1b4746944806b7205d0f438ffc1c4d06dd6658344746bbe4f,.mjs,HISTORICAL,false
scripts/create-build167-validation-boundary.mjs,4145,e9db508172af65275538544b19e9917bcd9afb68086c5edabac60e0124dea905,.mjs,HISTORICAL,false
scripts/create-build168-validation-boundary.mjs,4689,0cffdfe5277a174ac3349bc9d72a80efdb90cd7dd67b177c3e2ac0dba3a8eddf,.mjs,HISTORICAL,false
scripts/create-build169-validation-boundary.mjs,5226,a942c31da0cbf9c1b4806ebd25305b13db2fdc035dbae5b4bb0737e98fbc59d2,.mjs,HISTORICAL,false
scripts/create-build170-validation-boundary.mjs,5696,7a9be20fd20a91d59194dd255ac54fde84419f8ec557909e9be4bb7be29ac381,.mjs,HISTORICAL,false
scripts/create-build171-validation-boundary.mjs,6384,d0924e0461e57312e03337c2ce109ee94d7c126cf046c1f387755694197c221f,.mjs,HISTORICAL,false
scripts/create-build172-validation-boundary.mjs,7096,5a2724ed3d85c5ce7b51a52be20781ea050960465adc984ad6f4ae6a61f5fe3a,.mjs,HISTORICAL,false
scripts/create-build173-validation-boundary.mjs,5013,6339bc99751820cefeed699a67d2f0910ba943b3755a1d5882b5a1975e939092,.mjs,HISTORICAL,false
scripts/create-build175-validation-boundary.mjs,4838,072a998885f212c5a02f7c123d37a634f63a82fab2e8f2703ecaf25d6339fd3a,.mjs,HISTORICAL,false
scripts/create-build176-validation-boundary.mjs,5109,6866b08a08d3e6ef40bce6fed5c859fe93e81bb97f74a6cd69faf107f57bd2c7,.mjs,HISTORICAL,false
scripts/create-build177-validation-boundary.mjs,5132,d154f750ef8d4721e1be40be64bbce49078575918f0c9c9cac326bded9a35bcf,.mjs,HISTORICAL,false
scripts/create-build178-validation-boundary.mjs,5138,fb5a30e94972da4b917fe802afedc2bf6f09707c194dcbce745f72cc92362c0c,.mjs,HISTORICAL,false
scripts/create-build179-validation-boundary.mjs,3674,7de19f212772ef424a891fea1e8f15cca3f3e2b9ec6eca5e462b8ae7aff6e56e,.mjs,HISTORICAL,false
scripts/create-build180-validation-boundary.mjs,3733,cd9865b25b6084874abce68644541cc67bfee2797add776042e2eb0fa98064e7,.mjs,HISTORICAL,false
scripts/create-build181-validation-boundary.mjs,4015,8b5cd3962df7a280abd3249e13b014de56daa227ef048c76ce5a137f7b225f80,.mjs,HISTORICAL,false
scripts/create-build182-validation-boundary.mjs,4200,9fb9f6a0a043ae488898179ab489d24272890febec30bad81375148dc916c962,.mjs,HISTORICAL,false
scripts/create-build183-validation-boundary.mjs,3897,9300b2aeeec81688cee40fcf94591381c21d870c1d781eaf5ff66f3a5fba9656,.mjs,HISTORICAL,false
scripts/create-build184-validation-boundary.mjs,4118,4c45096a58a05f8eabd05d04493ecb5ea98622a944df8385ce05f0634e185c51,.mjs,HISTORICAL,false
scripts/create-build185-validation-boundary.mjs,4154,dd276c469017cadfad07bd04a734b8cfb639e4a8c1d1e32e39f3d77c57c313ba,.mjs,HISTORICAL,false
scripts/create-build186-validation-boundary.mjs,4162,154e2552b4ffb43a4afab72df154bb8674ee5c2e0276e6c194fcdb2253e2df7b,.mjs,HISTORICAL,false
scripts/create-build187-validation-boundary.mjs,4541,e2a4f25ff955044959490400550ff4ec132b445d080f2749b69d4b7418adbaa4,.mjs,HISTORICAL,false
scripts/create-build188-validation-boundary.mjs,4183,e9b50c5b9b1b18685b0cd1007d6f1f8e906c42e619c9340bfda01c2267ca973a,.mjs,HISTORICAL,false
scripts/create-build189-validation-boundary.mjs,4203,064034e4a3284c396767e37f22341f52bfc57cad3fda71144fdf6561261e6461,.mjs,HISTORICAL,false
scripts/create-build190-validation-boundary.mjs,4195,5148959e11bedd0aca656c63a0fa7ce48296b3ba95450268667c453d14f705d0,.mjs,HISTORICAL,false
scripts/create-build191-validation-boundary.mjs,4203,9264c54e19e83be277c9b5ba431f5d5a0e9bd5569ba329193077ec7b222ab5d0,.mjs,HISTORICAL,false
scripts/create-build192-validation-boundary.mjs,4195,49adf6ab4e0c55486a76a5c35c99cd0334d2fe41d67a31f86f8268c3e60afb8d,.mjs,HISTORICAL,false
scripts/create-build193-validation-boundary.mjs,4211,4b3fed0620298e5f1e22041c9241a80c92771897fd6bebd391044f604c7f0592,.mjs,HISTORICAL,false
scripts/create-build195-validation-boundary.mjs,941,f5f82476b9068a042513e30f15437f1f29e56b19ada203dbdfb116885d225c5c,.mjs,HISTORICAL,false
scripts/create-build196-validation-boundary.mjs,941,30c177145854272ba67f5673ce67f3eb740fad0c2f9d87bd431a4e92b44707c8,.mjs,HISTORICAL,false
scripts/create-build197-validation-boundary.mjs,941,c57cf2a4ceac4182f8bb704125d2e4742e3c3cfb7099ee6df503975fa663c156,.mjs,HISTORICAL,false
scripts/create-build204-source-preflight.mjs,1797,f6640101f2e44d55751b8f253665a124a56c12bd4a43cad5726a400a6085496f,.mjs,HISTORICAL,false
scripts/create-build209-validation-boundary.mjs,1922,e493a3e5d1191b7eb0910812078940cad1f33cb20c78e32be2a7b8f71d27f8b1,.mjs,HISTORICAL,false
scripts/create-build210-validation-boundary.mjs,1917,b238ed9fd89c42adc626cd02aeab3ebe3863fda616b926301ccef3ac1f7cb508,.mjs,HISTORICAL,false
scripts/create-build211-dependency-install-readiness-report.mjs,2225,8066fa32e9879484cb2fba74f3f205760eefedb45d3c70f1e71412af3988f9a1,.mjs,HISTORICAL,false
scripts/create-build211-validation-boundary.mjs,1917,283facdc3b93d5edb90b798f04408bae9aecdaeca8bc18814b75cd5d94b8a66e,.mjs,HISTORICAL,false
scripts/create-build212-validation-boundary.mjs,1906,72524e20a3ca46ad1cf858da08e32887cd1dce25771e74218e3f3320e2a4d625,.mjs,HISTORICAL,false
scripts/create-build213-validation-boundary.mjs,2093,824bf618c576cfd2746aa519810502b01ca10d00a86e5a48b357901598b1cff4,.mjs,HISTORICAL,false
scripts/create-build215-validation-boundary.mjs,1478,3d17d74f98adb4ac4d27129e511b14efec0185ad6a7a51ecd1c6e218dda6504a,.mjs,HISTORICAL,false
scripts/create-build216-validation-boundary.mjs,1605,6f6867e2aa3bcba1b01d7316716e75f2a416c604b2f61790500c746eabf0dc4d,.mjs,HISTORICAL,false
scripts/create-build217-validation-boundary.mjs,3235,1154c58d779085c0e820ee068db37d85f06954b67f00a35f7ed55f9c58d654b4,.mjs,HISTORICAL,false
scripts/create-build218-validation-boundary.mjs,4073,c99a766afd29df05a3196b8557ee7666c17b0a07fcd101753f870e2cdd717351,.mjs,HISTORICAL,false
scripts/create-build219-validation-boundary.mjs,4042,630238ed1081d5355120a958d1b8ccd5cfc4ebf816754b2b5b1b0e9a6445c683,.mjs,HISTORICAL,false
scripts/create-build226-validation-boundary.mjs,1758,ec46dbcdccba4b66c0fa19b4e3fb885893ec9fd9814b799825b323190b468271,.mjs,HISTORICAL,false
scripts/create-build227-validation-boundary.mjs,2357,4c8bbd818a2bf114b1e5ae3714276245239570bdceb0c772b0b34e2e883671d8,.mjs,HISTORICAL,false
scripts/create-build228-open-closure-validation.ps1,4531,26a51602326b98c7c7748d5237cb9b177de59575191d206670a700205b8faca2,.ps1,HISTORICAL,false
scripts/create-build228-validation-boundary.mjs,2310,e59fd9c580b3294f1cbbd9bd40401ca44da610472be1edcd32185100748134db,.mjs,HISTORICAL,false
scripts/create-delivery-attestation.mjs,1404,5ff5cc2a7e6161639e321dcd1cb3b58243ed6f23356db089b635b3b5e9810d36,.mjs,TEST_OR_GATE,false
scripts/create-file-sha256-sidecar.mjs,707,a3ca050d3030fdaad41a73210f38f4c9a9f777161296b334bef0f8ff18fc2daf,.mjs,TEST_OR_GATE,false
scripts/create-monthly-source-archive.mjs,1164,24bac4e03571d784f31d7933c5853c1f340e38a90973ca255456647b0e4f00f6,.mjs,TEST_OR_GATE,false
scripts/create-mutation-impact-analysis.mjs,4282,373b55e2a30750c6546846e299e13e31aa8438725f1cddf9daafb755b8542b80,.mjs,TEST_OR_GATE,false
scripts/create-mutation-impact-assessment.mjs,3369,18d47c6f91049d66767b888264be578d7d76f6644483fde1026663c82ad71a0c,.mjs,TEST_OR_GATE,false
scripts/create-npm-cache-transfer-bundle.mjs,1611,77f651d4ac4671b05787d237b25c204aa521e059c2f3921cff465f40f19ec3c2,.mjs,TEST_OR_GATE,false
scripts/create-npm-dependency-acquisition-plan.mjs,1849,a1b37edb843f46b248ec75499ce762e0bf12c6cdfda2e96de512a8b3e3ffb675,.mjs,TEST_OR_GATE,false
scripts/create-npm-dependency-handoff-request.mjs,1910,2f7d6a22bd644f88ba2ce0a5e70ae047dbddf43911358cafdbd0abbbea0d7a8b,.mjs,TEST_OR_GATE,false
scripts/create-ppk025-release-evidence.mjs,10607,57285a2b8dc13b92c6f2f100c2bee259f3b01f2853602f4ef071c93c81f7bd94,.mjs,EVIDENCE,false
scripts/create-source-archive.mjs,2457,b7b9387a9f38d51a304e72c879daa16769d308c39d05caef3a8e02cea62e7f58,.mjs,TEST_OR_GATE,false
scripts/diagnose-ppk002-timeline-authorization-fence.mjs,7483,872a8b898947dee893d097cb9494857a72cd5f0d245fcb5bcef221576d91d452,.mjs,TEST_OR_GATE,false
scripts/diagnose-ppk002-timeline-sql-fence.mjs,3720,6575a91ec878d7546b1ab93b002a2a67f96e561e70fbd2392f5607c63c0d6f81,.mjs,TEST_OR_GATE,false
scripts/dogrula-kullanici-arayuzu-dil-politikasi.mjs,30414,3da031b45635113d0b6c734c2a9bf8e2327227881c6f7f5b6cd3ce39c0e5b74c,.mjs,TEST_OR_GATE,false
scripts/dogrula-ticari-guvenlik-taramasi.mjs,3682,f95809fe6d26d655efb5bee3c5d47c76d167eea5eb2a5b3130882cdb17627277,.mjs,TEST_OR_GATE,false
scripts/fetch-npm-dependencies-connected-machine.ps1,575,e1cdd6470c84e776823384127e4789be7237d4d86dc262e0700c79f286fd1fea,.ps1,TEST_OR_GATE,false
scripts/fetch-npm-dependencies-connected-machine.sh,334,aae97aceee56ba8fcf8edef585c0993cacc88e8730028617ddf5a5ad4936614b,.sh,TEST_OR_GATE,false
scripts/fetch-npm-dependency-acquisition-bundle.mjs,2446,38cfd67f89caabd9e89aac206fc215f3fbbb2a3136fd3b4fcdf5747f2ab99989,.mjs,TEST_OR_GATE,false
scripts/finalize-30-z-external-library-receipt.mjs,22566,58fc6abe5bb64b97360cf557814ec4ffe42c3b87a32a14df619ed2f7dd467b6c,.mjs,TEST_OR_GATE,false
scripts/finalize-31-a-external-library-receipt.mjs,19635,be971be553debb4e238df7158d677312c89c5e68296a5aa82c6620341fcbc999,.mjs,TEST_OR_GATE,false
scripts/finalize-31-b-external-library-receipt.mjs,17851,978666b534c5fdea17786179bd2f9c4a3637281721749997b3baead7245e4104,.mjs,TEST_OR_GATE,false
scripts/finalize-31-c-external-library-receipt.mjs,18275,2064c9f611b6572539f651ab2ac38ed7e8186776bfd36986373790b5b8c225ee,.mjs,TEST_OR_GATE,false
scripts/finalize-31-d-external-library-receipt.mjs,18157,0967291bbf49d644d6f8862273e34c7f674b40e47c85a5faf5475efb0fafff6a,.mjs,TEST_OR_GATE,false
scripts/finalize-31-e-external-library-receipt.mjs,16205,54e585cd37cf8c1cc2715842cac9ee240c36e6c435c734740b5a1982d75c879b,.mjs,TEST_OR_GATE,false
scripts/finalize-31-f-external-library-receipt.mjs,18729,0402225a9c7dbf6d975227c9afdf0463286fb7d74ba8827dd35135dc332586c8,.mjs,TEST_OR_GATE,false
scripts/finalize-31-g-main-structure-external-library-receipt.mjs,18889,cfd7c70f228afcb745feeda1d7a74893c8a2705357e071a2219b58bb665cea52,.mjs,TEST_OR_GATE,false
scripts/finalize-31-h-family-data-ownership-external-library-receipt.mjs,19395,7f01bbb7a4ae0c0064d13acc3b84ba85e5f97d1e6dc070c50fa8069546a02836,.mjs,TEST_OR_GATE,false
scripts/finalize-31-i-headless-device-secret-protection-external-library-receipt.mjs,17589,cd7f2b42898fa977a0ef5ee4f0652bca3b77ce11e880cff8530c900ec659328e,.mjs,TEST_OR_GATE,false
scripts/finalize-31-j-family-data-coexistence-default-deny-cutover-external-library-receipt.mjs,18038,556f8f3c43bc3c49e5d386aa762cbd35f927f89cec12d73b52f2801d02d23ea2,.mjs,TEST_OR_GATE,false
scripts/finalize-31-k-monotonic-cutover-readiness-external-library-receipt.mjs,18281,2a11bff2b1ce24b1db8700e5c2ab1c3dadb0669ceab4b84610ebcfcfdb26ad34,.mjs,TEST_OR_GATE,false
scripts/finalize-31-l-protected-cutover-readiness-journal-port-external-library-receipt.mjs,19700,8e82b47eed166dda3fa35d7393e2ed8329a7d607eb36ac8b97ee77ddfc0960bd,.mjs,TEST_OR_GATE,false
scripts/finalize-31-m-signed-cutover-readiness-evidence-verifier-boundary-external-library-receipt.mjs,20274,bce7414eb88c6e71a0af8566104770f8f27fe7004a1d98f1bfc646fda98aaa23,.mjs,EVIDENCE,false
scripts/finalize-31-n-synthetic-single-writer-proof-harness-external-library-receipt.mjs,20691,86f8ffd49d9fea0615caf03cdd3acd4636d510286729d9a9855d53ce5ffe3b1b,.mjs,TEST_OR_GATE,false
scripts/finalize-31-o-synthetic-key-lifecycle-proof-harness-external-library-receipt.mjs,20576,7378ec98eb4dddd071e2f72758ee2d119e05b61b57e69d6d133bdf8c61a5d828,.mjs,TEST_OR_GATE,false
scripts/finalize-31-p-synthetic-rollback-recovery-drill-external-library-receipt.mjs,20629,96de742c42c391939591bb37cac32d4e73a9d003892969e2ed4d505865f586c6,.mjs,TEST_OR_GATE,false
scripts/finalize-31-q-end-to-end-security-evidence-aggregator-external-library-receipt.mjs,20158,5287f69332de61a902ca157c2f18e1088c380d9946ba8888bd4d0de463fa06db,.mjs,EVIDENCE,false
scripts/finalize-31-r-explicit-user-approval-receipt-boundary-external-library-receipt.mjs,20638,d88cca12885b04900d345d11ec1ec7fa254050f9929fef70b7f7f5a0c03340ee,.mjs,TEST_OR_GATE,false
scripts/finalize-31-s-versioned-cutover-decision-preflight-external-library-receipt.mjs,20892,5bd19324df1805955d53ceb060e10bdbaa9b433173439044bf2919a39e1a8dcd,.mjs,TEST_OR_GATE,false
scripts/finalize-31-t-family-import-governed-rollback-external-library-receipt.mjs,20061,37fde542838bffb00dce216ef958ce401f711ab2b7bd99ead2216fde4dcef830,.mjs,TEST_OR_GATE,false
scripts/finalize-33-d-controlled-import-open-banking-external-receipt.mjs,27924,8d74ac90f72f2130b53973e07b8a1ebf4f4509a9f45129a9d4c904c108ccde85,.mjs,TEST_OR_GATE,false
scripts/finalize-33-e-b5-category-life-home-vehicle-external-receipt.mjs,31207,cc38fff49692ced776d750148d59d9a6f160408575b41e5c2cec567ad96b3134,.mjs,TEST_OR_GATE,false
scripts/finalize-33-f-home-inventory-utility-belongings-external-receipt.mjs,31512,70a6e0676698f64a498a2b24ebacd398a38501e957cf75c895333b168a413b5f,.mjs,TEST_OR_GATE,false
scripts/finalize-33-g-family-emergency-planning-external-receipt.mjs,41571,8820ef1d68e6b2c5d113e77f8c91c2e71abbd36ff92108b7079b1a0147853d19,.mjs,TEST_OR_GATE,false
scripts/finalize-33-h-family-emergency-preparedness-external-receipt.mjs,45573,83d8e1cd1c03f35b310797d25847c14e8a4eced4f48e968845322ece9298af2a,.mjs,TEST_OR_GATE,false
scripts/finalize-33-i-family-emergency-assistance-card-external-receipt.mjs,45931,7f2684da0aab17c01ea86cbd4588ae92993d942ee3a3361f21eeca7968dbd0b9,.mjs,TEST_OR_GATE,false
scripts/finalize-33-j-family-emergency-card-portability-external-receipt.mjs,47095,e7dd7f46d242db4c98f7616892ac6c56a9d643303e9e4d5833e8cae7dba5dc97,.mjs,TEST_OR_GATE,false
scripts/finalize-33-k-privacy-consent-lost-device-control-external-receipt.mjs,45719,e737a531e1ca9dd2b5e58c56d5e3fbea5d12f3337383a137f198a470788d7212,.mjs,TEST_OR_GATE,false
scripts/finalize-33-l-long-term-portfolio-external-receipt.mjs,27634,d7c8954293d64b1a5d919465729c010170c5ba339f9a73149074f7d9aea53883,.mjs,TEST_OR_GATE,false
scripts/finalize-33-m-accessibility-external-receipt.mjs,22435,9f9823f4238cba6d0822936ea0d0288605a5ea3ea6c84cb6e66ff639bda97d3a,.mjs,TEST_OR_GATE,false
scripts/finalize-33-n-draft-async-state-ux-external-receipt.mjs,24749,c663be9b1d0ff0581283bce16ce4cbea6767466085f394ea06aaa8760c1ca57f,.mjs,TEST_OR_GATE,false
scripts/finalize-33-o-privacy-ownership-data-rights-incident-control-external-receipt.mjs,27541,d9416a9c36ac9bbe816b92e719add2d5c415b4d89ccfd0db84852f83fd9c9b1d,.mjs,TEST_OR_GATE,false
scripts/finalize-33-p-passkeys-federated-identity-verifiable-temporary-credentials-external-receipt.mjs,33534,9bf5fc2515ff238febec561d637165630feb79e6fa13bafb7d997c73a18a9df5,.mjs,TEST_OR_GATE,false
scripts/fix-aym-decision-register-refresh.mjs,3913,ec5b786e83010aa3de684ef797a7460510d9d829def6dda3c542dfc06cf8a6e1,.mjs,TEST_OR_GATE,false
scripts/fix-aym-incremental-ephemeral-exclusions.mjs,2490,946de6ad835255804a1252f0b0f02056bdb783cde7f0b82518ee770a6a8e38c7,.mjs,TEST_OR_GATE,false
scripts/fix-ppk002-30z-static-contract.mjs,1596,8488a45b987b9f2bcb4f11ff47f1a0f6c0b47ec5c44bb801d49184411bf50506,.mjs,TEST_OR_GATE,false
scripts/fix-ppk002-governed-regression-fixtures.mjs,6611,d05fdcf93b9ef6b965ea2f38326641c285be68447cf3051cde2fbf77d28f8feb,.mjs,TEST_OR_GATE,false
scripts/fix-ppk002-local-verifier-clock.mjs,1125,2a124bc1efd9fc3e85d0a55c28f25936a375914ca769f58efb0b58b3ae0c8ba8,.mjs,TEST_OR_GATE,false
scripts/fix-ppk002-timeline-compilation.mjs,7852,37971d1f366aea245e30ada2f12db3b8d90e4c2d4716be0639343f417952ed09,.mjs,TEST_OR_GATE,false
scripts/fix-ppk002-timeline-direct-role-bypass.mjs,827,c100d428b2c5091a1eaaa0f3422c123a872ae251e2cf570b93e836479c8115f1,.mjs,TEST_OR_GATE,false
scripts/fix-ppk002-timeline-import-write.mjs,1420,691642d1d932deb124d20c97b5e4f2823d3835cd9784ae7fdaf1eac7c200f4ed,.mjs,TEST_OR_GATE,false
scripts/fix-ppk002-timeline-mutation-read.mjs,3138,bc7c781239b310a6e919384a8084f6c25afe4bbd3653959fbbb525c7346fe84b,.mjs,TEST_OR_GATE,false
scripts/fix-ppk002-timeline-policy-evidence-binding.mjs,1834,240ccc6b6e6e962a548eb77b68bfc0b43031c9c15a6b86186438a3dcb6c94e42,.mjs,EVIDENCE,false
scripts/fix-ppk002-timeline-regression-expectations.mjs,1377,f77bd9ec58a09aa9c79c5a36fb724e9a67a2a73f536842adf5ea6786662061fc,.mjs,TEST_OR_GATE,false
scripts/fix-ppk002-timeline-test-capability.mjs,1166,9d912b911df43775e8ad7d38127577ab1f8793f12041b74454ce996415fb6801,.mjs,TEST_OR_GATE,false
scripts/fixtures/30-p-sqlite-race-child.mjs,6751,da778320f73d399fcb84754ee4cad3a6d908ed19baf3da6eeed29664b80ab177,.mjs,TEST_OR_GATE,false
scripts/fixtures/30-p-ts-workspace-loader.mjs,1385,2413fd6fdc2fa329887bfde84105ee7f611a53f8aa76a6569b31a3d3e1eae12b,.mjs,TEST_OR_GATE,false
scripts/generate-29-d2-b-document-inventory.mjs,9529,e04ebf9051bffadb645fbf9879b92b86c91ae5ffc06015dfcae0ff6cfdfa5972,.mjs,TEST_OR_GATE,false
scripts/generate-29-d2-c-crosswalk.mjs,42156,a537aa7bf48cd18ae2e3ccc81e9ea754223e27dfc22169ad9ff665d3030b4b57,.mjs,TEST_OR_GATE,false
scripts/generate-29-d2-d1-consolidated-inventory.mjs,8978,9f045010b17fa885e6c332ec6771e1fa9ebbc99f4f421cd51fa082c1ba8735dd,.mjs,TEST_OR_GATE,false
scripts/generate-29-d2-d2-closure-gate.mjs,8141,9a77a00f1c58bad379d896845523b952c8c2299acf3ecf1b46d18ad710b7738e,.mjs,TEST_OR_GATE,false
scripts/generate-29-d2-d3-parent-finalization.mjs,7160,bdede067e00061238d2c0017df8cb2a670d796260d1bb6bde886e599450fe86e,.mjs,TEST_OR_GATE,false
scripts/generate-29-d3-rule-gap-conflict-analysis.mjs,11622,6c1ec1ec045a3f5203e18aab572af88ddf1d9add6899276a19625e714ad73f14,.mjs,TEST_OR_GATE,false
scripts/generate-29-d4-technical-assessment.mjs,19745,69e9c437424a95918a446ccf46564dea4d8107a2b978ebe9104c0f0094d3bf39,.mjs,TEST_OR_GATE,false
scripts/generate-29-d5-scope-real-progress-report.mjs,18234,61312408d7f49712e901a79b16d6a56c13a6d25ecde30f391ab5f55466601989,.mjs,TEST_OR_GATE,false
scripts/generate-29-d6-governed-final-closure.mjs,11574,7e352b3374f3db9b3d1ff2773c9c4390eb632d7533e112c20632cf3ad0cf7872,.mjs,TEST_OR_GATE,false
scripts/generate-29-e1-test-security-inventory.mjs,13039,d2b4f1bc852f1e3541ee11ccd87a89fa7df036748255b62360b1baed865b33fb,.mjs,TEST_OR_GATE,false
scripts/generate-baseline-manifest.mjs,4066,a359e0d563be34fdb93f3afc33ef771c2537b11896972e948b76526012f5df45,.mjs,TEST_OR_GATE,false
scripts/generate-current-delivery-report.mjs,47076,f061ed7b5c1af08ca7a6b032a78bbcc2686be0f83e9d8b8dc6f427390a79be03,.mjs,TEST_OR_GATE,false
scripts/generate-current-master-documentation-v5.mjs,291,04114fd96a6821cf2ef3a316c80a215af8f37433ff49495e9b45cac5dbb697c3,.mjs,TEST_OR_GATE,false
scripts/generate-current-master-documentation.py,61906,fabbd6b1ab0da740826b8329c618d8554fe597d8c3411e304fcddef80a570269,.py,TEST_OR_GATE,false
scripts/generate-manifest.mjs,284,8fdf2603d95d1be609548f12a5be05242f4f61e209083a56053dab77e8b3717c,.mjs,TEST_OR_GATE,false
scripts/generate-master-build-ledger.mjs,663,45a891e6b353c3c823083eab3ae2d1f99b21f10a553b2980a1829fff9f149102,.mjs,TEST_OR_GATE,false
scripts/generate-master-project-documentation-pdf.py,10945,e9c4449e7f784032430a3761646fa90d20e9f3d3e81499f3ebdbecebb8514d50,.py,TEST_OR_GATE,false
scripts/generate-master-project-documentation-v2.py,26850,f25f8b7445a7d8cafc6c94c93af2698c9224d91973238dd4157d47d995755514,.py,TEST_OR_GATE,false
scripts/generate-master-project-documentation.py,15446,8f53223116575319eee13ce4b1a3374c9f1996d946e9b31af9b39e1aafee9f0a,.py,TEST_OR_GATE,false
scripts/generate-ppk025-sbom.mjs,2374,16595d7998c06381fa1cd527eb6d660cf402042407520cdebdbabc5e34e1037f,.mjs,TEST_OR_GATE,false
scripts/generate-ppk025-third-party-notices.mjs,4864,4d967c33fcf3e05f0f2dd50a29ec1d1af8bb75725edcd8c88f85e60b2c04ebc8,.mjs,TEST_OR_GATE,false
scripts/generate-ppk026-policy-client.mjs,1388,c0f520066b24c9c31716c2b451e7059b7fb98020bb50dc1d5ae72cb5140d128b,.mjs,TEST_OR_GATE,false
scripts/generate-project-artifact-index-v2.mjs,3764,1e916b51c7b0586d19913feb38731b1a1acc9a14156724c3e0846f11dcc917e1,.mjs,TEST_OR_GATE,false
scripts/generate-project-artifact-index.mjs,2114,b2b97d9088dfff081e1242f069518b75be46d9e52aae8e7d6a064db372bdee5f,.mjs,TEST_OR_GATE,false
scripts/import-npm-cache-transfer-bundle.mjs,1757,9c3880a2e85e2a94017d8aa20a517afa3fadf1dc36ce2b6ea4ebabddc1bfa55e,.mjs,TEST_OR_GATE,false
scripts/inspect-npm-dependency-handoff-response.mjs,3773,d3a2a2a255f60dadeb5aac8112247a96943b480e356ba6dcb53c0774f7ddd4bd,.mjs,TEST_OR_GATE,false
scripts/lib/accepted-cache-rc2-validation.mjs,10889,4f42855614eb152fedf7bfc865cd860704424474e195ab1c3b5b8d06cd602bcd,.mjs,HISTORICAL,false
scripts/lib/active-build-meta.mjs,1004,bfc9e40af2a671b35bf7904894715b3ff332b53aeb6217c8eda35e77b00a9cd7,.mjs,TEST_OR_GATE,false
scripts/lib/archive-policy-test-harness.mjs,6305,894f1f95382b387cb379e639e113a1674988090f0c3ce362307299e74cb10a13,.mjs,TEST_OR_GATE,false
scripts/lib/authorized-successor-lifecycle.mjs,1843,4bbf17476f379ae61cb86408a8a9c0556d958922069a81a8b474513ce8b22d57,.mjs,TEST_OR_GATE,false
scripts/lib/aym-source-authority.mjs,9002,b3078e804386f711ba6f96f3f7997fae0e223f78b5c96f81e675082ac0c9a537,.mjs,TEST_OR_GATE,false
scripts/lib/canonical-product-navigation.mjs,7177,bf6a5a104cacf95bfa178145c5a96c2cf1b42d390d102337b70024ff30a939c9,.mjs,TEST_OR_GATE,false
scripts/lib/clean-npm-ci.mjs,6284,e875c5249633cbfeb711e76e16770cee389a638e962f9ddbffa9d04a91da9a9d,.mjs,TEST_OR_GATE,false
scripts/lib/delivery-attestation.mjs,11032,bd76146a1c3f890b599d8dc8c040fbd9a493727c4ef58219e614f36cf79cdab2,.mjs,TEST_OR_GATE,false
scripts/lib/deterministic-zip.mjs,14650,097b558d7c9305964aaeca79cf27d156f1e5930b53825932e1e84307e13e76df,.mjs,TEST_OR_GATE,false
scripts/lib/exclusive-evidence-run-root-guard.mjs,6165,31126eb68751dcbbfb2bcf512c5532ddc5f502420b442e2f8bdf9b03a5732c8f,.mjs,EVIDENCE,false
scripts/lib/governance-utils.mjs,6971,4800dfccfe780ee420c38cf7f025daf514393da8a678e2ea225a3c973ade1e4d,.mjs,TEST_OR_GATE,false
scripts/lib/governed-source-root.mjs,2177,c130b542b6e1d57258998d07415ced0f94a7547117c563b8e1bad51c0e0351fa,.mjs,TEST_OR_GATE,false
scripts/lib/identity-access-external-evidence-intake.mjs,17784,a07d3c20625bed567099b80ef273587265c6dca06d852b7a149ee769a8c6cb23,.mjs,EVIDENCE,false
scripts/lib/identity-access-finalization-state-machine.mjs,20348,9ae8ca420d687445dd7ba21eb223e2e497ec91233441c60c13b6dfe4d1e5b75b,.mjs,TEST_OR_GATE,false
scripts/lib/identity-access-preparation-state-machine.mjs,14757,5c02a4356df3f91061ee36c52a8184f7da5dbf7fac6f9d2e755dcaf0133abd56,.mjs,TEST_OR_GATE,false
scripts/lib/installed-ui-interaction-coverage.mjs,55920,f9251e36675b10d6ab237312f196bda531f3a17eca20180e722104a0db496a0c,.mjs,TEST_OR_GATE,false
scripts/lib/master-build-ledger.mjs,21279,46379ab466fbb53f879abd8b75036a89b6babebf650b3087d5aa40ba84b56c55,.mjs,TEST_OR_GATE,false
scripts/lib/monthly-release-version.mjs,5193,8cc602ffa1b5dd2f353f2a3d62c292475754cee9d08d75fafe4e2521115fb043,.mjs,TEST_OR_GATE,false
scripts/lib/mutation-release-evidence.mjs,53453,bc773a8f77e19242303040596fe8e8971db925f2555c89aee65fb480e675fe7e,.mjs,EVIDENCE,false
scripts/lib/npm-cache-bundle-acceptance.mjs,15479,39267579c8d36aa8aafd5c768b37ebe55cbf8fb9e92ed546d9d6ffc999b348f2,.mjs,TEST_OR_GATE,false
scripts/lib/npm-cache-transfer.mjs,14111,dfc0f258cc72158a19ed31f18b619e96f86c44711f4555ee5f52e0be4527f714,.mjs,TEST_OR_GATE,false
scripts/lib/npm-dependency-acquisition.mjs,19200,fbf8c6aa322f709a4ca286efd3cbc440d9762d6317da29ba9d13f37b5e8f2cbb,.mjs,TEST_OR_GATE,false
scripts/lib/npm-dependency-handoff.mjs,12459,ad0bca748e21c47a32c7a36a4346657446e1789ed8d29dd66c2147c2fdd26ab7,.mjs,TEST_OR_GATE,false
scripts/lib/npm-offline-cache.mjs,7526,46bfe51b577c3089d3873dec0509a55bd909baf4c3794b361d96513b9b7d90e6,.mjs,TEST_OR_GATE,false
scripts/lib/platform-capability-manifest-ast-scanner.mjs,28169,9475a38c004c56fbc7a76972fbb227cc45f66812dabe6c84b59d2b1709dd3aee,.mjs,TEST_OR_GATE,false
scripts/lib/platform-policy-ast-scanner.mjs,20543,5b420a18759463c17e62686ff476946fa27a8aa680480331a9196391d51b24aa,.mjs,TEST_OR_GATE,false
scripts/lib/ppk025-software-supply-chain.mjs,22439,09f4886e068abc373ee8341ec0c482bc342d9b01d57d8b0d42ddb520a0d44e58,.mjs,TEST_OR_GATE,false
scripts/lib/ppk026-policy-client-codegen.mjs,5045,469f132230ae765f81af65e105d1f658867f1875971bfddcb94d91ad8463f4b9,.mjs,TEST_OR_GATE,false
scripts/lib/product-surface-governance-analysis.mjs,10450,ea9730a675a0f5b2177a61d10de18e4548f92c15d31e5650d997ad3df9087002,.mjs,TEST_OR_GATE,false
scripts/lib/python-runtime.mjs,1183,e525168ea659353e99442ec1e20266f4b7ad5caa50e0c599ce61bbf9cb8983c6,.mjs,TEST_OR_GATE,false
scripts/lib/release-source-provenance.mjs,43081,e4a4202e6ebab866ce3455882dad0e8b73c30658aa1e7b9b75678ea32654365b,.mjs,TEST_OR_GATE,false
scripts/lib/source-manifest.mjs,11707,c0a6d77cf1b3a17e00cc3f05ce77f9601a9ba236dd6fb01bd4007a45f0ccca59,.mjs,TEST_OR_GATE,false
scripts/lib/typescript-command.mjs,770,a347e47d2b94531813a3d304dfd28c47e7bf3336853bce9befbc38f2217d44f6,.mjs,TEST_OR_GATE,false
scripts/lib/validation-command.mjs,2384,f4518880c2158d469f7814ebed9120b78d8b1811bef3f7fa6f9c20728d8d1bd9,.mjs,TEST_OR_GATE,false
scripts/lib/windows-evidence-intake.mjs,10097,4eac2bb4cf0f001a96842f9b1257adeb432bf0b42e80a333876b5302fe46e10c,.mjs,EVIDENCE,false
scripts/lib/windows-installer-artifacts.mjs,5641,534632ccb1167d08ab74a0f5127b53130fcf5c52c9aac09f15dc27785041b94f,.mjs,TEST_OR_GATE,false
scripts/lib/windows-native-file-dialog-uat.mjs,13777,65009f7a629fd8cbd255bfac7cc5b0693d7e8e26de7fc9ceaf566cbd6724f169,.mjs,TEST_OR_GATE,false
scripts/lib/windows-native-file-dialog-uat.ps1,10321,94746a48628915e178e790118e574252535a732c9eeb5d01c01c9508ee5866db,.ps1,TEST_OR_GATE,false
scripts/lib/windows-package-provenance.mjs,56649,536992d1a988a3da5bfdb98ba060870e58066d6a8da4888b3faf7bfd0522c2f7,.mjs,TEST_OR_GATE,false
scripts/lib/workspace-paths.mjs,1323,03f15af759b5e68e5088b970d7cdd13072f28a106bec3cb16ab1fb2768ff2d17,.mjs,TEST_OR_GATE,false
scripts/olustur-34-l-teslimat-calisma-agaci-envanteri.mjs,11147,3bda94d2c82bb073201eab343e38f9c980937605855ab5130a61ae3ce6d4f4e4,.mjs,TEST_OR_GATE,false
scripts/prepare-33-m-accessibility-completion.mjs,10786,a5b8e5235019f2d1a62c2e08f5fcb8c96d4fe3462c58a2ea5301a3ccc4b1e31b,.mjs,TEST_OR_GATE,false
scripts/prepare-33-n-draft-async-state-ux-completion.mjs,12624,b2ec259a9736eed36ef88a58ce9b6d745472e5e944e8f9c0f201a4c2af0d38cc,.mjs,TEST_OR_GATE,false
scripts/prepare-33-o-privacy-ownership-data-rights-incident-control-completion.mjs,13870,602a700701370f1d86b9ff3e225b604714de91f4e69198d8ae5c85060baa271c,.mjs,TEST_OR_GATE,false
scripts/prepare-33-p-passkeys-federated-identity-verifiable-temporary-credentials-completion.mjs,15423,6e380859066c4a529fbc2d298bf86b1144eb5dec3ae2cc8b62b0e1d3db392b68,.mjs,TEST_OR_GATE,false
scripts/probe-electron-fuse-binary.mjs,1901,324a686322d5a5f2f1006254262a75bb5c53257aeb394e8dd7bc91fd36b75118,.mjs,TEST_OR_GATE,false
scripts/protect-authoritative-source-external.mjs,18855,fcc20f18385414ecf8f7826e129e9393efb3294ada9c935737c4d1f8db948e6d,.mjs,TEST_OR_GATE,false
scripts/protect-authoritative-source.mjs,14098,53b1b81afd36faed04d1c662793906a84eb9e49535b8c539211849ec2c8a00a0,.mjs,TEST_OR_GATE,false
scripts/record-31-a-local-validation.mjs,5777,81beb987222cf1f5ba17c6fb29ac0658d31f39da810f952a463397ff3c19402c,.mjs,TEST_OR_GATE,false
scripts/record-31-b-local-validation.mjs,5480,e00c8f80228ef513670117b395c9f43902d61173def97b9f2b1e62a9a1954427,.mjs,TEST_OR_GATE,false
scripts/record-31-c-local-validation.mjs,6002,c8baac5752d8d164f082fb7016e5e0071e41fcb93c3f51e1e3bf27161034cfcb,.mjs,TEST_OR_GATE,false
scripts/record-31-d-local-validation.mjs,6161,2bd1e4d2ca226e47cf94b4d06709e638c05977bd22c66b9c49c6d3eacde171b8,.mjs,TEST_OR_GATE,false
scripts/record-31-e-local-validation.mjs,5436,cdcf4aad7cc6c078c260c479eab2e513703450e020ef6d0a9937dc28ca48bb06,.mjs,TEST_OR_GATE,false
scripts/record-31-f-local-validation.mjs,6251,21eedc3799d8ea56c3636cc8e859a041a71515411b5799e9b0919f8ca85b9b2b,.mjs,TEST_OR_GATE,false
scripts/record-mutation-baseline.mjs,3615,d3f1104747b3119c7c6579a62626e415298f9dad9260629116c5341ffcfd3805,.mjs,TEST_OR_GATE,false
scripts/record-ppk002-full-regression-evidence.mjs,2943,821f49dfac5f48bc331aa7dd8953c53f8b23aa2ae9adfd6b6b0373d84e7d88c9,.mjs,EVIDENCE,false
scripts/refine-ppk002-governed-regression-fixtures.mjs,3765,e561b6ffa188cf27edf7991017fb79d3aec1b37de9c97d8d214f6d2ee68a6685,.mjs,TEST_OR_GATE,false
scripts/refresh-ppk002-final-regression-evidence.mjs,1912,d81307667e6958f0f8929dd6c38db92960a40061d9c9554cbb195b703121e79c,.mjs,EVIDENCE,false
scripts/repair-ppk002-30z-static-location-option.mjs,711,c95f3ec39f80d3ed63cf65639bd6012b0115ea2d542899b6449c8fdfdefd94bc,.mjs,TEST_OR_GATE,false
scripts/repair-ppk002-30z-static-syntax.mjs,786,e81db2fbcc5338e6e0a1b2040ea7f872fb0184680258128c0d11fc6f6d1933aa,.mjs,TEST_OR_GATE,false
scripts/repair-ppk002-timeline-foundation-generator.mjs,1071,9d2fca7b7ffe6d9fe40e06e1df8b3f24932d58c2fc8de5598bf7b399b32ad3c5,.mjs,TEST_OR_GATE,false
scripts/repair-ppk002-timeline-runtime-generator.mjs,925,870265f2573b91bd9f155f82eb1ac819ec73882c6da8a96c1c789e859d60d507,.mjs,TEST_OR_GATE,false
scripts/repair-ppk002-timeline-runtime-notification-anchor.mjs,1506,402267613f0bcc6493734d7fdaff5dfedf823e76c3aea938bf3202c44b788c6e,.mjs,TEST_OR_GATE,false
scripts/require-active-work-step.mjs,919,2f4d7c0f2f742052f5ab1f6b6d1ca71e06b713419d41ed1ab3b6d9f759370fdf,.mjs,TEST_OR_GATE,false
scripts/require-current-governed-preflight.mjs,1032,8f1cfd36a51ca3a65acda2533688798f3ecba4e064dd124373a0a35cba27ecb2,.mjs,TEST_OR_GATE,false
scripts/run-29-d2-a-validation.mjs,1749,e52622eeaed8c90afbc8fce09fbcf8c1a76738cd8d96641056102a1c5c2ab297,.mjs,TEST_OR_GATE,false
scripts/run-29-d2-b-validation.mjs,1763,64e209029c2406120ad95a14fe7b83f74fadb792b039eabed6fda9cfba404840,.mjs,TEST_OR_GATE,false
scripts/run-29-d2-c-validation.mjs,1965,d889f0af736238643d333fb8031d0552f0b879daea57a25925ed4b750fe5f4c2,.mjs,TEST_OR_GATE,false
scripts/run-29-e2-active-governed-gates.mjs,4411,2445055dd82bca260ab6653a4f5e87198c926572c10822144dde2f3db7211e89,.mjs,TEST_OR_GATE,false
scripts/run-29-e2-dependency-free-gate-batch.mjs,3269,5311865dcab59db41f5ec3c0ac803978b9aaddb8f73cd469e9ca9ec91c184e92,.mjs,TEST_OR_GATE,false
scripts/run-31-g-main-structure-local-validation.mjs,11268,d393f745a3c3d519c0b9536a2279d762f804d22dec47f2012f604caa85b32d26,.mjs,TEST_OR_GATE,false
scripts/run-31-h-family-data-ownership-control-plane-local-validation.mjs,12138,36f33bc10561dc21ad7dbc8ce81a32d3a2ac866f927f88b2babce19b494ffe89,.mjs,TEST_OR_GATE,false
scripts/run-31-i-headless-device-secret-protection-local-validation.mjs,11827,5e0d7adac3e5e45d87e4096927a1d65742f1c3e1bf61fab3d7b4a41efcafbf0d,.mjs,TEST_OR_GATE,false
scripts/run-31-j-family-data-coexistence-default-deny-cutover-local-validation.mjs,12245,c7f78dff3f3625cf0bf394ce1fc542249f7f4f78f20937335a298dcbb94827d4,.mjs,TEST_OR_GATE,false
scripts/run-31-k-monotonic-cutover-readiness-local-validation.mjs,14162,3013e5d0eb84d79cabcaeafc454ea1d9846d331b9ef9b45d75990e42fc456aed,.mjs,TEST_OR_GATE,false
scripts/run-31-l-protected-cutover-readiness-journal-port-local-validation.mjs,17472,ccd4684c375407932fbd0980ee7ba1554ea9146dbd26cc76bc5d1974187c3417,.mjs,TEST_OR_GATE,false
scripts/run-31-m-signed-cutover-readiness-evidence-verifier-local-validation.mjs,18117,353a1835383faeb243b8656ddfee2fd3ba6ead7c1eaaf307df1f0a340b6a5712,.mjs,EVIDENCE,false
scripts/run-31-n-synthetic-single-writer-proof-harness-local-validation.mjs,18524,a8c06330a95fc8197be1d8fe02e03135261118459edcde7b1ecec7549d82f3f3,.mjs,TEST_OR_GATE,false
scripts/run-31-o-synthetic-key-lifecycle-proof-harness-local-validation.mjs,18932,6be43171dac68ff62b145dc1b46a2b3fad5b358f10bd3cc08835ab2f11da4082,.mjs,TEST_OR_GATE,false
scripts/run-31-p-synthetic-rollback-recovery-drill-local-validation.mjs,19128,150477f9386edfd070a0f7d9e139016d9751e4d70407e839bdb0f7084118b1b6,.mjs,TEST_OR_GATE,false
scripts/run-31-q-end-to-end-security-evidence-aggregator-local-validation.mjs,18456,119b7d09f1cc6b2d9ac14d819f57a1d105abd0cf14525f429b71a7c1d614e0e2,.mjs,EVIDENCE,false
scripts/run-31-r-explicit-user-approval-receipt-boundary-local-validation.mjs,19111,c6e054f5fd6a7669fbbf97927a7d80d22a43be1635ac5032433c7f48117c9181,.mjs,TEST_OR_GATE,false
scripts/run-31-s-versioned-cutover-decision-preflight-local-validation.mjs,19503,126ee802a01caf082bacc37f1edd7f141dab08ff77d8c2b77e3ac15acb234203,.mjs,TEST_OR_GATE,false
scripts/run-31-t-family-import-governed-rollback-local-validation.mjs,13935,f0d51be3e44e29dd9f6d9e4a4c7b5a0a0ec5b65df3dd5b57eb38d58e6788098e,.mjs,TEST_OR_GATE,false
scripts/run-accepted-cache-rc2-validation.mjs,8554,1665fb3cfa2ae430609276ac546f9449959399b76f40f3ff8b87e7f28e2d8be3,.mjs,HISTORICAL,false
scripts/run-bronze-final-windows-validation.ps1,9843,4075fe671be5f1585b9ffaca70b4ec4197e602494ecd5bbc8b1f89cb542a9b69,.ps1,TEST_OR_GATE,false
scripts/run-build219-bronze-security-closure.ps1,8509,fb303d0b09d9bd4abda288a5cc057a5d858be142114debb624de71c4c33fd662,.ps1,HISTORICAL,false
scripts/run-build220-bronze-security-closure.ps1,8869,55f62aa8ba948e030bb1f4e9efe4929d2a78ddf72863be389d7c0a94ce264146,.ps1,HISTORICAL,false
scripts/run-build221-bronze-security-closure.ps1,9132,ac09ce969749a92927d57a5e43179aca9733ee0f5998d89c729294b4815b302b,.ps1,HISTORICAL,false
scripts/run-build222-bronze-security-closure.ps1,9132,9a1348fd91184c2a5754c4c865bfebe2e1e317bee25ed5bfec9c04b5d0cd3ebb,.ps1,HISTORICAL,false
scripts/run-build223-bronze-security-closure.ps1,9132,19cb20d4c2a09cae442be3b25c3efdbc006d8cc8f466178c8e117f6b73701a67,.ps1,HISTORICAL,false
scripts/run-build224-bronze-security-closure.ps1,9271,777e97cedd590b67a8293cbfaf0fbe638607c9d98e2b34cb8a2f6734455a2c89,.ps1,HISTORICAL,false
scripts/run-build225-bronze-security-closure.ps1,9634,3f5c5cebf144de020bd85a4255bb8907a28d678c3a47b2f3fc517d42b30a2042,.ps1,HISTORICAL,false
scripts/run-build226-bronze-security-closure.ps1,9634,09af54f296c95860e70fe3e4616d30fc5cd9b45d53c2285736b9030b151aa75b,.ps1,HISTORICAL,false
scripts/run-build227-bronze-security-closure.ps1,10325,e3a94e804b0ea7a04496bbddc6f13db6f5c7b287a502d47eb726ec531b713f0b,.ps1,HISTORICAL,false
scripts/run-clean-npm-ci.mjs,17477,1ea61004ef9c0e06e51dc4f3eb1f03b9359ac471915aa651ac549efaa11b0b52,.mjs,TEST_OR_GATE,false
scripts/run-data-store-smoke-regression.mjs,1973,c0fdd802516ee87a74cac2f4f5354de34fdd86c3dd31c4ee271517b31f9996f1,.mjs,TEST_OR_GATE,false
scripts/run-governed-postflight.mjs,6973,7e7fb3fabc4bad93d32a98bfcb5cf539af15a90aa43190baf9c4a767a3ea3d35,.mjs,TEST_OR_GATE,false
scripts/run-governed-preflight.mjs,5007,58b23d437de620340801beefaa686c5f6299fd1423279818ead3ca1697e98587,.mjs,TEST_OR_GATE,false
scripts/run-installed-frontend-user-uat.mjs,193341,93e4b8d52094d750bc8704dd07a0d5ff7da08fe05b124cb626445573501541a4,.mjs,TEST_OR_GATE,false
scripts/run-mutation-test-evidence.mjs,10214,699ada233fcce87f70255b563e740910124030f3ba8d1bcc946e669a9a24d7b3,.mjs,EVIDENCE,false
scripts/run-npm-audit-evidence.mjs,6776,02e3721a5f4c324145e304b50867af08d490ae15c3612bab266777489d8d06a6,.mjs,EVIDENCE,false
scripts/run-open021-windows-closure.ps1,6830,78d1b2ae51325016e1edd2890eec3913d544db2e7d8bc3d683016bc1fd66df08,.ps1,TEST_OR_GATE,false
scripts/run-open022-windows-closure.ps1,6409,ef621f4e98af7a0b007f0b44b199af4d15ccbda750065865388d6ea189313c06,.ps1,TEST_OR_GATE,false
scripts/run-ppk025-registry-signature-gate.mjs,4333,1b1bce42728db18d5fd9a9310d8a708df5a016d8cfbde43e3530ba5753633612,.mjs,TEST_OR_GATE,false
scripts/run-rc2-validation-gates.mjs,9727,74c93ff5090f7466617a46016b6e6d595b9bda160320cf9830e27af027e24cc5,.mjs,HISTORICAL,false
scripts/run-source-preflight.mjs,7977,3fe21bedb8068946306f4fd76f0b901c4b54fe002d36bb666e576492123b87bd,.mjs,TEST_OR_GATE,false
scripts/run-windows-installed-release-uat.ps1,42221,9fd2715c64d39e6951bdef22ef9905af6819b2ca00f218d7e019486faa890512,.ps1,TEST_OR_GATE,false
scripts/run-windows-installer-experience-uat.ps1,41379,513e58ba46496668d3eabff5c246795d761402c50321645d8f7fedb8f71610e6,.ps1,TEST_OR_GATE,false
scripts/set-workspace-version.mjs,17285,c2a8d188b5b5366cda5aac19e5ac793ecac5f27809bbfc891cc1c34606acc487,.mjs,TEST_OR_GATE,false
scripts/setup-release-channel-worktrees.mjs,14682,f7463a5a320f67608c08f99d0fd8ff75928c613d6bf9f09a9990ee7ee8d26933,.mjs,TEST_OR_GATE,false
scripts/siniflandir-kalan-isler.mjs,9960,df95917120bc8c4971c38259cef6021b3d452e3e44d3297954e4f9e6c2a29e3e,.mjs,TEST_OR_GATE,false
scripts/start-31-a-timeline-event-policy-enforcement.mjs,7065,b45ef62bfbe329af4706124b7365766ddf37f1bac3bf9c67e391b344b2529d50,.mjs,TEST_OR_GATE,false
scripts/start-31-b-family-data-import-central-authorization.mjs,6688,9470412a727b34958ab52246c280aa23f0624c6c7f682a47c3c3dc99868411dd,.mjs,TEST_OR_GATE,false
scripts/start-31-c-family-import-multi-policy-receipt-batch.mjs,6473,6f3ab2d10f521c1cf1b6f257e59a006caeb1a74a260e94a7daa3d7937f03b32b,.mjs,TEST_OR_GATE,false
scripts/start-31-d-family-import-reused-location-read-receipt.mjs,6530,d5b89a6cdcc5598dcb02c2a016f43682c8ec24aa9308ac1a17e7016930998875,.mjs,TEST_OR_GATE,false
scripts/start-31-e-user-visible-release-boundary.mjs,5199,b70ec438e750b972961d2e3637be9beac21ecf9713973fe7c4869bdda9535603,.mjs,TEST_OR_GATE,false
scripts/start-31-f-family-import-created-location-linked-event.mjs,6575,d198e52c4aea19623ce9e3f41dd56b1eaa8b228d872608087ede72b6f93e0b05,.mjs,TEST_OR_GATE,false
scripts/start-31-g-family-import-governed-rollback-receipt-fence.mjs,6474,a07211c6a19a06d1ce523238d15cd586494a6b70a8358236f804ae075c37f87d,.mjs,TEST_OR_GATE,false
scripts/start-31-g-main-structure-core-service-api-foundation.mjs,6526,18e8489dee39a1e20da5d364cda2ea1fb74fb0cdade5b6029686345d09ffd513,.mjs,TEST_OR_GATE,false
scripts/start-31-h-core-service-family-data-session-ownership-control-plane.mjs,7527,a59a7cd6defeb15ebd125ee35a8b66fa7bd249270465c391c6b554ce09675d41,.mjs,TEST_OR_GATE,false
scripts/start-31-i-headless-device-secret-protection-boundary.mjs,7426,c06779253d553b813e9b4a5abdb4a1528c50865f275aa0d142652d5f45229326,.mjs,TEST_OR_GATE,false
scripts/start-31-j-family-data-coexistence-default-deny-cutover-gate.mjs,7615,733752d7d3c26e4efc76d6ce8815824983e5287d3bbe352f625e56fc93ea6562,.mjs,TEST_OR_GATE,false
scripts/start-31-k-monotonic-cutover-readiness-evidence.mjs,8229,8468c39eeb02a9ec1e768b80e4b830c0f4aefb2c97516d411e19cf770ac67d50,.mjs,EVIDENCE,false
scripts/start-31-l-protected-cutover-readiness-journal-port.mjs,9286,82c9a2af2979d8287c13ace734ecb21123f6c71acaf080b420676c0db9179b42,.mjs,TEST_OR_GATE,false
scripts/start-31-m-signed-cutover-readiness-evidence-verifier-boundary.mjs,10804,efd3af2fc34a88e29f655679c1328119da3ffb5a43b4d9b8d8a62588b33cab41,.mjs,EVIDENCE,false
scripts/start-31-n-synthetic-single-writer-proof-harness.mjs,11016,5ba5779246b185818a7d04032a1c1051096ecc415d3dc5c79cc258d22ec565b8,.mjs,TEST_OR_GATE,false
scripts/start-31-o-synthetic-key-lifecycle-proof-harness.mjs,11219,25487027c8ac2c7cb0b5c1e0639b15a84c6b58a80eb8744e621fc26cb9fda038,.mjs,TEST_OR_GATE,false
scripts/start-31-p-synthetic-rollback-recovery-drill.mjs,11343,412214e61946ea9505fe3ee527936cadc18bcbade5d6bf759bc0e03448567d7b,.mjs,TEST_OR_GATE,false
scripts/start-31-q-end-to-end-security-evidence-aggregator.mjs,11719,70aa2094dc8e95e34b97263bef129ead61b83f48cafc473108971023302cb05c,.mjs,EVIDENCE,false
scripts/start-31-r-explicit-user-approval-receipt-boundary.mjs,12742,1c6491e0f17be5586bc694ea01ea88672a30ab3716d2d1add39286d8afca7cb4,.mjs,TEST_OR_GATE,false
scripts/start-31-s-versioned-cutover-decision-preflight.mjs,12911,01dc1d96e8fafe112120ac0bd17b11a8fb7a489e00977664493189fdb8cefba4,.mjs,TEST_OR_GATE,false
scripts/start-31-t-family-import-governed-rollback-receipt-fence.mjs,9840,d9aab351b08117b0ac75ea75ab2ee262f574ec58031b9ad5be5281ec548930ee,.mjs,TEST_OR_GATE,false
scripts/summarize-npm-audit-evidence.mjs,2010,665e526859e9bc804b5f5876180d96dcb49a6c734d0928ccfdc6ab54c24761f1,.mjs,EVIDENCE,false
scripts/sync-current-documentation-state.mjs,6689,8a514959a06d409cce0da3cd755d9abc97161d12b42a2470f2d7b53b3dfb3ab7,.mjs,TEST_OR_GATE,false
scripts/templates/timeline-application-adapter.ts.txt,27887,a28dff463b77126142593cf0c4dcc82fcdecb17c737c4716af6e6a071e19993b,.txt,TEST_OR_GATE,true
scripts/test-windows-core-service-host.ps1,3080,817beabd57468f75bc40a6a26b1593d7185352f2c43e4478d0e2b601047acbd1,.ps1,TEST_OR_GATE,false
scripts/ts-workspace-loader.mjs,1074,3fec88b7501717de4e9de06151f59bf88f8de98f17adaf72985a94cd828bda39,.mjs,TEST_OR_GATE,false
scripts/update-aym-governance-incrementally.mjs,51114,681842b9f3697bea239197e75370870d8d69edd7d982ebe6f7a56c7ef8248e78,.mjs,TEST_OR_GATE,false
scripts/update-master-build-ledger.mjs,13250,ad9fff094a9876b25b368f46c95a7ac2dd563d2f36ff07828a6a2d59861c58ea,.mjs,TEST_OR_GATE,false
scripts/verify-29-d2-a-inventory-input-lock.mjs,10800,cbafde0ffca6efa9c8643259581af6f6762e384b11ff5752038aca36d09488e6,.mjs,TEST_OR_GATE,false
scripts/verify-29-d2-b-document-inventory.mjs,10482,1d4eaa54cc0d825fc23564975b5c87f433dea26377232b5c59304853101f3087,.mjs,TEST_OR_GATE,false
scripts/verify-29-d2-c-crosswalk.mjs,30542,d434134149a6193940bd26afd9e1b2f1ea786e47fb6ec3e20bc04b6770e16678,.mjs,TEST_OR_GATE,false
scripts/verify-29-d2-d1-binding-correction.mjs,2975,7009d914aa151c1228f44f2cd2fefdcbd0f0014efb59c356858a226ccffee8d0,.mjs,TEST_OR_GATE,false
scripts/verify-29-d2-d1-consolidated-inventory.mjs,11288,c38745e5878ad4cc5af10643cdcab745dbdee364c2525d6234f71f2c7d8f4598,.mjs,TEST_OR_GATE,false
scripts/verify-29-d2-d1-finalization.mjs,6776,d46675ec8da9e6e66e150e8a900499d879d6c2c389f678e277522547443c9f3f,.mjs,TEST_OR_GATE,false
scripts/verify-29-d2-d2-closure-gate.mjs,9931,65e83976418f20320f44b9f2d5e7cde5bc6a227c532c1b797d8611b2564abbc1,.mjs,TEST_OR_GATE,false
scripts/verify-29-d2-d2-finalization.mjs,23544,24509ef567ea5544cdc9c9c7f6305777d8d49e55d779407cd703ce90c7e6c14d,.mjs,TEST_OR_GATE,false
scripts/verify-29-d2-d2-forward-state-correction.mjs,3550,7ca2c4afd26720873d4efbd45d40fb0d8e0e21cb687d3a700978f223921b4ac2,.mjs,TEST_OR_GATE,false
scripts/verify-29-d2-d3-parent-finalization.mjs,26994,99bb500be4323961064ca9401ca110151132b0bf8a9babbbbfa6a942044ae73f,.mjs,TEST_OR_GATE,false
scripts/verify-29-d3-rule-gap-conflict-analysis.mjs,19877,07d8ef3b658617a0688c4b8a8cee246ebb6f2a52181fea0a380515e0225881b1,.mjs,TEST_OR_GATE,false
scripts/verify-29-d4-technical-assessment.mjs,20813,e6822153d9380c00acaee3ab2a179467af8dcab997fb58337fe1c79afdcbbf69,.mjs,TEST_OR_GATE,false
scripts/verify-29-d5-scope-real-progress-report.mjs,25956,aec97e74ce21391489ce42d7b3046af37b275ebe8dec25bebc1a06305edbbfa5,.mjs,TEST_OR_GATE,false
scripts/verify-29-d6-governed-final-closure.mjs,16559,4837db02337e4de872ea0bc54e49bd0a18e7e246189a9cf93601e8e946686da7,.mjs,TEST_OR_GATE,false
scripts/verify-29-e1-test-security-inventory.mjs,19026,88d95e02b9dc463a112c2ddd6bffa4e786e6cc295525d33f6df14d31377b5394,.mjs,TEST_OR_GATE,false
scripts/verify-29-e2-active-governed-gates.mjs,13691,384714b801a791f28b9c3ab0c0e0867d311ea84bbbf6f3c0da1cb2ae85460d6b,.mjs,TEST_OR_GATE,false
scripts/verify-29-e2-dependency-free-gate-execution.mjs,6193,305a07effd46cece2134e737fb663f1e2d06d1acbdb0f20a8d41e7f2ae5aaa6b,.mjs,TEST_OR_GATE,false
scripts/verify-29-e3-dependency-backed-capability.mjs,10110,895b0fec81aac9c50894d1696b5b057cff26693fb6c917dbdae4d23a927f6147,.mjs,TEST_OR_GATE,false
scripts/verify-29-e4-governed-closure.mjs,11544,e2b5905abf6e298852bc6b50a05afb1c8742f6aecc9f76a88c006cf17f2057ba,.mjs,TEST_OR_GATE,false
scripts/verify-29-f-final-delivery-closure.mjs,10312,30db8994cfd68fe7d6900c4823e7b02bb1bf1b928da4ccc1e5f14df6dcdb0d6d,.mjs,TEST_OR_GATE,false
scripts/verify-30-a-household-membership-contract.mjs,2392,f7a189590ae0ea55de0b9a764ebe47aad7cf7e330396c145a694124e468a4e9e,.mjs,TEST_OR_GATE,false
scripts/verify-30-a-household-membership-runtime.mjs,14372,638f8a95f1e6b2ea705ed02a2c79775e76294efa942ac155e0c9c092840f0163,.mjs,TEST_OR_GATE,false
scripts/verify-30-b-household-membership-ipc-ui-contract.mjs,3717,b493e892dcfc8e28b12b9aea7a59224c09ae0d03499b3b1a9a1ea7483f54649c,.mjs,TEST_OR_GATE,false
scripts/verify-30-b-household-membership-workspace-runtime.mjs,6785,4445ec705a6f223bf18c6eaa7e74d7995618f290d69bfcf377d64a97c299c51a,.mjs,TEST_OR_GATE,false
scripts/verify-30-c-person-lifecycle-contract.mjs,4213,f54735aab5f0eca3f59fef749e749bb56f1a5069df55318ac1c2ec6b9d334192,.mjs,TEST_OR_GATE,false
scripts/verify-30-c-person-lifecycle-runtime.mjs,11936,64355db4018d41493d5ebaa3fd3e1d63e8050eba7ea8b9f1dcd2e091319d4899,.mjs,TEST_OR_GATE,false
scripts/verify-30-d-person-lifecycle-ipc-ui-contract.mjs,4393,2a4562a4acc142b9529fb64406cc04e757e5f52b826078f850d6d68a64a0c8e0,.mjs,TEST_OR_GATE,false
scripts/verify-30-d-person-lifecycle-workspace-runtime.mjs,6784,8f84ad0288136e5fe94360b46e751d0cd75bb0d6ab09aec9262dd12d2a8ecfa3,.mjs,TEST_OR_GATE,false
scripts/verify-30-e-authorization-context-contract.mjs,5557,49571f3130554063bfdee7d5ed3079608c85041551d28e6527899eeb46333cbf,.mjs,TEST_OR_GATE,false
scripts/verify-30-e-authorization-context-runtime.mjs,10968,08f821b86af298c2ca7b9e32d4645f013b5dad3bd56b1817787ef75274060a41,.mjs,TEST_OR_GATE,false
scripts/verify-30-f-authorization-context-ipc-ui-contract.mjs,4939,dc57724b3dd2094396e9eb6152bf9b72f3ccec8d9d19fdfcc7b9e2f9d6b0bc49,.mjs,TEST_OR_GATE,false
scripts/verify-30-f-authorization-context-workspace-runtime.mjs,6837,86346bf5458833cc8ee9d522b6d323d7979db04f2a128996f3c42fd7123264a2,.mjs,TEST_OR_GATE,false
scripts/verify-30-g-invitation-lifecycle-contract.mjs,6683,3d0d6a9d76b7e8536171c5b5343f0a21fe0c9353cc09bbff478477b0603ddb97,.mjs,TEST_OR_GATE,false
scripts/verify-30-g-invitation-lifecycle-runtime.mjs,7664,620c698e11b9228dcd4f6c473993db176b6f3666425ce260c0f9f71bb4a3f89e,.mjs,TEST_OR_GATE,false
scripts/verify-30-h-invitation-lifecycle-ipc-ui-contract.mjs,4563,6177d14fcf4f1c75df6439911eacf552f6a9c8ba6654c23ae2606004ff64f14b,.mjs,TEST_OR_GATE,false
scripts/verify-30-h-invitation-lifecycle-workspace-runtime.mjs,6435,df070c43e36f6adf2230cfba1900fd26b67b9e427f93054dea989680839e4ad0,.mjs,TEST_OR_GATE,false
scripts/verify-30-i-data-repair-center-contract.mjs,5911,c37e0e4599b7ce167bf23e21049ef8f8f8ab6654e2e931e993cc2946df7ec008,.mjs,TEST_OR_GATE,false
scripts/verify-30-i-data-repair-center-runtime.mjs,15653,c14cb5babf68eefa6615add63df9271feeaaa14bb306c43768e8dc1a0f90628a,.mjs,TEST_OR_GATE,false
scripts/verify-30-j-data-repair-ipc-ui-contract.mjs,5327,dbfb44eda94b3653c0bdbda31bb882a9ef46ac066c6693887054d28b25922d59,.mjs,TEST_OR_GATE,false
scripts/verify-30-j-data-repair-workspace-runtime.mjs,6192,309a5e2fd7fdbf30199f8846df0bf13a8aafef71509810aac4c5503de86d3455,.mjs,TEST_OR_GATE,false
scripts/verify-30-k-windows-hello-foundation-contract.mjs,9915,a5d567fa914828f6db16a48fd2990b94c3c37f05c3e4e0a8f7e61ba7e47b42f6,.mjs,TEST_OR_GATE,false
scripts/verify-30-k-windows-hello-foundation-runtime.mjs,25175,c9c82f4322cea1ffac5bb9ab15fef4bcd5a8121adad949010464fa760c7115f0,.mjs,TEST_OR_GATE,false
scripts/verify-30-l-windows-hello-ipc-ui-contract.mjs,9710,085b827f39cda9da01ad4749da09f0307b9337ce9bc3e251dce3660e2aabcd1e,.mjs,TEST_OR_GATE,false
scripts/verify-30-l-windows-hello-ipc-ui-runtime.mjs,13455,b227ef1cb598f0dbc23347035550c3f48ffc070268ac81a1d3d81b67672bd17d,.mjs,TEST_OR_GATE,false
scripts/verify-30-m-bronze-backlog-priority.mjs,5504,450def67603aec2cb780445f1778961caff49bf109aef9b6143830f2b72cb85e,.mjs,TEST_OR_GATE,false
scripts/verify-30-m-execution-record.mjs,5405,4ea6be330982cbb7bb6c7edc714e6d2bf2c32b6e56f09fad8935879f81579939,.mjs,TEST_OR_GATE,false
scripts/verify-30-m-policy-enforcement-contract.mjs,9600,d399502a21f7b7d80da5636a971d26cd979eaabf9b7172af131d65b277a7efa7,.mjs,TEST_OR_GATE,false
scripts/verify-30-m-policy-enforcement-runtime.mjs,23196,3781a981f2a2e1a627298e28aec29c06a6e7183d0292f50e76c891277261e583,.mjs,TEST_OR_GATE,false
scripts/verify-30-n-archive-policy-enforcement-contract.mjs,28345,bee804ff934e9f190da323ff57a882961a6aea118ed49ef5205a52bcb2f4cd03,.mjs,TEST_OR_GATE,false
scripts/verify-30-n-archive-policy-enforcement-runtime.mjs,34093,9cdb1c7bac3ca76874921380eb063e090472003e94d4d5f8801b1c2796fb1228,.mjs,TEST_OR_GATE,false
scripts/verify-30-n-archive-priority-selection.mjs,10636,9bef317d5c5c04b1f3c7b8931ab2bef90350b4035b28b54376cb049b08495b2e,.mjs,TEST_OR_GATE,false
scripts/verify-30-n-execution-record.mjs,15254,b4a40850b8bf35a3df7500190818f9cf080bc74b626704086b38432b6ca7aee7,.mjs,TEST_OR_GATE,false
scripts/verify-30-o-archive-production-composition-contract.mjs,49843,ae066085ca682c1d51df424b6553c7995d3ab7898441994cccb49c8db56650de,.mjs,TEST_OR_GATE,false
scripts/verify-30-o-archive-production-composition-runtime.mjs,13093,ffc8ecbe9f106e0c66325d32cf082b64525e314556e630df24bd9b461c11426d,.mjs,TEST_OR_GATE,false
scripts/verify-30-o-archive-production-priority-selection.mjs,26073,e3cbbcf373e0852872d326524773acb9af1b3bb946a735d4695ffee4b153464b,.mjs,TEST_OR_GATE,false
scripts/verify-30-o-core-service-entrypoint-runtime.mjs,11901,9f99432319fc6c7a149df18fda7ba96449d291db1a61b4265abfacefc59daa96,.mjs,TEST_OR_GATE,false
scripts/verify-30-o-core-service-policy-provider-runtime.mjs,12005,890c704c22e1521b49ec42bbb7fde11a0b5733db03c5f40db37c535ee146e66e,.mjs,TEST_OR_GATE,false
scripts/verify-30-o-execution-record.mjs,30762,40298b3197c4798040819cc67849dccc374e3705942eb9c804435bd7e9c7be23,.mjs,TEST_OR_GATE,false
scripts/verify-30-o-protected-receipt-journal-runtime.mjs,19615,e2254107640119cc555658bde7cd82cc54eef4c437ad008c92c70d36494f5a9b,.mjs,TEST_OR_GATE,false
scripts/verify-30-p-durable-policy-transaction-contract.mjs,26395,baefaded8d3195b02881613f7f7941b00e0b7500e71dbb24df60661c1e4a684e,.mjs,TEST_OR_GATE,false
scripts/verify-30-p-durable-policy-transaction-priority-selection.mjs,17686,f92c432efb7902e80ca2b9ce613724c65bfb00ae1dd46bb8743aa8d0607d99fa,.mjs,TEST_OR_GATE,false
scripts/verify-30-p-durable-policy-transaction-runtime.mjs,16460,f4005e8dc14990f2b791a4b10e5f500ac9bbe3d37eb80b218d90b19b610298b2,.mjs,TEST_OR_GATE,false
scripts/verify-30-p-execution-record.mjs,14970,dfeee172e6d257d9be5200ef3a0e82dc7209935bd7cea0dedc264ade48c0c7de,.mjs,TEST_OR_GATE,false
scripts/verify-30-q-execution-record.mjs,8526,fa4b0a77f76fcb935ac220a66ec31a54dccba21851b7a2c6b1e7c14811306c9b,.mjs,TEST_OR_GATE,false
scripts/verify-30-q-journal-proof-contract.mjs,14059,6c13d45ed8c3a0dd86a3d093ebfee6494170321fce195bcdbea3056f65a87d9b,.mjs,TEST_OR_GATE,false
scripts/verify-30-q-journal-proof-runtime.mjs,6224,798a4e82b2ef1cdae46c9a85e9645d17a988335cd48aeeee2cbea30fa41172ed,.mjs,TEST_OR_GATE,false
scripts/verify-30-r-archive-core-receipt-fence-contract.mjs,13041,1480a40beecb188a4f3c5011dafe3ac5ca8d1097c796ab349abc967921b2d751,.mjs,TEST_OR_GATE,false
scripts/verify-30-r-archive-core-receipt-fence-runtime.mjs,6233,cd4bab25ec142a901dc609ba0cc85afa8d4b543213fc9b7cf31843083c18405a,.mjs,TEST_OR_GATE,false
scripts/verify-30-r-execution-record.mjs,9326,a3196638a4671307a0a3b3493f5bd7a767181477f2664db807e6ebc7bfe7c729,.mjs,TEST_OR_GATE,false
scripts/verify-30-s-archive-accessory-receipt-fence-contract.mjs,13756,8d498d6a118e9660e431db23482a6e74e82d27dce4a2306a3d5e68ae82287d3c,.mjs,TEST_OR_GATE,false
scripts/verify-30-s-archive-accessory-receipt-fence-runtime.mjs,6333,9ffad90145049a4a25ddb53beec95e67b34c77eca2d2c4e313791c9d4a964f10,.mjs,TEST_OR_GATE,false
scripts/verify-30-s-execution-record.mjs,9355,031c2bfd5ba9c6ffc859383d6efc46506e23d7ecce12ea50348ec5909282c8d6,.mjs,TEST_OR_GATE,false
scripts/verify-30-t-archive-operation-idempotency-contract.mjs,15999,8b05ac2d69759d27ef70b407aebbb375d602a5153d5999925b8294315e83050d,.mjs,TEST_OR_GATE,false
scripts/verify-30-t-archive-operation-idempotency-runtime.mjs,6401,bb411f64221bb7cb0819567ae957dfb33255d8f69a32a4c339014c630a331051,.mjs,TEST_OR_GATE,false
scripts/verify-30-t-execution-record.mjs,9671,0954bdc1ce39c1a97aa087195550049e53bab1db70f515ae9bd377344de1706c,.mjs,TEST_OR_GATE,false
scripts/verify-30-u-execution-record.mjs,10131,11528d59bc4fc060acc419db476758083a19c31cbec60cd0392bd5c0dae0bf3c,.mjs,TEST_OR_GATE,false
scripts/verify-30-u-pending-operation-identity-contract.mjs,17249,2ee5c6edacc8ccfbfc9b78bc05ace2b9e49d0cf3a59d944a9dae13bd0b5fe797,.mjs,TEST_OR_GATE,false
scripts/verify-30-u-pending-operation-identity-runtime.mjs,8418,f9c8cba0ba7a6a3f1ff83d00253031ce903efb6b909d421091699c1f27b7ac6d,.mjs,TEST_OR_GATE,false
scripts/verify-30-u-pending-operation-process-runtime.mjs,6210,e0f4698e9122c42f4b179f765bcc2aa73e0b73e719e3a3b68d68fbce6a717d12,.mjs,TEST_OR_GATE,false
scripts/verify-30-v-execution-record.mjs,9517,a34dd3c8b4e26a5386af36f0dee6121cc788b7b84bc378c0113d6a90b3a8bee9,.mjs,TEST_OR_GATE,false
scripts/verify-30-v-replay-pruning-contract.mjs,13028,28b464519264fdd36bfc857e5065d9d67a8f9805977ed664365b85d25f972a1f,.mjs,TEST_OR_GATE,false
scripts/verify-30-v-replay-pruning-runtime.mjs,6501,731fa05da15f6bc3e197fc0c76bdd19c0b23497afebef988fc609a7fd1d387f7,.mjs,TEST_OR_GATE,false
scripts/verify-30-w-finance-policy-enforcement-contract.mjs,18924,e813aeed6e00ef0f0a3bb1f797a4a4ea8f33888d2678a991886f36f6bfa338b3,.mjs,TEST_OR_GATE,false
scripts/verify-30-x-health-policy-enforcement-contract.mjs,29079,e447e09d7b57fb38722a3294b82644d0cda9875a13496aff48cc891522edae60,.mjs,TEST_OR_GATE,false
scripts/verify-30-y-life-policy-enforcement-contract.mjs,23868,a9507b94bc986bdf8d42e72e05ab6c4ecdf063b76e6348342ce2bb391f947cc4,.mjs,TEST_OR_GATE,false
scripts/verify-30-z-completion-transition.mjs,13932,4607d9440608156a3bc57a555b37cfebfd3fed1c35389cfdb4f969adaea5e04b,.mjs,TEST_OR_GATE,false
scripts/verify-30-z-location-policy-enforcement-contract.mjs,87630,5507c0923ab3d1dbe00b72daa81bbdf0f554a409a4c5de1cc53c441b86e18755,.mjs,TEST_OR_GATE,false
scripts/verify-31-a-completion-transition.mjs,10395,0ac715db46a532d6865171830446f0ccf11e8ce63318d6a8add954646ebae8c6,.mjs,TEST_OR_GATE,false
scripts/verify-31-a-timeline-event-policy-enforcement-contract.mjs,14836,6e4160b35f65122bf67efe7567a5598a000c2d67680c6b8170b136b3ccddc54c,.mjs,TEST_OR_GATE,false
scripts/verify-31-b-completion-transition.mjs,9444,5f7f52e65e1d80d3b35d36bd463afc752ed35d47e2a0f36226a2b452b05c8b74,.mjs,TEST_OR_GATE,false
scripts/verify-31-b-family-data-import-central-authorization-contract.mjs,10754,92273182e946b003e571fb1dbdcef11808f940804c0ac71da194c2d919cb97d6,.mjs,TEST_OR_GATE,false
scripts/verify-31-c-completion-transition.mjs,8230,cbb6d6779f6728ddb3c961d913802ce6c814fda3511be976445b44b9d2f7e3af,.mjs,TEST_OR_GATE,false
scripts/verify-31-c-family-import-multi-policy-receipt-batch-contract.mjs,11707,e4b5b9f0186e070d37f38f3ddfbebc0c7b254e5398f424d2963239c4bf86a8a6,.mjs,TEST_OR_GATE,false
scripts/verify-31-d-completion-transition.mjs,7800,bb4893ce538423cf8a426aa1860253243335cdeab7f74d3e76f49325d6401d7d,.mjs,TEST_OR_GATE,false
scripts/verify-31-d-family-import-reused-location-read-receipt-contract.mjs,11155,ce07d9271c0b26e28d0b5a41e5e49da52001d92e1ee7566939d92fc8f2e9bc7c,.mjs,TEST_OR_GATE,false
scripts/verify-31-e-completion-transition.mjs,4631,586760edc8bd17edbd62ad7f7c5caa25e61f31164b096beca4b637ee9b700ac0,.mjs,TEST_OR_GATE,false
scripts/verify-31-e-user-visible-release-boundary-contract.mjs,7134,fe0ad5751cd4803bbce6f131eb047caacbf03be37ad5184dd87fd35e67bea906,.mjs,TEST_OR_GATE,false
scripts/verify-31-f-completion-transition.mjs,5405,7cce431f933f2e3dff710ab143a38b864fdeb0ab104b58111326d4cefe4d8e96,.mjs,TEST_OR_GATE,false
scripts/verify-31-f-family-import-created-location-linked-event-contract.mjs,11063,7017ceb27307a7500a9abdd2dc308e5100f155b12bb2825e0c1440e003546e28,.mjs,TEST_OR_GATE,false
scripts/verify-31-g-main-structure-completion-transition.mjs,5858,bd126c6a185a6259ab05583736f376353381e460967e4998704ea3890e820df0,.mjs,TEST_OR_GATE,false
scripts/verify-31-g-main-structure-core-service-api-foundation-contract.mjs,10057,52975e02187247f3da417cad9aa6cc09f355f81abd9d8ed1551d792b8410a9e3,.mjs,TEST_OR_GATE,false
scripts/verify-31-h-core-service-family-data-session-ownership-control-plane-contract.mjs,11587,d82a43f8dfc6575a71aebc077986908497e2a45e7f062793461a7c4f1f7abd1c,.mjs,TEST_OR_GATE,false
scripts/verify-31-h-family-data-ownership-completion-transition.mjs,5872,7f1512e7514fea5c978852effe47953f2c34c6477831750e85db0a84c063a327,.mjs,TEST_OR_GATE,false
scripts/verify-31-i-headless-device-secret-protection-boundary-contract.mjs,12132,78fe85619e6db6e759fc87a30ded6cf90c8ed391a6ca6c6e8c572f8ed6f86b30,.mjs,TEST_OR_GATE,false
scripts/verify-31-i-headless-device-secret-protection-completion-transition.mjs,5721,80668de51f1cb1a5e07a0bd4e1636e354e1bd1ec7b4d10bbaf62d6e8f746660f,.mjs,TEST_OR_GATE,false
scripts/verify-31-j-family-data-coexistence-default-deny-cutover-completion-transition.mjs,5940,69e733d1b4a3e4c60caa248bb6f266fe6da9ca572272ac950f1fe782c11f41ef,.mjs,TEST_OR_GATE,false
scripts/verify-31-j-family-data-coexistence-default-deny-cutover-gate-contract.mjs,13709,b7beb61dd091abc1a814315ce6e3b10a2afe89495fa71e2167050cd79c789901,.mjs,TEST_OR_GATE,false
scripts/verify-31-k-monotonic-cutover-readiness-completion-transition.mjs,5758,51a4ea9b3a2d587ada895801511f80033453ddf5ff21b23f7c91e2fe3c3e9b41,.mjs,TEST_OR_GATE,false
scripts/verify-31-k-monotonic-cutover-readiness-evidence-contract.mjs,7635,50a2a778431e49ec1a4963aaf5ed54b0ccb02bacc35791193f6073ab8fef5aaa,.mjs,EVIDENCE,false
scripts/verify-31-l-protected-cutover-readiness-journal-port-completion-transition.mjs,6423,c35481e0f0375bb61c18f598c4e2856b7fe0efeb146508ca3cef1f488eaaee95,.mjs,TEST_OR_GATE,false
scripts/verify-31-l-protected-cutover-readiness-journal-port-contract.mjs,8512,2d0a762b82ba81bd2ccfee86dad910717f03f34b5616ca0e28cd4c030c3fdbcd,.mjs,TEST_OR_GATE,false
scripts/verify-31-l-through-31-s-cutover-foundation.mjs,4054,0b29b213125e4f43d895e4cc2d3c47635b6d7a37a97f5531c3d9454c961416d7,.mjs,TEST_OR_GATE,false
scripts/verify-31-m-signed-cutover-readiness-evidence-verifier-boundary-completion-transition.mjs,6994,89830ec37375fa1c58ded39701d20fd672b6d03e3f7eb6c8827550767a5cfe2c,.mjs,EVIDENCE,false
scripts/verify-31-m-signed-cutover-readiness-evidence-verifier-boundary-contract.mjs,9082,d1e79680e396e2686102ae807b6d6d994574f7cd56f28419abc795c4c0491fb9,.mjs,EVIDENCE,false
scripts/verify-31-n-synthetic-single-writer-proof-harness-completion-transition.mjs,7356,24c945a8dc76deff272e5b507da6d7be9e9afd228be2a4921510110c4ddf0212,.mjs,TEST_OR_GATE,false
scripts/verify-31-n-synthetic-single-writer-proof-harness-contract.mjs,9123,11390cbb356566acd9b537f86e25b503b83cb8223ee6cf23fc5fc8b2dec11096,.mjs,TEST_OR_GATE,false
scripts/verify-31-o-synthetic-key-lifecycle-proof-harness-completion-transition.mjs,7542,e204f413665333986b009e23f9b9a603e0450f043c5f4e433021150f4ea98dbe,.mjs,TEST_OR_GATE,false
scripts/verify-31-o-synthetic-key-lifecycle-proof-harness-contract.mjs,9738,db5c4408e67b13ae86dcbcb4cf86a329f5920d4211ebade059ec5e3c5c88d58d,.mjs,TEST_OR_GATE,false
scripts/verify-31-p-synthetic-rollback-recovery-drill-completion-transition.mjs,7885,a234342e0b6b7a0dd72e80c879103f32629c1ff88aa194394c3beab85fc0c3e6,.mjs,TEST_OR_GATE,false
scripts/verify-31-p-synthetic-rollback-recovery-drill-contract.mjs,9972,a81aa5f62fa5f8eb53af48d2e47377d484eecadd1fa8f2506a3b23ca0e766597,.mjs,TEST_OR_GATE,false
scripts/verify-31-q-end-to-end-security-evidence-aggregator-completion-transition.mjs,6887,9f9051ac7207af0da3c5bfc45e7981af0614a11e6f48782eb8c9326607fe416b,.mjs,EVIDENCE,false
scripts/verify-31-q-end-to-end-security-evidence-aggregator-contract.mjs,10246,8a50ac3f090e75e43c7e423f36d6d3ad3d4bbf773aca531dc60a5212455187e6,.mjs,EVIDENCE,false
scripts/verify-31-r-explicit-user-approval-receipt-boundary-completion-transition.mjs,7281,8f45eb9c965cef9d56efa81be811b2e56182cd229e745be6044f1007bd438cc3,.mjs,TEST_OR_GATE,false
scripts/verify-31-r-explicit-user-approval-receipt-boundary-contract.mjs,11694,30056129e2e60f402728d6630ec35e76d8e9a8250db6ffdca778887d51f72368,.mjs,TEST_OR_GATE,false
scripts/verify-31-s-versioned-cutover-decision-preflight-completion-transition.mjs,7287,f2f49b5919feeaa0bc8bbfff4af9677856cfd871faf1f8755d0ee450b6af7d29,.mjs,TEST_OR_GATE,false
scripts/verify-31-s-versioned-cutover-decision-preflight-contract.mjs,11927,84376c38858d37d2c8a2219185aafb0a74ac6a9455624862483519184384c5a7,.mjs,TEST_OR_GATE,false
scripts/verify-31-t-family-import-governed-rollback-completion-transition.mjs,7058,9381aaf96531f8d38da945789454333fa80deaac0c0308bb28e629f3d4855459,.mjs,TEST_OR_GATE,false
scripts/verify-31-t-family-import-governed-rollback-receipt-fence-contract.mjs,8903,901d633880bb9cf673045f39519367ac5ea8aed50883c87a6adadc55317585d9,.mjs,TEST_OR_GATE,false
scripts/verify-31-u-w-ppk-002-remaining-boundaries-contract.mjs,7692,64bf3fa27a8c49743c7595701ccd048f61e55b5be24b449fcbbb09a7cd83b74d,.mjs,TEST_OR_GATE,false
scripts/verify-31-u-w-ppk-002-remaining-boundaries-runtime.mjs,5120,2f3870b7e5927c5beff2c0ee843b1a97ec9c7e6dd06087a827b113b0d8237c92,.mjs,TEST_OR_GATE,false
scripts/verify-31-x-ppk-002-top-closure-contract.mjs,9211,ee5436ece25559db9a2b48c2b2b9821bb035b5819096703e68e413561e401d43,.mjs,TEST_OR_GATE,false
scripts/verify-31-x-ppk-002-top-closure-runtime.mjs,3302,02671f644f59c23a26f5d758800013d3b887745e3f500bdea69c5d2fd2c62843,.mjs,TEST_OR_GATE,false
scripts/verify-31-y-ppk-003-default-deny-availability-contract.mjs,6753,4707a8a19446cd38e67798ebbc79ca8b7e89e1fef88ec29213d2302dc177f9fb,.mjs,TEST_OR_GATE,false
scripts/verify-31-y-ppk-003-default-deny-availability-runtime.mjs,3610,5c64dfab5a0d647eabf43cc37b711d577fc31dfd1cf1413ab9525d7381bb17f5,.mjs,TEST_OR_GATE,false
scripts/verify-31-z-ppk-004-complete-policy-context-binding-contract.mjs,9268,210199b22c3e4ca749dac57edec7e6f1f0684ee2e675e57bd7f47daf543991ca,.mjs,TEST_OR_GATE,false
scripts/verify-31-z-ppk-004-complete-policy-context-binding-runtime.mjs,4321,5cd120c7ed25be8db87783cde872207efeeffb09fb9b3a007f468517aaaafca7,.mjs,TEST_OR_GATE,false
scripts/verify-32-a-ppk-005-complete-data-classification-contract.mjs,9270,01979f1dc97e661934ee3cc2aa036a3a490800b2948b73b4d58cf72b74ff46b2,.mjs,TEST_OR_GATE,false
scripts/verify-32-a-ppk-005-complete-data-classification-runtime.mjs,4549,20ca04a0d25298cb9e03e4e1e8cbeea99e3ea1de73eeeab608f17257c7a78f83,.mjs,TEST_OR_GATE,false
scripts/verify-32-b-ppk-006-complete-policy-obligation-suite-contract.mjs,9779,0fbcd703c3825855ae9bb6b526df61d363e0ad308b986eec9594d9fa0c9300c9,.mjs,TEST_OR_GATE,false
scripts/verify-32-b-ppk-006-complete-policy-obligation-suite-runtime.mjs,4500,4f21738ceb9f19127897924df9931bff5db4455ef8f354e48fd89a4cbcd7bc75,.mjs,TEST_OR_GATE,false
scripts/verify-32-c-ppk-007-signed-versioned-policy-package-contract.mjs,9573,9f410018bd5c0fe7c84cf091cfbd11c457f29e44d9d4a01726f303158e503f6b,.mjs,TEST_OR_GATE,false
scripts/verify-32-c-ppk-007-signed-versioned-policy-package-runtime.mjs,4819,eab3bf2694444fc2f6e3e56f0233df3391106df9d7085234fc78b574e2b453b2,.mjs,TEST_OR_GATE,false
scripts/verify-32-d-ppk-008-application-identity-device-certificate-manifest-contract.mjs,10329,e689a47aa7d9e2f60dc8f48faaceaacb16a2d3cd5cda3d273a4597971d5da9fd,.mjs,TEST_OR_GATE,false
scripts/verify-32-d-ppk-008-application-identity-device-certificate-manifest-runtime.mjs,4934,b38286b7a06288cbcf025d0f8b1246cf6096b0ecd359784185779966096c3e85,.mjs,TEST_OR_GATE,false
scripts/verify-32-e-ppk-009-core-service-policy-reevaluation-contract.mjs,8318,11b22c979347bd4a6e1fab7477e34d9b3ad20ffbb4ddccfc4a9a0b45b4bd852b,.mjs,TEST_OR_GATE,false
scripts/verify-32-e-ppk-009-core-service-policy-reevaluation-runtime.mjs,4516,ea95f3a530517bc36498bfd753cdf2ac38067eb9f927563fcde2182020470dce,.mjs,TEST_OR_GATE,false
scripts/verify-32-f-ppk-010-central-policy-zero-exception-contract.mjs,9262,de2769138ab2d9bbe2552819936c7058fc4c76f80853a1f22e4a376e9b3f89f3,.mjs,TEST_OR_GATE,false
scripts/verify-32-f-ppk-010-central-policy-zero-exception-runtime.mjs,4623,b781ada4af284baa2271565135e87fcd22fbb97a8c77f7ffdc05469b9bb34c78,.mjs,TEST_OR_GATE,false
scripts/verify-32-g-ppk-011-contextual-ownership-policy-contract.mjs,8843,c180db222def97a00bb1156fe3c64a00a5745c800d1bf47bd2844bca67738929,.mjs,TEST_OR_GATE,false
scripts/verify-32-g-ppk-011-contextual-ownership-policy-runtime.mjs,4952,4fe81c57b17de62f56c645292768974ebdcc49db92d876499e81fb77a54bdb9f,.mjs,TEST_OR_GATE,false
scripts/verify-32-h-ppk-012-offline-capability-lease-contract.mjs,9480,43d53c41701df06b2809d4890e906cb5ef6272347a97616a890a40953ae8dfa7,.mjs,TEST_OR_GATE,false
scripts/verify-32-h-ppk-012-offline-capability-lease-runtime.mjs,5152,e908c806f4ce6fbe333f7bf1c319085741467e6380bc4b9ec97694c46df1acb3,.mjs,TEST_OR_GATE,false
scripts/verify-32-i-ppk-013-client-data-access-contract.mjs,11598,c6e80f904ac098630298754f8cafd7663325a74eac2f9685c132ff8e8b7900fd,.mjs,TEST_OR_GATE,false
scripts/verify-32-i-ppk-013-client-data-access-runtime.mjs,5725,e0e6261b104baf1b6c8a00aabacb14848cfef7aef8ead5d60828bb3ad16c6094,.mjs,TEST_OR_GATE,false
scripts/verify-32-j-ppk-014-versioned-core-service-api-contract.mjs,15031,5fe65aa6b7e8d1a1ea343c053620a7dfc643dd0d6a29a8d4ebc74499ea7f4f58,.mjs,TEST_OR_GATE,false
scripts/verify-32-j-ppk-014-versioned-core-service-api-runtime.mjs,6270,f137ab09b4aeaeb5ffab498a17397ddcb90fe2e3679dc8c96858aea3549cb11d,.mjs,TEST_OR_GATE,false
scripts/verify-32-k-ppk-015-network-egress-contract.mjs,16484,a1d436f8f3411b1345f88c8eefd8e60cd963e5fe59f064436618784d4ea993da,.mjs,TEST_OR_GATE,false
scripts/verify-32-k-ppk-015-network-egress-runtime.mjs,4340,cb21a7e26efa811ca6cdc70a07ccf29ee05dd06df5814d0b03441b86014acfd2,.mjs,TEST_OR_GATE,false
scripts/verify-32-l-ppk-016-derived-data-policy-inheritance-contract.mjs,53860,7b2da9a3daa3407dedd248a7959a165dbed54b65a561bc40a056fc95a27b2b11,.mjs,TEST_OR_GATE,false
scripts/verify-32-l-ppk-016-derived-data-policy-inheritance-runtime.mjs,9956,a4a663f410a5816927004592460102acc996166223fbfeedf89b130202d31f0c,.mjs,TEST_OR_GATE,false
scripts/verify-32-m-ppk-017-sensitive-log-policy-contract.mjs,21137,cdcf2e9d9275965a1f6bbe3f972c0fc4a729f46aadc48dc6ccf83da2af8c2d9a,.mjs,TEST_OR_GATE,false
scripts/verify-32-m-ppk-017-sensitive-log-policy-runtime.mjs,7902,b75fbb99acae73726c19d8b9006240b6f180288771e4b7769055c1363719267c,.mjs,TEST_OR_GATE,false
scripts/verify-32-n-ppk-018-immutable-policy-decision-audit-contract.mjs,18845,82cb993cee18e6f7dab745787fb3e4f1cc327eae483b6c8841f7489d91b5c060,.mjs,TEST_OR_GATE,false
scripts/verify-32-n-ppk-018-immutable-policy-decision-audit-runtime.mjs,8261,b28b5de3c7a8d8f708e91cf1e098257725f7e5e448fca04309255c1d485e81be,.mjs,TEST_OR_GATE,false
scripts/verify-32-o-ppk-019-source-deletion-propagation-contract.mjs,31880,a82778243419eda9102f10503711ca81d92984000bc0fbe196e018cde3cee4b7,.mjs,TEST_OR_GATE,false
scripts/verify-32-o-ppk-019-source-deletion-propagation-runtime.mjs,9485,04dfa1ef0bf80a2fbcf26f3f0955e36a105a6f305d9e789254b63f2985ea2305,.mjs,TEST_OR_GATE,false
scripts/verify-32-p-ppk-020-policy-conformance-suite-contract.mjs,18562,9d4f686942e89144f9d4758bfce0d4f377d49260ef5ee5cb512898dd59123a63,.mjs,TEST_OR_GATE,false
scripts/verify-32-p-ppk-020-policy-conformance-suite-runtime.mjs,9081,d350e9f6afe98769486e576b15507e54d5d896abbcdf23bfe0c23904d7a40589,.mjs,TEST_OR_GATE,false
scripts/verify-32-q-ppk-021-platform-policy-ast-gate-contract.mjs,21050,488d384753cd68bc99757ce1eb94dc92d4c79aba7b6aca6eca2fa46daa698020,.mjs,TEST_OR_GATE,false
scripts/verify-32-q-ppk-021-platform-policy-ast-gate-runtime.mjs,9676,bd0851a5f902e947d6a5c05d380616983e1b0f3c9578e58aa042b73df14c668a,.mjs,TEST_OR_GATE,false
scripts/verify-32-r-ppk-022-capability-manifest-gate-contract.mjs,30832,54474d229e378f7ab87d8043be1081801981459b31a85fa2e87e83de78433fcf,.mjs,TEST_OR_GATE,false
scripts/verify-32-r-ppk-022-capability-manifest-gate-runtime.mjs,10399,0ac41a47494a4602e2947a91e8c7147add5cacca2a2874ea0d31bfc7af02ad85,.mjs,TEST_OR_GATE,false
scripts/verify-32-s-ppk-023-application-security-profile-contract.mjs,21327,8e5196a7b747a7b341a27b03a89c7a738c2af7c109e7fc9c4ae6b9f83702422e,.mjs,TEST_OR_GATE,false
scripts/verify-32-s-ppk-023-application-security-profile-runtime.mjs,10339,1526d25c8368f627c8996a83b4883c338ba3c29b708120beccf440b5b76f8206,.mjs,TEST_OR_GATE,false
scripts/verify-32-t-ppk-024-policy-service-availability-contract.mjs,24661,3aa85d8507c0adba4863287d266e6e67e15e95a108103e0e0d783e0f7eb7d270,.mjs,TEST_OR_GATE,false
scripts/verify-32-t-ppk-024-policy-service-availability-runtime.mjs,15881,c4179fd9d85954e4c1dd356ceb67e5309e72ee4b053d6507739407b9ca0232a1,.mjs,TEST_OR_GATE,false
scripts/verify-32-u-ppk-025-software-supply-chain-contract.mjs,43972,9d921a1a0f87773010a3c58ba39bf7abf1fa6ffba81a32e5f399ccf9c818d1fa,.mjs,TEST_OR_GATE,false
scripts/verify-32-u-ppk-025-software-supply-chain-runtime.mjs,13652,2ac327083e54b1774d31dcdd3be06210f16e28f34910adef0ee19ea2f58456ea,.mjs,TEST_OR_GATE,false
scripts/verify-32-v-ppk-026-typed-policy-sdk-contract.mjs,15956,b68f637ec54e2b2462fc1fa336c73c159d096ca1c91a17830429ad2fc5f99271,.mjs,TEST_OR_GATE,false
scripts/verify-32-v-ppk-026-typed-policy-sdk-runtime.mjs,3898,1c99f7d7c1e7a05d7f3587075cc938488a543aa8c9e955b77b9f5bb358665d88,.mjs,TEST_OR_GATE,false
scripts/verify-32-w-b0-03-b0-04-product-surface-governance-contract.mjs,14001,5a9f998a42bd6ab738dbb95f702d572edb00520e1d5a4752d5c14444469cb2a7,.mjs,TEST_OR_GATE,false
scripts/verify-32-w-b0-03-b0-04-product-surface-governance-runtime.mjs,3685,3dc192e587ee48620ea67e109e1c293958b0e208c6a397037be222ca79bb2aa5,.mjs,TEST_OR_GATE,false
scripts/verify-32-x-b2-03-b2-04-desktop-security-contract.mjs,17847,47813b8f48e94187e8a9b0fa889874fb062e625b8a0cd3e9bfb3c8474d991609,.mjs,TEST_OR_GATE,false
scripts/verify-32-x-b2-03-b2-04-desktop-security-runtime.mjs,4107,369def8dfb85fe03b10e75924d20125932dfbf382abaca37ae58d1bc26528e8c,.mjs,TEST_OR_GATE,false
scripts/verify-32-y-b2-05-b6-03-sensitive-data-consent-contract.mjs,12455,789a4bdf5784127e4f8782b9caacd2824c4399b826482297a56599729b2117f2,.mjs,TEST_OR_GATE,false
scripts/verify-32-y-b2-05-b6-03-sensitive-data-consent-runtime.mjs,4540,c0361fddca7ec916ca127e6590e6db852930b3002895a7ada179b66ee9a4cf34,.mjs,TEST_OR_GATE,false
scripts/verify-32-z-b4-banking-foundation-contract.mjs,6643,2d6cbbc44e53c252a420277a3a63d4a2997ba683e9b0307ea52baf9d90f22840,.mjs,TEST_OR_GATE,false
scripts/verify-32-z-b4-banking-foundation-runtime.mjs,4443,dfc627a7b591b97591e8fe97c24ae8fde7b121fb445020f5fbff9ef5b00095ab,.mjs,TEST_OR_GATE,false
scripts/verify-33-a-b4-payment-card-management-contract.mjs,7250,9df533e2b7a51d77cbe0d0ce440e38e1ab3d5476e1631839c108006f5101f39a,.mjs,TEST_OR_GATE,false
scripts/verify-33-a-b4-payment-card-management-runtime.mjs,4421,df2be87fbfb5fcefd764fda5209b558068b5c0fb5dba103ef424a39cb349c766,.mjs,TEST_OR_GATE,false
scripts/verify-33-b-b4-loan-management-contract.mjs,7262,572e8030b0df2f1928e13543c5571f21d3c06b2284a313e1f5f0fcca0ac327eb,.mjs,TEST_OR_GATE,false
scripts/verify-33-b-b4-loan-management-runtime.mjs,4445,06b55bcf4d954a96bd9efa0ce517ffd428d80dfeb186f9aa0f4d5707bb55c34f,.mjs,TEST_OR_GATE,false
scripts/verify-33-c-b4-finance-planning-portfolio-analytics-contract.mjs,8680,18091ad07668fd3c1213d94a3fca27342a9f644b28d149c7c577cc4d09aaf3c1,.mjs,TEST_OR_GATE,false
scripts/verify-33-c-b4-finance-planning-portfolio-analytics-runtime.mjs,4787,d765e0877bfb669517f872c424702091bf04746a8e2bf4bd440becba1b6cb51e,.mjs,TEST_OR_GATE,false
scripts/verify-33-d-b4-controlled-import-open-banking-contract.mjs,9627,6e78b6027fedcfae09a4b3024cc0cc6326f824169cc0869cb24af01717b7fc81,.mjs,TEST_OR_GATE,false
scripts/verify-33-d-b4-controlled-import-open-banking-runtime.mjs,5383,2cf25c22974f686a2e87f1aa83a1c69d08a8f57701f1a022ee057776dd69c316,.mjs,TEST_OR_GATE,false
scripts/verify-33-d-controlled-import-open-banking-completion.mjs,9006,c33c8cea589f289741578264e619614ade2115a7788204197145833370fcb6a5,.mjs,TEST_OR_GATE,false
scripts/verify-33-e-b5-category-life-home-vehicle-completion.mjs,10096,6a265b4a68c4d053fe4a7a6521b6304098e4892f1618ce8a604e10625e5cd7f8,.mjs,TEST_OR_GATE,false
scripts/verify-33-e-b5-category-life-home-vehicle-contract.mjs,8714,99690a9d22ba685a812ff38957ef1a6f203bda43b915c4920e23a7818229269d,.mjs,TEST_OR_GATE,false
scripts/verify-33-e-b5-category-life-home-vehicle-runtime.mjs,5456,89487c43e4a14de419a82ad63203766560e36e0221578991a1b08f778ddc9896,.mjs,TEST_OR_GATE,false
scripts/verify-33-f-home-inventory-utility-belongings-completion.mjs,10307,229b9b23842c7c42d920aec8d3166ca7e9c62c523667d0427083050fb491a9d6,.mjs,TEST_OR_GATE,false
scripts/verify-33-f-home-inventory-utility-belongings-contract.mjs,9268,aea3f40cc1ef42be0f79001178a853ceb231d0c398ed03b20c3fa305e2698ca6,.mjs,TEST_OR_GATE,false
scripts/verify-33-f-home-inventory-utility-belongings-runtime.mjs,5776,be05d1b80eb00b5347ae32df1b8286454c178f606b72527844453def1704e9ed,.mjs,TEST_OR_GATE,false
scripts/verify-33-g-family-emergency-planning-completion.mjs,21582,6311f064e6e573e8e0d970358639e0d8938e700bc69a3f9df591c19ce64a7fc0,.mjs,TEST_OR_GATE,false
scripts/verify-33-g-family-emergency-planning-contract.mjs,9282,ce4c53875d905b51ccde2263deca7402f364d7c9d44527dae16261ce004bb3d7,.mjs,TEST_OR_GATE,false
scripts/verify-33-g-family-emergency-planning-runtime.mjs,5822,abaca5b3c0e66dc068fcb4fc59a1b20b5f4a2fb9f755363dfeaaade2d136eca5,.mjs,TEST_OR_GATE,false
scripts/verify-33-h-family-emergency-preparedness-completion.mjs,24545,7d82a70833883b914c58a799b70f91f7c534a76cd74f1918bb2f50f25c2f045e,.mjs,TEST_OR_GATE,false
scripts/verify-33-h-family-emergency-preparedness-contract.mjs,9451,ed6e42e1bc4059d253dae6a41705ef6606c087f31ece8afbb8fd64794d07d6d9,.mjs,TEST_OR_GATE,false
scripts/verify-33-h-family-emergency-preparedness-runtime.mjs,5921,304c34e3113e95a4dacbf9100ebff0b1b190cc0bf93eac9defed27047e8bdab2,.mjs,TEST_OR_GATE,false
scripts/verify-33-i-family-emergency-assistance-card-completion.mjs,24724,aa2d1cd639a2d5aa94feaf5cc0e85202d04868eeca05b7e490938281dc2361ce,.mjs,TEST_OR_GATE,false
scripts/verify-33-i-family-emergency-assistance-card-contract.mjs,9296,57018abdec26c060117ff5344576ec0ef8a78506246d3064909fa36e220c9544,.mjs,TEST_OR_GATE,false
scripts/verify-33-i-family-emergency-assistance-card-runtime.mjs,6016,7f9fb4c61556c5bd2f78f5eedfec3cd49d74cee938be9d4149a7dedae9719305,.mjs,TEST_OR_GATE,false
scripts/verify-33-j-family-emergency-card-portability-completion.mjs,25185,a92dec7458b1a4a3256b68413558a2eb73fe3b57e1cd2c9d158c7de126e5c8c2,.mjs,TEST_OR_GATE,false
scripts/verify-33-j-family-emergency-card-portability-contract.mjs,11045,b033f3b027ba2ab318f1d66efaecf7f079740c039f1c986b701a675bb101cf16,.mjs,TEST_OR_GATE,false
scripts/verify-33-j-family-emergency-card-portability-runtime.mjs,6382,396645a90d6978af8b255995f6b33db52f666f6396e368b9a683f11c00cbecac,.mjs,TEST_OR_GATE,false
scripts/verify-33-k-privacy-consent-lost-device-control-completion.mjs,24919,b33b54f17e16d4b34960c07a42eb1733c992bd8c341d87b00d42a716719860dc,.mjs,TEST_OR_GATE,false
scripts/verify-33-k-privacy-consent-lost-device-control-contract.mjs,6709,aa7c1a08736fb16dbc76a6beb29accfe8f45801528c6c5bdf784b994fa8f3b8b,.mjs,TEST_OR_GATE,false
scripts/verify-33-k-privacy-consent-lost-device-control-runtime.mjs,4455,ebca0534cc48a2ead25ab8821fa8a33bbd5a26cb6cc3969b20d2eca6afd99f18,.mjs,TEST_OR_GATE,false
scripts/verify-33-l-long-term-portfolio-completion.mjs,16648,03f2f53b70a42267591975ac5ac3bc6cfa057ebe9de9b91a0496e44aee5474e1,.mjs,TEST_OR_GATE,false
scripts/verify-33-l-long-term-portfolio-contract.mjs,6841,fcb3790db8fe067caa5f3e3b46b8df1461a0c34f0e76bcadb5b1b4cb76885091,.mjs,TEST_OR_GATE,false
scripts/verify-33-l-long-term-portfolio-runtime.mjs,4271,05d5ab1a10e604e2789a8211dea18d027353bab1e64da38d7d094c2fb00b25dd,.mjs,TEST_OR_GATE,false
scripts/verify-33-m-accessibility-boundary.mjs,8053,3e715fe1c45392f2fafe89d2aec10e7a0732347370e1844f2519fcfadfa374ca,.mjs,TEST_OR_GATE,false
scripts/verify-33-m-accessibility-completion.mjs,15480,21e0e15f2980e3aefd8069b3cf1cbe292d46e093375438ce93b08cd86d27a7b4,.mjs,TEST_OR_GATE,false
scripts/verify-33-m-accessibility-contract.mjs,5525,0dee1ffa60619a22bdd2d494521f2cefdc428ed1db94c072fa16d95eedcca3d1,.mjs,TEST_OR_GATE,false
scripts/verify-33-m-accessibility-runtime.mjs,3560,287dfb6cfd3642ec5094fb1e2fcda7e5982046851e04d845224ca8985b166ded,.mjs,TEST_OR_GATE,false
scripts/verify-33-n-b7-15-route-async-state-governance.mjs,3419,669bd191529bd1065aa21d96d1e22699eefa78941dd583241617f7b8eacb4017,.mjs,TEST_OR_GATE,false
scripts/verify-33-n-draft-async-state-ux-boundary.mjs,10094,0a09dd732dbd4036687e1431a7bb0427979b23b0b944e1d627edd90493584e82,.mjs,TEST_OR_GATE,false
scripts/verify-33-n-draft-async-state-ux-completion.mjs,17839,94d5f302a6a227837bb80c08d5c50bc2cc806b7aa13e5424d26050591bb5eb21,.mjs,TEST_OR_GATE,false
scripts/verify-33-n-draft-async-state-ux-contract.mjs,6932,8b0787effcffddeae2db038c7856a41d80e025460491a7dded4f5bfa5ffa92dd,.mjs,TEST_OR_GATE,false
scripts/verify-33-n-draft-async-state-ux-runtime.mjs,4872,b38c7dab714bc2663b03af076de9ebbe4a98b3092046795b7724062f8db05d02,.mjs,TEST_OR_GATE,false
scripts/verify-33-o-privacy-ownership-data-rights-incident-control-boundary.mjs,9259,9da0693dfc9dff8000b82bc3fba5ef3d2995ffa21ffec667293488c6843a9699,.mjs,TEST_OR_GATE,false
scripts/verify-33-o-privacy-ownership-data-rights-incident-control-completion.mjs,19566,6f2105afff4fdfa37e90b7fd40645fceecf9dfa405ef4623e3e3b42ba5904d67,.mjs,TEST_OR_GATE,false
scripts/verify-33-o-privacy-ownership-data-rights-incident-control-contract.mjs,6398,1a5f33e32ce0340ca4eb6a2cb47f5699fb4183881f6bec8d181988fd9a1e3613,.mjs,TEST_OR_GATE,false
scripts/verify-33-o-privacy-ownership-data-rights-incident-control-runtime.mjs,7946,5613d44649c9395656bb2d803f29e997f39c043c2e9c66d8a821fdbfd2678c9a,.mjs,TEST_OR_GATE,false
scripts/verify-33-p-identity-access-external-evidence-intake-runtime.mjs,12458,c1f572ca8c51dc059b8830bc4bfd9d49a808c4d231be0706304cc47a8edf3f81,.mjs,EVIDENCE,false
scripts/verify-33-p-identity-access-external-evidence-intake.mjs,6286,d87dbfae5106f0f5ef79c7e4285128383b856024d335d016d79457b814260cc8,.mjs,EVIDENCE,false
scripts/verify-33-p-identity-access-finalization-state-machine-runtime.mjs,12783,15e9471c97b465180f94bc1f496f65a121fb799c01effb99cd7ec80602918220,.mjs,TEST_OR_GATE,false
scripts/verify-33-p-identity-access-preparation-state-machine-runtime.mjs,9122,807f2a5ff79dba42013064a98ae5b628716b432ae6bff1eb49e39c47035fee22,.mjs,TEST_OR_GATE,false
scripts/verify-33-p-passkeys-federated-identity-verifiable-temporary-credentials-boundary.mjs,24555,1a7d60f54f7b45de2c890d35c6065f04ce160c126a16e224f4935f117850db9c,.mjs,TEST_OR_GATE,false
scripts/verify-33-p-passkeys-federated-identity-verifiable-temporary-credentials-completion.mjs,25394,ad7c10c1070dfddd1e10768d287e49df9ffa6369cccfdd62968a9582cccb405e,.mjs,TEST_OR_GATE,false
scripts/verify-33-p-passkeys-federated-identity-verifiable-temporary-credentials-contract.mjs,26303,55b9abb297bbc2d9da1e505ca9d106ab7d613a24f5b20ccb401283012d0d9fc0,.mjs,TEST_OR_GATE,false
scripts/verify-33-p-passkeys-federated-identity-verifiable-temporary-credentials-runtime.mjs,30856,afffb87995369976277f1967eb0e6a2a84914b903a081e9f290eb5c28f2d90a6,.mjs,TEST_OR_GATE,false
scripts/verify-33-q-local-governed-ocr-derived-data-pipeline-boundary.mjs,16380,71ecc6fa5386c47ad82222e7560c1403763c04a08e07e92cf00d1e28a7ed1f19,.mjs,TEST_OR_GATE,false
scripts/verify-33-q-local-governed-ocr-derived-data-pipeline-contract.mjs,24282,407c0a8e4940ba9617963f9464398d15c951f9f0ef0a3143e7451435a70a0634,.mjs,TEST_OR_GATE,false
scripts/verify-33-q-local-governed-ocr-derived-data-pipeline-runtime.mjs,14874,b88526a789b5b0aec9f0c341ce66538c5ed42a3a16edb581a86c18b1f0713186,.mjs,TEST_OR_GATE,false
scripts/verify-33-r-archive-evidence-relations-media-lifecycle-unified-authorized-search-boundary.mjs,6434,93819d5735710700fb3ad1d9afb503f6fd0c23f34b812053f58921343a5c5470,.mjs,EVIDENCE,false
scripts/verify-33-r-archive-evidence-relations-media-lifecycle-unified-authorized-search-contract.mjs,9399,45bfe91b2a86137acf00d1f6799d7ab0ea34531a502dfd0dc14e12c52002ba20,.mjs,EVIDENCE,false
scripts/verify-33-r-archive-evidence-relations-media-lifecycle-unified-authorized-search-runtime.mjs,8444,1a8ba63bf7f115222bfbd8bd5a3cc9858d1d479cf0f8f760f5ce2dfdc76dabe7,.mjs,EVIDENCE,false
scripts/verify-33-s-health-care-coordination-elderly-support-ledger-boundary.mjs,6121,88720496c51e190cf48a1b9293d14d531c376271a2c1ee7e4870a3e527ff0129,.mjs,TEST_OR_GATE,false
scripts/verify-33-s-health-care-coordination-elderly-support-ledger-contract.mjs,8253,863400fff69d7956833f13e56c849919002e4efa4229e1e2ede03ff28b55a0d2,.mjs,TEST_OR_GATE,false
scripts/verify-33-s-health-care-coordination-elderly-support-ledger-runtime.mjs,8169,dd3b835da7833f5c2f660406f8956211e5590e86fa0922090424f14950899ba5,.mjs,TEST_OR_GATE,false
scripts/verify-33-t-household-operations-center-boundary.mjs,5709,aa2c09bc26d26ab112c856f51425395e962b6a76e3bd22327e73aaf918dfabec,.mjs,TEST_OR_GATE,false
scripts/verify-33-t-household-operations-center-contract.mjs,7631,3e9f61fe3056190d64e254a0674a794ab139f45834211d075c86c5d7d86e7dbd,.mjs,TEST_OR_GATE,false
scripts/verify-33-t-household-operations-center-runtime.mjs,7867,f9e247605e82f4f795bc759962a82e765b70f95da59e94623a209b9ec1216665,.mjs,TEST_OR_GATE,false
scripts/verify-33-u-child-education-coordination-boundary.mjs,6006,4eb886943a70ace8df5851cca37efa156b69e01800b8211f950c6ac0d67990e9,.mjs,TEST_OR_GATE,false
scripts/verify-33-u-child-education-coordination-contract.mjs,8146,c89e90e5c246bc2af831b0aa018a4992c4ed5c72c4c31b87b3cf8c8237683cfc,.mjs,TEST_OR_GATE,false
scripts/verify-33-u-child-education-coordination-runtime.mjs,7997,f2d65ce1934ec3ccaaab89d9e1a2863c2398a2f965fc0165ae93fd2e6cc494b1,.mjs,TEST_OR_GATE,false
scripts/verify-33-v-places-travel-asset-pet-boundary.mjs,5543,167f2e81cc05485084fa11f497844ad9ea3c3c529902e70623974a655e36eb1e,.mjs,TEST_OR_GATE,false
scripts/verify-33-v-places-travel-asset-pet-contract.mjs,6366,002de34b24aef245e49bc6dd4be3f91319927eb17b26f08c996835b7af9a8158,.mjs,TEST_OR_GATE,false
scripts/verify-33-v-places-travel-asset-pet-runtime.mjs,6459,1330d1851b6604442de2dca6921793e6d4d86a5d6fd8955e55a8c9bf5314e545,.mjs,TEST_OR_GATE,false
scripts/verify-33-w-consent-bound-family-ai-assistant-boundary.mjs,6743,8d06174bc933fa94633610fbfe6a296f6d5b55a3ebfd50e6417a7c2a85afe373,.mjs,TEST_OR_GATE,false
scripts/verify-33-w-consent-bound-family-ai-assistant-contract.mjs,7220,72624a691ab2ddc0458ea305c6437d809d727090a02f15965fcf64ace95f22f7,.mjs,TEST_OR_GATE,false
scripts/verify-33-w-consent-bound-family-ai-assistant-runtime.mjs,6837,dbb5109f027f54e7c1d27401db28e3d37208ea29e401c4b06c0e9cd0e4d0e59a,.mjs,TEST_OR_GATE,false
scripts/verify-33-x-memory-studio-time-capsule-boundary.mjs,7357,80884aa7e3719e4c0640b0b581d0529c89a653d6abbc876dc85c20178b7c202a,.mjs,TEST_OR_GATE,false
scripts/verify-33-x-memory-studio-time-capsule-contract.mjs,7157,772c9bca2f9bc7d160e2e4cbb2ff11404fd7d77474300d0b1de18b8ce979d642,.mjs,TEST_OR_GATE,false
scripts/verify-33-x-memory-studio-time-capsule-runtime.mjs,7068,24915c97999dcc3dac45785872ac8a93c19ce690a0f6651fee187008a50059d8,.mjs,TEST_OR_GATE,false
scripts/verify-33-y-local-first-smart-home-energy-boundary.mjs,6736,bb9336492937805276c1d79d65b2e539e35a122474c8157538f913462e8121c8,.mjs,TEST_OR_GATE,false
scripts/verify-33-y-local-first-smart-home-energy-contract.mjs,6962,a6a5c66e329694661fc761c4a53f62f3c7e4cabe42306b88cba80b60dfcd388a,.mjs,TEST_OR_GATE,false
scripts/verify-33-y-local-first-smart-home-energy-runtime.mjs,7325,39fafad472169aee45f31fe7320b04820d3ea3d190a1e28b8815e8a519464fc5,.mjs,TEST_OR_GATE,false
scripts/verify-33-z-signed-plugin-external-provider-platform-boundary.mjs,7602,05f20cfcccb044c2eadc15a8c8e7f9769b93977722c05f72fcd7499b998964a7,.mjs,TEST_OR_GATE,false
scripts/verify-33-z-signed-plugin-external-provider-platform-contract.mjs,8783,ad9a71ffdd634f58ab0ea2225665ce642f4b16226629e425b09808ec04b84dbb,.mjs,TEST_OR_GATE,false
scripts/verify-33-z-signed-plugin-external-provider-platform-runtime.mjs,8185,cc12088d31227770208d26b39e646b9bfdbe85958837901b01a06b7732b548a7,.mjs,TEST_OR_GATE,false
scripts/verify-34-a-communication-policy-mls-foundation-boundary.mjs,9404,0f0602b43d7af2e3af3644ed249403d3128874c2520699954377eafbb6cecd05,.mjs,TEST_OR_GATE,false
scripts/verify-34-a-communication-policy-mls-foundation-contract.mjs,10795,7a107804516aeee2a2bf70b0b3a54655f13179ad39fac317c89a8ae32a5457e3,.mjs,TEST_OR_GATE,false
scripts/verify-34-a-communication-policy-mls-foundation-runtime.mjs,8186,7394bf9085e587a3c220bea254876cc6a12353e520ead2e689a2a76bcd00908d,.mjs,TEST_OR_GATE,false
scripts/verify-34-b-communication-messaging-lifecycle-privacy-presence-boundary.mjs,9157,b372bc5899a63bc2eaf6bd085fd9e9e9b44bd64d69dd0247f4f3b1ec32ce56f1,.mjs,TEST_OR_GATE,false
scripts/verify-34-b-communication-messaging-lifecycle-privacy-presence-contract.mjs,7913,bcccf348859918c7ff094001baed17c65f364500cf8712480c38d8c79f1e0397,.mjs,TEST_OR_GATE,false
scripts/verify-34-b-communication-messaging-lifecycle-privacy-presence-runtime.mjs,3183,d8410d1b145163518a96e7bb23527b6ade06b53a4cf259dc955342d339101557,.mjs,TEST_OR_GATE,false
scripts/verify-34-c-realtime-calling-media-accessible-ux-boundary.mjs,8585,092aa3814e6a3646c58cf020c65013928b36325682b9c404c5ce528d67864fc0,.mjs,TEST_OR_GATE,false
scripts/verify-34-c-realtime-calling-media-accessible-ux-contract.mjs,8176,424ef9c00e33c9f1763ae6516491834e5adef1bf754889f4e3a19aa7c09b63ce,.mjs,TEST_OR_GATE,false
scripts/verify-34-c-realtime-calling-media-accessible-ux-runtime.mjs,3227,77cd44edf47163fd6854c5a326c43641ddf8e084bf2678553cacc5d3f1410505,.mjs,TEST_OR_GATE,false
scripts/verify-34-d-explicit-consent-recording-media-retention-boundary.mjs,7433,c286352c276e9b1b39d59f130abb34755a47773422521650b2b36c07f3412dcb,.mjs,TEST_OR_GATE,false
scripts/verify-34-d-explicit-consent-recording-media-retention-contract.mjs,8020,02874673463f067b8c9d26e1ab1d8e31c44dfa75d88a1f15f2d899973cff002f,.mjs,TEST_OR_GATE,false
scripts/verify-34-d-explicit-consent-recording-media-retention-runtime.mjs,3245,f2524a05123ae635f7d04e8824e9adf7bbdb2ebe4acf36228a1d2807dbcbd1f8,.mjs,TEST_OR_GATE,false
scripts/verify-34-e-local-first-translation-caption-language-provider-boundary.mjs,7357,324a70599c5e838a9a48e461cebf596241cca2066d0dab431cc51c827134dc7d,.mjs,TEST_OR_GATE,false
scripts/verify-34-e-local-first-translation-caption-language-provider-contract.mjs,7826,4126eddd254f252a0e10ce0a7d8be166e93bc2fa1657af20e58e418f4b035d1f,.mjs,TEST_OR_GATE,false
scripts/verify-34-e-local-first-translation-caption-language-provider-runtime.mjs,3362,b4ef7065fc855992f093d0aeef618135ec086f70e173968cff3b7d87df5e348f,.mjs,TEST_OR_GATE,false
scripts/verify-34-f-family-meetings-decisions-consent-minutes-boundary.mjs,7493,126fa25dc3c43da2daccba7dd2bbae898646f6385544da1c889055db3567b5f3,.mjs,TEST_OR_GATE,false
scripts/verify-34-f-family-meetings-decisions-consent-minutes-contract.mjs,8237,c9bacb861004ffe799de461954e77a8cece3f602ccc0378b06d26f34df8809b8,.mjs,TEST_OR_GATE,false
scripts/verify-34-f-family-meetings-decisions-consent-minutes-runtime.mjs,3339,897884801d1491eca2fc366c2290508101e69f3f4722787375c345895770fbe2,.mjs,TEST_OR_GATE,false
scripts/verify-34-l-bronze-final-local-closure.mjs,11803,8dce4ed0220ef796f2449d579e976bcfd256995b3539ac43ce92746d4813eef3,.mjs,TEST_OR_GATE,false
scripts/verify-active-delivery-documents.mjs,5438,13dd7954c7a92a650eb965adc750ae2d02acf47adae9ba847a3b55f73d7f3acf,.mjs,TEST_OR_GATE,false
scripts/verify-active-release-contract-v2.mjs,3745,35b265ac0a8d3ccffb1e2b173d40688e810462a40aefdc643638d1acd5a88677,.mjs,TEST_OR_GATE,false
scripts/verify-active-version-contract.mjs,7922,77652e74159301ce2f354b10927bb370ec865419e570d7584583e7d1cfb2cc89,.mjs,TEST_OR_GATE,false
scripts/verify-active-version-sweep.mjs,5018,e6bf2b7cdd0610ecc8bb9ea033b5236a5e90185fe0e94f3bf3bc56b936c01a34,.mjs,TEST_OR_GATE,false
scripts/verify-application-security-profile-gate.mjs,17889,5c883bf50b9a7a1d67ab80ccb7df4dfc3878967b3d8c5dda8297a4c662bcb326,.mjs,TEST_OR_GATE,false
scripts/verify-archive-classification-build72.mjs,3617,d7e90aa15c633562b611f85148d078a9c736cdc4c4b57e188d2926f6e8501c9c,.mjs,HISTORICAL,false
scripts/verify-archive-use-cases.mjs,5550,e56dfebe3ddb8a9e12edcdc79fa3d5caa0cb005fe6c0725c5d8c8f42deb5cdfe,.mjs,TEST_OR_GATE,false
scripts/verify-archive-vault-key-protection-runtime.mjs,6998,252a123b57d4ee723dc97a0c161cf577f55812c086d388e3ee8c5a5228e37645,.mjs,TEST_OR_GATE,false
scripts/verify-auth-use-cases.mjs,8161,801ed7e44b14402246fb3e2620accaf03ead7853cd66574f36ea20a1130dec95,.mjs,TEST_OR_GATE,false
scripts/verify-authorization-audit.mjs,11257,eeee8481c663b41de43205f7e86039cd5ff9fe0bbfaa6d9fd06afbe90f90f38f,.mjs,TEST_OR_GATE,false
scripts/verify-aym-governance-incremental-contract.mjs,18915,c6821ba0e79173084c44a64c24e3354ddb1cb5602b116992030515311a2c8712,.mjs,TEST_OR_GATE,false
scripts/verify-b4-banking-foundation-boundary.mjs,13757,a59b631e1a52f7ae19e4c50f489beff8b159792a2ab00b7d680629e018293814,.mjs,TEST_OR_GATE,false
scripts/verify-b4-controlled-import-open-banking-boundary.mjs,22392,122a376bf063bc3302cdab9f2fcde3530da7b23c4b9d194896707adf4e726982,.mjs,TEST_OR_GATE,false
scripts/verify-b4-finance-planning-portfolio-analytics-boundary.mjs,20214,cab2769577183c541fc69bc5a3bc6f0b89fce2ae9680bacd61bbdafe36e12347,.mjs,TEST_OR_GATE,false
scripts/verify-b4-loan-management-boundary.mjs,18254,c2e18881a99a2be666e83232bcb78182b38981680c76da69c9c64f08b41adddf,.mjs,TEST_OR_GATE,false
scripts/verify-b4-payment-card-management-boundary.mjs,16324,5b07bbacc4fb86dcbb53cabc05b20b3d808cd3bdfe9b98b958d654bc6c1dbc71,.mjs,TEST_OR_GATE,false
scripts/verify-b5-category-life-home-vehicle-boundary.mjs,17306,a26c6ad568df3d6c89c1615be0be36366df1d28eb6a9fbf8cebb769139bd82a8,.mjs,TEST_OR_GATE,false
scripts/verify-backup-use-cases.mjs,1984,2126ae8002e2e7de643d8bcca87a58ef14ab45adaf0050e6e7db196e6fb17b5c,.mjs,TEST_OR_GATE,false
scripts/verify-bronze-database.mjs,32673,4149a25ab56cdd496752770167d81119c3fea3a061a0d0b3a5a721dff0004af3,.mjs,TEST_OR_GATE,false
scripts/verify-bronze-foundation.mjs,3368,4aac153b19d93365a7b30c60162dbfe1f938923c98d17bb7d0f6ee6195cc8f47,.mjs,TEST_OR_GATE,false
scripts/verify-bronze-governance-reality-matrix.mjs,14923,a7a0d0447d4094e3b4be005688a840f6cc167ca70e3ac9e255be4d09dddd09be,.mjs,TEST_OR_GATE,false
scripts/verify-bronze-runtime.mjs,4906,599a6b82dcbf0e7b22a55b1a0e20ca8ae1ac828bdbef658caf46b05627ecb9ff,.mjs,TEST_OR_GATE,false
scripts/verify-build-toolchain-security-contract.mjs,8402,dc037f24d59db8d13ffc62ac6c5de410a568e8c55c6b612ec08bd58c512656f5,.mjs,TEST_OR_GATE,false
scripts/verify-build100-architecture.mjs,8022,ce777434cd9c0ae52ce2177d6617d217951b5a042f1233c57297789c7de340e7,.mjs,HISTORICAL,false
scripts/verify-build101-architecture.mjs,7151,f213d10bd929afd7f2071ea61674cb5e5b9a8e0384ac45367511292106932a2a,.mjs,HISTORICAL,false
scripts/verify-build102-architecture.mjs,9898,e9bbdbba0f45c117ae5d974b8c7633ee773bb479c6a5d77b52f134b6253d017b,.mjs,HISTORICAL,false
scripts/verify-build103-architecture.mjs,11465,74d249d98ef5158d54922c8be11f2d196a6ba665fc29c08b59040032cbe92e64,.mjs,HISTORICAL,false
scripts/verify-build104-architecture.mjs,9500,5333a3d1d88f92ce447c60f1c088e1c7fccfce07f4166cf0df8ed4bd9f1a2b6c,.mjs,HISTORICAL,false
scripts/verify-build105-architecture.mjs,10549,3245988c72b2512fa464693beb0ecaabfa8afdd0596f1da27072e216dc53b5cd,.mjs,HISTORICAL,false
scripts/verify-build106-architecture.mjs,13938,31ee6a606a4faa846fd5980c4ab1f6d64cd4f0b9e03d540e94371df56d9c2d69,.mjs,HISTORICAL,false
scripts/verify-build107-architecture.mjs,11005,72f8e6eac853f11adae17886e9c9ccdae8e59c68ff40bfc34864645fcad3c3ad,.mjs,HISTORICAL,false
scripts/verify-build108-architecture.mjs,4918,9d5682dcd695298991c63de2373dd61f9163fa386ebc4a64faa4a9d0bac083b3,.mjs,HISTORICAL,false
scripts/verify-build109-architecture.mjs,11348,1612154747514072436ccf183cb9ad8a22596e00ec1e9ef5d31cb6b7f4e4be0d,.mjs,HISTORICAL,false
scripts/verify-build110-architecture.mjs,11357,cf9e9b47a518ee6c06102e242195efc0fd1c8923445d1f7d31854dd6be7c6735,.mjs,HISTORICAL,false
scripts/verify-build111-architecture.mjs,16475,e26022645b8b7004a824b70ac5af51a16a59e23e7d15f6d566c73aab57fc6fbb,.mjs,HISTORICAL,false
scripts/verify-build112-architecture.mjs,20967,8fb9b893dc70d52087e37c61b02a5208fed65b0578259f8567268ec3089413d5,.mjs,HISTORICAL,false
scripts/verify-build113-architecture.mjs,9436,834dd54ceec8d576de9a8bcecb551cfc0cd0cb9028ebae439ed1633472ccc262,.mjs,HISTORICAL,false
scripts/verify-build114-architecture.mjs,6710,4a0c602f7611b5de7f925a132e39f0140586a1eff232e40c291635f06af99d83,.mjs,HISTORICAL,false
scripts/verify-build115-architecture.mjs,11668,aad9b2ec8dd7eee2f78d3a13c1c3616b8cc077be279ad204a5cbba7170d8240f,.mjs,HISTORICAL,false
scripts/verify-build116-architecture.mjs,7730,2a5161f3b45417332746dba79343dcca004b6a5e4ced161f8a7c88699f8e1d13,.mjs,HISTORICAL,false
scripts/verify-build117-architecture.mjs,4362,da6608df1f377f56d5189884738b91660263ed23c1486eed10b678d878037e42,.mjs,HISTORICAL,false
scripts/verify-build118-architecture.mjs,3626,35a633e7b11943c4bbd01c5d698e831dadff9bb1483e0abc9df6593786195e78,.mjs,HISTORICAL,false
scripts/verify-build119-architecture.mjs,4533,ad6a3a5a36ebbb6572629dc0405cab686cdcbb19a36706f3a2388d1664686aeb,.mjs,HISTORICAL,false
scripts/verify-build120-architecture.mjs,4803,5d45abb8aa99e28b102ee34680532a63c59bd514a1ce904826bdbcbd7c57a7a3,.mjs,HISTORICAL,false
scripts/verify-build121-architecture.mjs,5983,6fa35a862f9eed918cbd46d8d0fc6cab772b8a306cf0fbc93c410df675e33c38,.mjs,HISTORICAL,false
scripts/verify-build122-architecture.mjs,14446,2286664e681daae5eddb1129f14b15a8d25409699f1651988b741bda10a9ea28,.mjs,HISTORICAL,false
scripts/verify-build123-architecture.mjs,4582,a89361462956ed60d9a2603d19c4ea6f2d4375e2d5f750d6cb1aeb8e56a0309d,.mjs,HISTORICAL,false
scripts/verify-build123-ui-shell-contract.mjs,4208,0a053d5764513956b2c7e2c6443131288deb57741d77bc5aca287f27042b3a39,.mjs,HISTORICAL,false
scripts/verify-build124-product-and-feature-contract.mjs,6281,dc93c3dcf0749bc68d451fa69dd467d6168a4cd0ea3a726c05956be48f58beda,.mjs,HISTORICAL,false
scripts/verify-build125-timeline-lifecycle-contract.mjs,6039,f35ed354ebe7e2e3234ba5b5f9b14527bdc03c1d684495b005b177b8dbadfcfd,.mjs,HISTORICAL,false
scripts/verify-build126-typography-contract.mjs,5226,817284c2bcc69eb5c81ca141d60ba88e888d6fbc6ff1f4650aed6e432d628d67,.mjs,HISTORICAL,false
scripts/verify-build127-document-governance-contract.mjs,6762,fd87e199ce69b2e6a5dce6ea96cb9ce4f7cd0562b1e1d5d8c4912f36bde30d0a,.mjs,HISTORICAL,false
scripts/verify-build128-device-identity-protection-contract.mjs,8585,041d83a55388aec07cf4848e005e1d72936eb17693c3c7a947f1230904b5573e,.mjs,HISTORICAL,false
scripts/verify-build129-mfa-secret-protection-contract.mjs,9638,8f8ea8df0898d72f5bade3d724d47c9bcd5cc22faec4b439b83cbc012ad956d6,.mjs,HISTORICAL,false
scripts/verify-build130-full-backup-encryption-contract.mjs,4083,7147a8aabdddac081571a08bf54e9930ad76c6a9c12f800f7767b88e86bb916e,.mjs,HISTORICAL,false
scripts/verify-build130-full-backup-encryption-runtime.mjs,6121,351f3ff716f1bda74bde8d29f3c14cffe378b83bb36fb5dad18f431640924ffa,.mjs,HISTORICAL,false
scripts/verify-build131-restore-transaction-contract.mjs,5315,add4d52cdbfce3d8851670be033a011159626fdaee41ebbdfe77d525ccfb42b2,.mjs,HISTORICAL,false
scripts/verify-build131-restore-transaction-runtime.mjs,17426,95cefc2520b0b3d379c7309020a77d03c3d149c4647f821e39f9b979389384f5,.mjs,HISTORICAL,false
scripts/verify-build132-startup-security-contract.mjs,6783,0afde5139a204a9af33e039ce25ef7aa762d0403dbd2d52ad9d997d7ab18b44b,.mjs,HISTORICAL,false
scripts/verify-build132-startup-security-runtime.mjs,9161,30e074cd7e772908994c365699ab6e16ab8c989d420a80d4d12cb63a92f754de,.mjs,HISTORICAL,false
scripts/verify-build133-sensitive-record-privacy-contract.mjs,4763,626342739fc339f5d0ddb201d749788cecb962d3389bd7cbf61d68e5c2eb1842,.mjs,HISTORICAL,false
scripts/verify-build133-sensitive-record-privacy-runtime.mjs,8503,66e0d8ecb7e71411ac23a7d9697bf3fa7d4dc18ec73ca61eae13d53cec2ee231,.mjs,HISTORICAL,false
scripts/verify-build134-accessibility-contract.mjs,7647,abfedd1b5e20bcc58b26cfa55fa23dda713259e6e4f6b521b56c1778c1fc1e65,.mjs,HISTORICAL,false
scripts/verify-build134-accessibility-runtime.mjs,5841,63318a707da8d84b2c55e444e172b7bd73fc889deb1313d2f13f6d2af85c3132,.mjs,HISTORICAL,false
scripts/verify-build135-archive-vault-key-protection-contract.mjs,7586,9fe45720afc4572c07f473678982ac11e0a9d3aac17d7974a3cfeaf6936758e4,.mjs,HISTORICAL,false
scripts/verify-build136-data-lifecycle-governance-contract.mjs,5689,61b1ab0bfe45c666a24f662fb0d737e08bb9a18560384931102410f0446f0659,.mjs,HISTORICAL,false
scripts/verify-build136-data-lifecycle-runtime.mjs,12605,1b7f6c34a606b4e86c01131da1dfc4abac364e4908a1c1de43ee1b02b56abb3e,.mjs,HISTORICAL,false
scripts/verify-build137-backup-purge-propagation-contract.mjs,8010,38a300b7e1a8743caf9c8419a9865eb9f45ef226592da87a35ef27ad19094f0e,.mjs,HISTORICAL,false
scripts/verify-build137-backup-purge-propagation-runtime.mjs,11174,70bfbc7213c1845020bc2ef450e69cc72f69540802064d7d76774d9cf530a12d,.mjs,HISTORICAL,false
scripts/verify-build137-renderer-bridge-syntax.mjs,2906,2d599ae2607f0447a7ed36e3be0fb9b9e82613b9dd41c093574a13a058ad03a3,.mjs,HISTORICAL,false
scripts/verify-build138-backup-quarantine-lifecycle-contract.mjs,8853,cee6dcf73742bb42c27c73ded112686db45c18f7e64245fd1370d71476ecb7ff,.mjs,HISTORICAL,false
scripts/verify-build138-backup-quarantine-lifecycle-runtime.mjs,15894,8cbafe37004da9f7b54040fa4cd89ab53b3ccf052b0bbdcea491fc5e72ec0554,.mjs,HISTORICAL,false
scripts/verify-build138-renderer-bridge-syntax.mjs,2627,de1fc8e27195d5c707abe3701abcbaea6b96e954139329965d9415b411b3047d,.mjs,HISTORICAL,false
scripts/verify-build139-external-backup-inventory-contract.mjs,7641,c6e5e77844e58c19e3ff33015338a6aa211772b95a0316a2475b663092191dd9,.mjs,HISTORICAL,false
scripts/verify-build139-external-backup-inventory-runtime.mjs,11498,5557b66b743b6c4fb9d68b7f299e5cc279eaeb83d67bb8c99277e270bd899591,.mjs,HISTORICAL,false
scripts/verify-build139-renderer-bridge-syntax.mjs,2627,3af5d0fb179212627860c51c7e3bce614840ec9097e84398eb5f18941516ff74,.mjs,HISTORICAL,false
scripts/verify-build140-renderer-bridge-syntax.mjs,2627,05e45857dff3439ee27aed875cfd31d4755c8bbf96047d86ec226317a0a25afe,.mjs,HISTORICAL,false
scripts/verify-build140-signed-external-backup-evidence-contract.mjs,5286,855cbbe4bd52358025b8c9b36aa0089d48394282db54098ca486519b90d8e756,.mjs,HISTORICAL,false
scripts/verify-build140-signed-external-backup-evidence-runtime.mjs,1633,a64d97cd558b2c53ccd4e0c87ee5f508bd96d77a905141241e610141e5f35e27,.mjs,HISTORICAL,false
scripts/verify-build141-evidence-key-rotation-contract.mjs,7809,0f6233b2326e809fd682058c233d54dda74d25597eff3757c13e19cb1dce2d9e,.mjs,HISTORICAL,false
scripts/verify-build141-evidence-key-rotation-runtime.mjs,12193,4b3f79c1ab55163b8bfb9f71e3f1f1f42a127e083737d2fe6d463bbfc09b7533,.mjs,HISTORICAL,false
scripts/verify-build141-renderer-bridge-syntax.mjs,1992,736543cbd27dc6267d59617a850dab7f3c4bc3179b8d816f68cca31aea6f98e9,.mjs,HISTORICAL,false
scripts/verify-build142-renderer-bridge-syntax.mjs,1992,8025a73836e824ae89eb46f02e9b4570c87b48c1e44f82f4116985ac196c923b,.mjs,HISTORICAL,false
scripts/verify-build142-signed-revocation-list-contract.mjs,7824,d3decad16405fbfb3d84ce64912faff51945bc380effb9559bde63733e1441b1,.mjs,HISTORICAL,false
scripts/verify-build142-signed-revocation-list-runtime.mjs,14464,7eaaacdf38d8869682d8520ce60bac56217be69140e882f0c5889a25c18de941,.mjs,HISTORICAL,false
scripts/verify-build143-secure-revocation-fetch-contract.mjs,2529,3e7af13c26943ad4f40abb47db960e8548d1c2f5caa8458364cd9b5048adba03,.mjs,HISTORICAL,false
scripts/verify-build144-renderer-bridge-syntax.mjs,1998,4857df845ad674dda71dd58fcf7e5d4373d5a9f78f9e80298050bfb4e43923f7,.mjs,HISTORICAL,false
scripts/verify-build144-revocation-endpoint-contract.mjs,6451,9f2d8c167d058f80639b5b8ac16ad5d240a5102736d88e9b3cb3136a1fac4a14,.mjs,HISTORICAL,false
scripts/verify-build144-revocation-endpoint-runtime.mjs,9280,15f756b17c2b95f32cfe1772fa6f7395a2d7dab3afa914e26e9356e5bae5b731,.mjs,HISTORICAL,false
scripts/verify-build145-renderer-bridge-syntax.mjs,1998,1704ec1863918088b1eddce56187b5f40c958ebb3cae9f2ca56b9f5f62ee3e7f,.mjs,HISTORICAL,false
scripts/verify-build145-secure-revocation-sync-contract.mjs,3034,bf2c62e81b04483d2f5e487a82a659904ec4d130355fa8b8289053777c24bed3,.mjs,HISTORICAL,false
scripts/verify-build146-family-data-import-contract.mjs,6359,359ff6cc5a2231ffa4f8849463ff8de06255b38a2fb0b28f2c4750e514b70075,.mjs,HISTORICAL,false
scripts/verify-build146-family-data-import-runtime.mjs,14792,bdcffe9f4829143c0d2a0995057579b77952684c5edd70dd5161ec9e420ecbd0,.mjs,HISTORICAL,false
scripts/verify-build146-family-data-import-sql-runtime.mjs,9037,82ee54aa7970d1a380dd2e85390d8b5763a48c03bb20c6577060b739129bf42f,.mjs,HISTORICAL,false
scripts/verify-build146-renderer-bridge-syntax.mjs,2091,89c4386960c4fb0c495ccca12798209b8af63fd6c76b254a66802b5fb09f7c57,.mjs,HISTORICAL,false
scripts/verify-build147-large-data-performance-contract.mjs,6586,130b045da414f1893c09d11b11b3320afe88dc4fb85141bd0e2414fc5bc9ea1e,.mjs,HISTORICAL,false
scripts/verify-build147-large-data-performance-runtime.mjs,7199,e1269579ad2bc38da62b2453fb7e5161a7142846f80eb6cba97c0f9a5abb30d6,.mjs,HISTORICAL,false
scripts/verify-build147-large-data-performance-sql-runtime.mjs,10604,81fa40965cf71a1dd34d78be5f5293e8cc3c0745c54ef24a3f21f64720fa3613,.mjs,HISTORICAL,false
scripts/verify-build147-renderer-bridge-syntax.mjs,2052,e44e39993e00c437505e960a2368b21a9f73b74c46fd9810da1b00c9a5db3c6f,.mjs,HISTORICAL,false
scripts/verify-build148-integration-hardening-contract.mjs,7173,a3a92ac12e412f37d2c14b16bc4d4f9fdc9d94ad004b009bda40864a323bd011,.mjs,HISTORICAL,false
scripts/verify-build148-ipc-integration-policy-runtime.mjs,5712,ca6c24744f97c014e64ffce32f494d1daf68efc8befb9bcc64cf1dc7a2510805,.mjs,HISTORICAL,false
scripts/verify-build148-renderer-bridge-syntax.mjs,2497,f4d53a27e3f0e37b62e2d2a3a8e3c3f7641d1638a099dab2733f80d3aa385cf8,.mjs,HISTORICAL,false
scripts/verify-build148-revocation-sync-runtime.mjs,7276,ddd20b7d0659d0759e409cbc7070aca732f02a53e8bfaf1168693c36d67dcf4d,.mjs,HISTORICAL,false
scripts/verify-build149-clean-validation-contract.mjs,8522,012fc5ac1f4c08d4aa9d3f622a3536287cf13e5224f678215b3c14b203114f03,.mjs,HISTORICAL,false
scripts/verify-build150-clean-validation-contract.mjs,7288,db586a0ec80dd14985adda23597a41b5770d2460a72d7afd7af7899430229fa0,.mjs,HISTORICAL,false
scripts/verify-build150-dependency-bootstrap.mjs,8827,4c1aa56089e08c5c9311fdf2549bc2c11ff5e53430bdaf356b062ccf1de33c65,.mjs,HISTORICAL,false
scripts/verify-build151-clean-validation-contract.mjs,8477,b9483bca489249aa6367be14af311da0203d9968dbf40396069f6d9efa0d9f81,.mjs,HISTORICAL,false
scripts/verify-build151-dependency-acquisition.mjs,13221,d9b9088491b3d42793eff536b4baa88ad9f841bdc8fb6a16156b25a71447fc1f,.mjs,HISTORICAL,false
scripts/verify-build152-cache-bundle-acceptance.mjs,12892,751e97ff9c2fe88f81460af6784e746c5fe650be554d002f9d2dcaaee857d510,.mjs,HISTORICAL,false
scripts/verify-build152-clean-validation-contract.mjs,6146,2bed821b0b9f794497ff4a5eefac4d0d78f00a94843cec4cda59fae36f6ef8be,.mjs,HISTORICAL,false
scripts/verify-build153-accepted-cache-validation.mjs,14916,ee596e0993a74c07db366bb850f430b3815a62e2bfb47eecd2a54f68a81d00de,.mjs,HISTORICAL,false
scripts/verify-build153-clean-validation-contract.mjs,7626,46797d9c8b658c5ee9f3c1f7897a5aa9917ce0875fb7cb954b4accf8667d648c,.mjs,HISTORICAL,false
scripts/verify-build154-clean-validation-contract.mjs,8000,3f7ef7cafe304624640769fea9c4c2413becf0cbe03aadc6d46335cee5076cbf,.mjs,HISTORICAL,false
scripts/verify-build154-dependency-handoff.mjs,11778,54f3caa4a4774cca4597964b33ad741fc2edc8a8a482079095e7c7dc2ab3d76a,.mjs,HISTORICAL,false
scripts/verify-build155-bounded-bootstrap-contract.mjs,5720,85ea534a3496a9bcaf15ebd9af2dd92290e3938ab8ca0f0239ced716d04e170e,.mjs,HISTORICAL,false
scripts/verify-build155-dashboard-sql-runtime.mjs,7819,fd31d5a23f183621b3f0249d80d736857512107bc03081ddc8276fbdc30d514c,.mjs,HISTORICAL,false
scripts/verify-build155-renderer-bridge-syntax.mjs,1969,434894ed3b6dd289c3411a684bf9c51c554a81196452db4bd906c0139c69c529,.mjs,HISTORICAL,false
scripts/verify-build156-entity-catalog-contract.mjs,6859,c894e20555fc8cbe4fa1dd89cd2904bf88e7f91358ad7e9c1d4a69bf8ab3c0ac,.mjs,HISTORICAL,false
scripts/verify-build156-entity-catalog-service-runtime.mjs,6189,b471ff6cd9c1d54373bf89d9f7d24c1e2f044aa9cebe09351792e6a65264b64f,.mjs,HISTORICAL,false
scripts/verify-build156-entity-catalog-sql-runtime.mjs,7619,42083035afdbd4402d51d3025063f87e557dee390cf48cc7b04b3570c93654bc,.mjs,HISTORICAL,false
scripts/verify-build156-renderer-bridge-syntax.mjs,4471,0ebdb623fdb3cc38f9343078f64b68c358fd3585b95f94b81414fd623e8e5ad5,.mjs,HISTORICAL,false
scripts/verify-build157-bounded-mutation-contract.mjs,5354,357a5a0b0691b0a7320093fcbc4fb2bcefb9e7f4bc21197c8142874070d4b438,.mjs,HISTORICAL,false
scripts/verify-build157-mutation-revision-runtime.mjs,4568,44ddfe77645c43d814d6552476c4bbb67a8261eee46209591d9482b256d468b0,.mjs,HISTORICAL,false
scripts/verify-build157-renderer-bridge-syntax.mjs,3205,9bc96dd9d75662f82d43dfc40e6a39bc8b3c10000644fed5c2e426a2d3f2dc3a,.mjs,HISTORICAL,false
scripts/verify-build158-async-state-guard-runtime.mjs,6029,34d352fe3a84acc940ff30176be334d14ac0434adc07f79a9b925333c9e33d6a,.mjs,HISTORICAL,false
scripts/verify-build158-renderer-syntax.mjs,1913,41a8859de44888335650c1155f644c10ddc5015aebe170d35d385ed2b02a6e2f,.mjs,HISTORICAL,false
scripts/verify-build158-stale-write-contract.mjs,5294,f69eb175070ee76d8054a3abb249a8cb5084466a1a42bff101a7699da947a8b9,.mjs,HISTORICAL,false
scripts/verify-build159-ipc-transport-contract.mjs,5382,83f689441d0240ccedfa546b340e218cef9faeea76421af9fb719ee9a582d4fb,.mjs,HISTORICAL,false
scripts/verify-build159-ipc-transport-runtime.mjs,7055,bd9840dc36d6b7406ff01886c321be34df585e191568d4bf9c935a249a7153c9,.mjs,HISTORICAL,false
scripts/verify-build159-ipc-transport-syntax.mjs,3170,a3fc2ac18537cadc47ae3c8da0c74e875d5f15e364ab1c43a5002b32e08b91ed,.mjs,HISTORICAL,false
scripts/verify-build160-ipc-request-lifecycle-contract.mjs,7115,0b877783ca48227d48000e0bcd59fa600c1411b3c34df37f363cf392a13eb777,.mjs,HISTORICAL,false
scripts/verify-build160-ipc-request-lifecycle-runtime.mjs,7765,28add4cabf9b74f86c66a3e1eb20351cf71b201f3f4e570bf2a05e7c4ea75d78,.mjs,HISTORICAL,false
scripts/verify-build160-ipc-request-lifecycle-syntax.mjs,2056,f8bf59974d795e3cf3f934b3c6274d44a1f39e241874bea35a24b8cf85268d87,.mjs,HISTORICAL,false
scripts/verify-build161-ipc-backpressure-contract.mjs,4571,07348a5dfa3efa743adb23e655f46e23325c5bf88c725e478ecec47506f68a88,.mjs,HISTORICAL,false
scripts/verify-build161-ipc-backpressure-runtime.mjs,9428,d072598728fea203ed24e6bbd8aab640c8a9cc476567de8423d3514e70fec005,.mjs,HISTORICAL,false
scripts/verify-build161-ipc-backpressure-syntax.mjs,986,a27e7aa653cf0ea66e166ace5157562b424d2b3f74641cde1fba03fc7cb19b92,.mjs,HISTORICAL,false
scripts/verify-build162-ipc-read-sharing-contract.mjs,6917,d3e2df30fa967ed870fd9f43f7df196a8269aeb1200ffe405654a46036f5ad0a,.mjs,HISTORICAL,false
scripts/verify-build162-ipc-read-sharing-runtime.mjs,9617,9c3519dfb8d88f43450bf6c0b5bdcaa4e2ec0f5303563d60e2fbe387bfdb9a6a,.mjs,HISTORICAL,false
scripts/verify-build162-ipc-read-sharing-syntax.mjs,1446,8fdd60e0e5359ccd1ae09eeff292821603ce289e1935757b3d830df08440b297,.mjs,HISTORICAL,false
scripts/verify-build163-ipc-performance-telemetry-contract.mjs,5128,a6b009476ed479afc6d1866da4122dcde7df24e3cfba4594f6a0bc2adfeb6f06,.mjs,HISTORICAL,false
scripts/verify-build163-ipc-performance-telemetry-runtime.mjs,7540,0297333c06a40af8b3303069ebf6f98a971e685884f6758b27c8da9c83195130,.mjs,HISTORICAL,false
scripts/verify-build163-ipc-performance-telemetry-syntax.mjs,1943,feee15989b9f965cd2c7ee907cf77b048714d0f6bb092b8cb775fe6311dd9712,.mjs,HISTORICAL,false
scripts/verify-build164-ipc-adaptive-resource-budget-contract.mjs,5912,0b1aa335f7fc50529921136e5453aeca0979ba99e8fdaa83933f91a59977e84b,.mjs,HISTORICAL,false
scripts/verify-build164-ipc-adaptive-resource-budget-runtime.mjs,7791,096128d42d3cdb3cfb7ca9789cad70c5011621aebb97bcece24db7967256ccb8,.mjs,HISTORICAL,false
scripts/verify-build164-ipc-adaptive-resource-budget-syntax.mjs,2013,278c386f379aa32fc9fad1bb429fcba7cc9a4f27aa1591440022474ae10c5c3d,.mjs,HISTORICAL,false
scripts/verify-build165-ipc-adaptive-budget-state-contract.mjs,6156,83e1a41a9ec28c8ea3dfe1782c2adaf0fb550a84779cda9721c3aca714b9365d,.mjs,HISTORICAL,false
scripts/verify-build165-ipc-adaptive-budget-state-runtime.mjs,10684,9beccb6a58d7dbd65cfaee7b7a5a8703d3fe3ffd52297da96deec2890cf47197,.mjs,HISTORICAL,false
scripts/verify-build165-ipc-adaptive-budget-state-syntax.mjs,2066,daf52ef8e6f699b7175df09ab50e4c3081235b2b637a66e2ca8682b735a01407,.mjs,HISTORICAL,false
scripts/verify-build166-ipc-adaptive-budget-operator-contract.mjs,6389,9a0d7c36064c62c337bf15f2d99c576a2eb44d83d8e06b7a693fb3211aeb3635,.mjs,HISTORICAL,false
scripts/verify-build166-ipc-adaptive-budget-operator-runtime.mjs,8282,e6113ba8842fa77805854d777d56f0be4cc465e89a7ce4cdf2f4258cc4827419,.mjs,HISTORICAL,false
scripts/verify-build166-ipc-adaptive-budget-operator-syntax.mjs,2304,7edda7b26afac565f4229921cef4ec96ab2a73ac3e4d4ec7a3e0edc0d3abf7f7,.mjs,HISTORICAL,false
scripts/verify-build167-ipc-adaptive-budget-maintenance-session-contract.mjs,6582,1c0089a2e1d79c61c04491ec8821c7777748b05590313bbbfb95fc0f151b7511,.mjs,HISTORICAL,false
scripts/verify-build167-ipc-adaptive-budget-maintenance-session-runtime.mjs,8274,3d5b9e55b3abc398c25ffe8ecac10165f7b23d28c86a03f4c17aafec8609c8b2,.mjs,HISTORICAL,false
scripts/verify-build167-ipc-adaptive-budget-maintenance-session-syntax.mjs,2443,a19e17e7a388640f69eddbec3580d706ea827abd33c06b2ae7173238d2eefe96,.mjs,HISTORICAL,false
scripts/verify-build168-ipc-adaptive-budget-maintenance-authority-contract.mjs,4642,547b003d7871ee30689fe34128fbf6353209330e5fa265c1897c508cb441cef9,.mjs,HISTORICAL,false
scripts/verify-build168-ipc-adaptive-budget-maintenance-authority-runtime.mjs,3591,61ad9ab2b438de013d5c4cc4226e27a63f4368a9bbaf63904fd95c1309aa1cfd,.mjs,HISTORICAL,false
scripts/verify-build168-ipc-adaptive-budget-maintenance-authority-syntax.mjs,1983,8d5dd9f649b9509eafb1aa32cab60782abe9ab41810a664c493fc6003413d5d0,.mjs,HISTORICAL,false
scripts/verify-build169-ipc-adaptive-budget-maintenance-reauthentication-contract.mjs,8791,6f87d5ae967f4aac2d0b4eb19593dccd156eec92a3747df584167a613b5a9e7f,.mjs,HISTORICAL,false
scripts/verify-build169-ipc-adaptive-budget-maintenance-reauthentication-runtime.mjs,6147,e0231cc46b573a4de83ec1fddd49c1fcf19387bb9462faab37a304fd17ab9c76,.mjs,HISTORICAL,false
scripts/verify-build169-ipc-adaptive-budget-maintenance-reauthentication-syntax.mjs,2088,d8918e689eb428ce98ba58269fa0b376d8cbd49a51e3ce0d513153bc528a97b2,.mjs,HISTORICAL,false
scripts/verify-build170-ipc-adaptive-budget-maintenance-reauthentication-guard-contract.mjs,8631,0223e429d73f873d47d415aa73e5be880571104df9a6693080fa68b6d3616d15,.mjs,HISTORICAL,false
scripts/verify-build170-ipc-adaptive-budget-maintenance-reauthentication-guard-runtime.mjs,5713,603cef9a2b885a0b18b62bfde1ef873b4b218756dd1b23dc8169224b938a673c,.mjs,HISTORICAL,false
scripts/verify-build170-ipc-adaptive-budget-maintenance-reauthentication-guard-syntax.mjs,2188,261ca199df346546f6c8ae1b2c6c11e27f1f1b3fb03b41dfeb81eceaf4ec7e6e,.mjs,HISTORICAL,false
scripts/verify-build171-ipc-adaptive-budget-maintenance-reauthentication-persistence-contract.mjs,8252,c2dd666ee37a09e8bed25684f0c6bf4c991d2078895014b811f423f5fc1e0120,.mjs,HISTORICAL,false
scripts/verify-build171-ipc-adaptive-budget-maintenance-reauthentication-persistence-runtime.mjs,8163,2f520e7d0e01e848cd7f46a29f314445b55426fb08fba3aa710d50a8d3653517,.mjs,HISTORICAL,false
scripts/verify-build171-ipc-adaptive-budget-maintenance-reauthentication-persistence-syntax.mjs,2303,1db32a28e420747433053b84f4952cc1b5ee4b55a6a88eee832884270c9d6214,.mjs,HISTORICAL,false
scripts/verify-build172-ipc-adaptive-budget-maintenance-reauthentication-state-lifecycle-contract.mjs,6860,5899e107e111daea7042f20fbc7ae579398770965131273f590efa77c17a3ab9,.mjs,HISTORICAL,false
scripts/verify-build172-ipc-adaptive-budget-maintenance-reauthentication-state-lifecycle-runtime.mjs,9940,ff8bea677f70cacca460b673abac250b2126244aec58640cbf39b65f50f75eff,.mjs,HISTORICAL,false
scripts/verify-build172-ipc-adaptive-budget-maintenance-reauthentication-state-lifecycle-syntax.mjs,2296,4ecde59c9532784fd1d846a947c2d2c7de35196dcfa888e29ff0232bf806ed35,.mjs,HISTORICAL,false
scripts/verify-build173-ipc-adaptive-budget-maintenance-lock-recovery-contract.mjs,9321,9d13e284d9049a84877c65f4adb50673ca2359a74b40068c937830aba60b28ad,.mjs,HISTORICAL,false
scripts/verify-build173-ipc-adaptive-budget-maintenance-lock-recovery-runtime.mjs,10026,a0aaafa9f83d92f932298cd6af0bc54aa1564b3d0dc9f0381bc54636a276bbe6,.mjs,HISTORICAL,false
scripts/verify-build173-ipc-adaptive-budget-maintenance-lock-recovery-syntax.mjs,2420,f8664b5f7db560b4e2cac09a164806d4bfca80f90eac8a81ec32c3a7f5676407,.mjs,HISTORICAL,false
scripts/verify-build174-maintenance-recovery-posture-contract.mjs,2293,63c59fb0c319c811cff245808b9bb9566fa35cd940597ea224d49c745e522f5c,.mjs,HISTORICAL,false
scripts/verify-build174-maintenance-recovery-posture-runtime.mjs,1326,ebcda0100f2f5fa33c9b465ebc79b87abdc8ec2b377d1668d82a822e1a3471f5,.mjs,HISTORICAL,false
scripts/verify-build175-maintenance-recovery-security-epoch-contract.mjs,7996,e52c9adf47ef0720e795482527b8da21fb5f8898eb4575f5f66c77adaff15cbc,.mjs,HISTORICAL,false
scripts/verify-build175-maintenance-recovery-security-epoch-runtime.mjs,3843,24c590c85e3d3afd156f8ab406eaa1927799bd4a6e9bd0b9b7d5ea81c48bd0db,.mjs,HISTORICAL,false
scripts/verify-build175-maintenance-recovery-security-epoch-syntax.mjs,2767,264f556cfc79d60e1c1018e9c3cbe69310b3620d4c447eb5a41ffcdaf3e02dfb,.mjs,HISTORICAL,false
scripts/verify-build176-device-reauthorization-contract.mjs,9450,f4770a7ae8fa4d516a242e62b3612087cb8c8dc14bbbe1369105b9bfb641c00e,.mjs,HISTORICAL,false
scripts/verify-build176-device-reauthorization-runtime.mjs,7057,467ecd313415d981567bc1a837c72825b2163d2c6870d37a8c7eec1d6fadf3f1,.mjs,HISTORICAL,false
scripts/verify-build176-device-reauthorization-syntax.mjs,3827,2b75642bf8d87e767266e9923388b3dce004886411ec50aee04cceb7fb8a16e6,.mjs,HISTORICAL,false
scripts/verify-build177-security-center-menu-contract.mjs,5459,f394b8edd4a68f26d4734002039568dde713d787de2196b348ce1d3c10b1c5a8,.mjs,HISTORICAL,false
scripts/verify-build177-security-center-menu-runtime.mjs,4334,51d0453a572b30d85155dfb5a087ba33712042576e244c233f1a9761c43048be,.mjs,HISTORICAL,false
scripts/verify-build177-security-center-menu-syntax.mjs,3637,7748d5c4c9d754f4ba869ab0a0eb037dc40dde3edcb9ab961c8908cf15e12134,.mjs,HISTORICAL,false
scripts/verify-build178-security-receipt-history-contract.mjs,5707,08e4007d7a088c6a71705d51b9a545750c561fc6f402142352ce6a90b135e63b,.mjs,HISTORICAL,false
scripts/verify-build178-security-receipt-history-runtime.mjs,6373,10b4e91451c1a85825802044b190fb14342239699c35f8288140b17948314617,.mjs,HISTORICAL,false
scripts/verify-build178-security-receipt-history-syntax.mjs,3042,009a9161f45c6a3f50ce7bcbed255b209164d7261b01d14d38269d422653790f,.mjs,HISTORICAL,false
scripts/verify-build179-release-theme-family-relationship-contract.mjs,3988,e7d9e952906cd455950cd899c228e27733a3da1f953cbf5c4965fbcdb16ada7c,.mjs,HISTORICAL,false
scripts/verify-build179-release-theme-family-relationship-runtime.mjs,7331,3c794562bacd4746f19dc28786ae86a8867d452ae75694a4e3cc78559e58a4d9,.mjs,HISTORICAL,false
scripts/verify-build179-release-theme-family-relationship-syntax.mjs,2194,9d829b7cbf4ea78b029a13236d05ee2231b574ea7efa9e62d723d6160a458aba,.mjs,HISTORICAL,false
scripts/verify-build180-strict-lifecycle-policy-contract.mjs,5602,34e135fa5f6c04808216cda86bb7c44cbcf5825c70101f693b0d000c6c9ee394,.mjs,HISTORICAL,false
scripts/verify-build180-strict-lifecycle-policy-runtime.mjs,4491,214a3696f724fae26aca001b54447bf04b82e2cccc21550723a2f43f8762ca9a,.mjs,HISTORICAL,false
scripts/verify-build180-strict-lifecycle-policy-syntax.mjs,2329,81d40b74231271ffe6af32101f86563941dfbe25ba98204cfbb03b380fe58a63,.mjs,HISTORICAL,false
scripts/verify-build181-revocation-sync-durability-contract.mjs,5846,0053eda2a6a6ea6fd4b796b80cc766a2431478682e8c9fa60a10527ca811ab9a,.mjs,HISTORICAL,false
scripts/verify-build181-revocation-sync-durability-runtime.mjs,9169,b87cd804196f2f01415415f03daa37c2044580b621e2a69e9aca51bcc59bbace,.mjs,HISTORICAL,false
scripts/verify-build181-revocation-sync-durability-syntax.mjs,2513,20e7c29d9ac8cc96a215b48923144f72ea28b28bd0878b96fcaff6ce5c63a462,.mjs,HISTORICAL,false
scripts/verify-build182-root-trust-verification-contract.mjs,6123,55493e92e2748946f776fdab9ab3e9c745e83c3937b6f22a1fd6ca8e5ad54ec4,.mjs,HISTORICAL,false
scripts/verify-build182-root-trust-verification-runtime.mjs,9405,8e1849af650dad8e48a614af696ae2bdc1040987da2351b7fe318f12d394a812,.mjs,HISTORICAL,false
scripts/verify-build182-root-trust-verification-syntax.mjs,1514,3e933850e4e34d1d7fc42cae591af447cd9bc00b39f749eab3182c8a24a8916f,.mjs,HISTORICAL,false
scripts/verify-build183-clean-backup-rewrite-contract.mjs,3943,87127ecb05d07c622c0a35b405591cbc05d6990f17e83bd0c498687b1e66dc14,.mjs,HISTORICAL,false
scripts/verify-build183-clean-backup-rewrite-runtime.mjs,7954,4aa15492b1536d3161d1acb5041d7824e6c27aff257da67c90782468f9e18fc9,.mjs,HISTORICAL,false
scripts/verify-build183-clean-backup-rewrite-syntax.mjs,1378,f00db6a4211498a7d10e4595e8f76beb9e96613ee0d861f813acdbf4cfb0f61b,.mjs,HISTORICAL,false
scripts/verify-build184-clean-backup-rewrite-contract.mjs,5291,fea723a5da523bc7f8aad75f02850560ccdb242cddb645c13b18091c79671111,.mjs,HISTORICAL,false
scripts/verify-build184-clean-backup-rewrite-runtime.mjs,10113,409addc4da744efbca883a43fa208596f06fa10905e99262abf0f3a76632ad7f,.mjs,HISTORICAL,false
scripts/verify-build184-clean-backup-rewrite-sqlite-runtime.mjs,6199,ce09de72356ba175734409d9e27188ca948a8da8ddf8f74da92b7644009f2a63,.mjs,HISTORICAL,false
scripts/verify-build184-clean-backup-rewrite-syntax.mjs,1376,898f1e3142b4a62c1a07dc1158cd3069ad435b25b780d5f2dec5c132fa0de9a3,.mjs,HISTORICAL,false
scripts/verify-build185-backup-propagation-chronology-contract.mjs,5727,f6b047cdc8da8eaa106a1c790e3eedc08cf3dd2b3c2ee63cf5c29573327d52b0,.mjs,HISTORICAL,false
scripts/verify-build185-backup-propagation-chronology-runtime.mjs,8237,8e11ceee5904ba14a13097614e6a76fce6bdd636021bfc45791cc78323b46130,.mjs,HISTORICAL,false
scripts/verify-build185-backup-propagation-chronology-sqlite-runtime.mjs,6991,be4c2db928dc3427de845c80b8e6cfbd75cf0ead857ab28ee34cd2b0311bda92,.mjs,HISTORICAL,false
scripts/verify-build185-backup-propagation-chronology-syntax.mjs,1496,95f46f9a4c1fc30870d8fb83d714681cce7dded6bea6c02e43929b3d77229b16,.mjs,HISTORICAL,false
scripts/verify-build186-clean-rewrite-linked-chronology-contract.mjs,6512,898c610afa7c6c0b6819b49bc12bbeb0f1ca9badd9da38f688e8bac51452c4de,.mjs,HISTORICAL,false
scripts/verify-build186-clean-rewrite-linked-chronology-runtime.mjs,10804,502a130e145426be91ada727d130849e04500dd918a41b984ad4b863bcf4a483,.mjs,HISTORICAL,false
scripts/verify-build186-clean-rewrite-linked-chronology-sqlite-runtime.mjs,6249,43b92e3897cc0d8dc0c2769ea3c33c13690d1c0bbc27034e9aa1b5f91809fc65,.mjs,HISTORICAL,false
scripts/verify-build186-clean-rewrite-linked-chronology-syntax.mjs,1498,89f562a8c31a7c1ff1b7a5c68542ba1b6e096d4f43b04045be389bce369cbe54,.mjs,HISTORICAL,false
scripts/verify-build187-clean-rewrite-recovery-chronology-contract.mjs,8096,e70036f5bf917edf841b6dcca8fa4ea66656e47ebbfe93ed2f4637d23334b477,.mjs,HISTORICAL,false
scripts/verify-build187-clean-rewrite-recovery-chronology-runtime.mjs,7403,990f6590ff3b58b178726f58ae7d05c1a0fadd18b15badfc10a5dab693c977a7,.mjs,HISTORICAL,false
scripts/verify-build187-clean-rewrite-recovery-chronology-sqlite-runtime.mjs,8705,36623209cb7fa489a0325aee12d3b859d3cdf6b0412aeb798b9cd01bfabe1f37,.mjs,HISTORICAL,false
scripts/verify-build187-clean-rewrite-recovery-chronology-syntax.mjs,1515,8b6177b61332759d4dcf3e01d1f64b064a1bf1be7ee23d3853d577864a77fd01,.mjs,HISTORICAL,false
scripts/verify-build188-clean-rewrite-claim-chronology-contract.mjs,7501,6cf4ec208e729ad11272db05a2a773635ffdd716d70d7584daca9201e01c39ba,.mjs,HISTORICAL,false
scripts/verify-build188-clean-rewrite-claim-chronology-runtime.mjs,10345,6a5fdaa9953dc5b94204ed0f1b44b66f1a69a3ad81f40b13ed664e1dc71f4924,.mjs,HISTORICAL,false
scripts/verify-build188-clean-rewrite-claim-chronology-sqlite-runtime.mjs,10441,32b5c0eb8e7f86f6dbd277926dbc43f7b4249f94d35c0658f47c5255e2f66908,.mjs,HISTORICAL,false
scripts/verify-build188-clean-rewrite-claim-chronology-syntax.mjs,1515,0cf5071dec292c269393dd99de12783e27cfe258ec7404b986f0b27bf2892f13,.mjs,HISTORICAL,false
scripts/verify-build189-clean-rewrite-operational-isolation-contract.mjs,7296,86200525e0b47cd0982a5aaa1c5664264e937db73f5883ef51d1d35b41a3ba31,.mjs,HISTORICAL,false
scripts/verify-build189-clean-rewrite-operational-isolation-runtime.mjs,8749,73965e51f0dc6e93ff97a4d3976aa3c49f18504ec92f587c832b75b7d90d484d,.mjs,HISTORICAL,false
scripts/verify-build189-clean-rewrite-operational-isolation-sqlite-runtime.mjs,10749,47dfe3b336392df82c05284feefdab0a511b644a98e9c9758e85f4f2bf8488c3,.mjs,HISTORICAL,false
scripts/verify-build189-clean-rewrite-operational-isolation-syntax.mjs,1529,c689e4620c785e0a08465db21633b5b324819701482f26fa5346e60989703fc1,.mjs,HISTORICAL,false
scripts/verify-build190-clean-rewrite-terminal-chronology-contract.mjs,6741,a0de75ccfd27cb7f8767eea314221d42e7942b8c4e3b51b24a42f28a4bfebb8f,.mjs,HISTORICAL,false
scripts/verify-build190-clean-rewrite-terminal-chronology-runtime.mjs,10958,72ce1cfd52ff05d5a70163da21bca2d169180639382aa8f81e0a9dd0d2e0b9fd,.mjs,HISTORICAL,false
scripts/verify-build190-clean-rewrite-terminal-chronology-sqlite-runtime.mjs,10296,f633b20a1b95bd18af37ae5fade1b68bfa75cc2963a4c906c5cae060f5ed3111,.mjs,HISTORICAL,false
scripts/verify-build190-clean-rewrite-terminal-chronology-syntax.mjs,1523,4a5b1dbd9d01a927931b337943e9ab5f1613e61edfcf4a6bf388758282b6e12d,.mjs,HISTORICAL,false
scripts/verify-build191-clean-rewrite-trigger-aware-backoff-contract.mjs,7275,030684c3c9cd4b31979e45aa5570a3b912e1831c47309d29a9504b004519b1e1,.mjs,HISTORICAL,false
scripts/verify-build191-clean-rewrite-trigger-aware-backoff-runtime.mjs,8598,5e6c744a2ad951760f717b35a0cb98dd5eef1951b909070be3a0f1885438ef21,.mjs,HISTORICAL,false
scripts/verify-build191-clean-rewrite-trigger-aware-backoff-sqlite-runtime.mjs,12281,008bf9f2476ecea611a19c33ea0a167f3f47617c7053b95a191d859a58f9f00e,.mjs,HISTORICAL,false
scripts/verify-build191-clean-rewrite-trigger-aware-backoff-syntax.mjs,1521,2ab922e10295adfce4a25871e082fc1ebd9811442d1ddcf3f5ab5a8738ba8890,.mjs,HISTORICAL,false
scripts/verify-build192-clean-rewrite-manual-availability-contract.mjs,7395,e7d1cf7e118955a9777eb2950a2565df33f46427ebeec9a880da326a22ba6f4a,.mjs,HISTORICAL,false
scripts/verify-build192-clean-rewrite-manual-availability-runtime.mjs,8539,3d10e0dc27e7e6599a4ea57e91b79d281121f862efde66d5ec3898ad055e54d5,.mjs,HISTORICAL,false
scripts/verify-build192-clean-rewrite-manual-availability-sqlite-runtime.mjs,8836,fd143d8be726576349e6da0fb74bdbf61b8424293123b6ce89d46034fbb69a6a,.mjs,HISTORICAL,false
scripts/verify-build192-clean-rewrite-manual-availability-syntax.mjs,1523,75fb00d9af31be503d968538e529482845a53f58a0520d2a5be392c2d4bb9fc5,.mjs,HISTORICAL,false
scripts/verify-build193-clean-rewrite-running-ledger-identity-contract.mjs,7422,f20945bf5ac5fcea6f68b0b7a02c1a8a37e84dfac0578ee5571bcbe917d1a994,.mjs,HISTORICAL,false
scripts/verify-build193-clean-rewrite-running-ledger-identity-runtime.mjs,7223,14967c5fbd83e81b975100af1bc63f6f18e2d40c78a2735fa1fad3b65f5d8e03,.mjs,HISTORICAL,false
scripts/verify-build193-clean-rewrite-running-ledger-identity-sqlite-runtime.mjs,11190,c76738c34f55696d5f1936ae6bfde1fdabd9c3632ca8110e6c6de77bf3b0741f,.mjs,HISTORICAL,false
scripts/verify-build193-clean-rewrite-running-ledger-identity-syntax.mjs,1543,aa67231761cbff7d2a3bcf000b80e7086bad95f70255274c693878ab40f79c83,.mjs,HISTORICAL,false
scripts/verify-build195-clean-rewrite-active-ownership-snapshot-contract.mjs,4626,4eaea2ac178ab819970370ad49910df434fe3ab8d5365b654d3c715f67bcb6aa,.mjs,HISTORICAL,false
scripts/verify-build195-clean-rewrite-active-ownership-snapshot-runtime.mjs,4941,d87b1f741fae13e3bb988800afca508c0fa91bc5801e3803baa7d2db190f8b77,.mjs,HISTORICAL,false
scripts/verify-build195-clean-rewrite-active-ownership-snapshot-sqlite-runtime.mjs,9451,d4b5c64c3ac4143a163358da4074cae86b4d53eccd18173022a67ad0d62df893,.mjs,HISTORICAL,false
scripts/verify-build195-clean-rewrite-active-ownership-snapshot-syntax.mjs,1266,cd29fda3b7ad50a41bc630359a4a44e6658d93e83105078a2db646d5fc94a95d,.mjs,HISTORICAL,false
scripts/verify-build196-clean-rewrite-active-policy-parameters-contract.mjs,4494,9175c04b64e7523e22707a46502831e5d185e105a8d95d7e1455c74abbee406e,.mjs,HISTORICAL,false
scripts/verify-build196-clean-rewrite-active-policy-parameters-runtime.mjs,5294,d89112ff9e480c232c60a62d40dc10736e393101e06a3e3bbbed8a45ae99b476,.mjs,HISTORICAL,false
scripts/verify-build196-clean-rewrite-active-policy-parameters-sqlite-runtime.mjs,8203,6afa274e47837d2babd53dfd115089607ec0b6f616549a21b087f9c4ccd4c7f7,.mjs,HISTORICAL,false
scripts/verify-build196-clean-rewrite-active-policy-parameters-syntax.mjs,1263,b12f6526187eae7ea295ff4568ba4e1448be08d1b49a3e18ccb3a36e7c94997f,.mjs,HISTORICAL,false
scripts/verify-build197-clean-rewrite-atomic-terminal-transition-contract.mjs,4602,b554434631c7143970e95e30d4c9d20060dd80d54ba8abd76d6d7ce932f18d02,.mjs,HISTORICAL,false
scripts/verify-build197-clean-rewrite-atomic-terminal-transition-runtime.mjs,6295,497b3f12786ddc6e3c764e5bcb3eb7692f6668427f249cfa5ae99d3b6f9e3b10,.mjs,HISTORICAL,false
scripts/verify-build197-clean-rewrite-atomic-terminal-transition-sqlite-runtime.mjs,9211,7c5b990c8f0f48d784c81e0875eddfff38e771e87c771b996abea80f15877335,.mjs,HISTORICAL,false
scripts/verify-build197-clean-rewrite-atomic-terminal-transition-syntax.mjs,1257,d6ac0ef0b6168cf925a15969bfb3124670d70ff6291acc5d2bced9cc1b337745,.mjs,HISTORICAL,false
scripts/verify-build198-clean-rewrite-terminal-chronology-contract.mjs,1331,ae9edd9c36f878cba26818735075391266bdd3b614fbf982f0c1b1b89ff7ebee,.mjs,HISTORICAL,false
scripts/verify-build198-clean-rewrite-terminal-chronology-sqlite-runtime.mjs,5892,5f1f23b7c1577c8162466704a60f46726b49f30d4285c64a976689945814523e,.mjs,HISTORICAL,false
scripts/verify-build198-clean-rewrite-terminal-chronology-syntax.mjs,1141,3120646575fc01b06317efb4995942fb1903968f4f343b7bfa40a9a0b17b23af,.mjs,HISTORICAL,false
scripts/verify-build199-clean-rewrite-propagation-outcome-sqlite-runtime.mjs,5740,2d243c4d92988e929e4b79bdf239b316c1a44377a354df1aa31dff8d6785c52b,.mjs,HISTORICAL,false
scripts/verify-build200-clean-rewrite-propagation-status-sqlite-runtime.mjs,5404,ed3e1277773185ba05ea7f333ff581048a557f61feacc7f972ec8fb4693f98ab,.mjs,HISTORICAL,false
scripts/verify-build201-clean-rewrite-propagation-uniqueness-sqlite-runtime.mjs,3173,052a92ad0e7bbe8e1588a3a359fcd01665df02ae969e30a7a3b736af2083b0e0,.mjs,HISTORICAL,false
scripts/verify-build202-clean-rewrite-propagation-reference-permanence-sqlite-runtime.mjs,2472,15ecf596e1b189f2212fd104a2da100375f3d96c9743d62528323403c4b0b6fb,.mjs,HISTORICAL,false
scripts/verify-build203-clean-rewrite-propagation-evidence-immutability-sqlite-runtime.mjs,6025,ca950e11c297825efcf1728882618c58ffc48deabcb5445e27a37add34baf41c,.mjs,HISTORICAL,false
scripts/verify-build204-clean-rewrite-propagation-replace-bypass-contract.mjs,2637,a00bfd7a7ec328f29ad25361328b045c8d1665129af5ab7e752a247a0b21675c,.mjs,HISTORICAL,false
scripts/verify-build204-clean-rewrite-propagation-replace-bypass-sqlite-runtime.mjs,5527,a6e08bde7a313393f5ee72f24153894b8d7323077936042ddf16125632c8b23a,.mjs,HISTORICAL,false
scripts/verify-build205-master-build-ledger-contract.mjs,3740,d6d76c4d641e859a425bfbad51d3dd1fd913e6778ab8753bf6a6d7d67955ef65,.mjs,HISTORICAL,false
scripts/verify-build206-project-rules-contract.mjs,4617,812c965f3eed3a08f84f64c976fb370c313a8214c4e48efa39a4821dbe6e554e,.mjs,HISTORICAL,false
scripts/verify-build207-conversation-context-handoff-contract.mjs,4650,2973ed43fa04c95f3387b1a7a795742f8f82c16608434bd3b9c0af3bacf6ac11,.mjs,HISTORICAL,false
scripts/verify-build208-controlled-typescript.mjs,1570,0cc48a95d3388946d01d02d1e1b4acc890f4aeb74f58a8eb41ef45a3342e18f2,.mjs,HISTORICAL,false
scripts/verify-build208-project-constitution-contract.mjs,3583,5aad1a2f2ebc53d5cf36d103938b2530c865060ca861004a9c6d925ade0bcef4,.mjs,HISTORICAL,false
scripts/verify-build209-renderer-syntax.mjs,1108,04c7cc9b06e8afa12eda09fcb87d72b37b618f59da04b996f0c53f4565a37031,.mjs,HISTORICAL,false
scripts/verify-build209-secure-onboarding-vault-contract.mjs,8119,3701279e676cb6fff09fdcc228cda1c3e0a1f7e5f31054163503323ded698852,.mjs,HISTORICAL,false
scripts/verify-build209-user-data-vault-runtime.mjs,2994,f240c27a86492200c48cb5df753af73ea2d0a15bbbecda9c5a2999c8890a7dd4,.mjs,HISTORICAL,false
scripts/verify-build210-clean-rewrite-terminal-ledger-immutability-contract.mjs,4793,473e55a15d1238d6a2bdd2dfd9c4946eb184a33ea16b2728119c969c22bb7366,.mjs,HISTORICAL,false
scripts/verify-build210-clean-rewrite-terminal-ledger-immutability-sqlite-runtime.mjs,7494,1237a90fd31b721c2aecd55ffbd3c584b216f5b1aceed43cd03d213fa4693092,.mjs,HISTORICAL,false
scripts/verify-build211-dependency-install-readiness-contract.mjs,3621,5a89d1d10cee3f4048eacfe173af3451139be2004179dbf077d817c03cbfdcd0,.mjs,HISTORICAL,false
scripts/verify-build212-ui-visual-baseline-provenance-contract.mjs,4161,8552ae6119859738f17fbb2494931157e941e5d923648fc08f9b8a166f9548cb,.mjs,HISTORICAL,false
scripts/verify-build213-in-use-data-protection-contract.mjs,5134,02833959b79b23f6f15fc64c4dc240f8d47e72c5eb979eb2189713ac79b94d5a,.mjs,HISTORICAL,false
scripts/verify-build213-volatile-user-data-runtime.mjs,5834,b317220730554cd9b5c996629180d383d1279e6f3b4e079d5884d16557edc4b5,.mjs,HISTORICAL,false
scripts/verify-build214-open022-contract.mjs,5090,912043e0ddfefd1961ca4bbe45e10b167005f7b9a23bc20d4cf2f4bc27ac4bcc,.mjs,HISTORICAL,false
scripts/verify-build214-pr171-contract.mjs,3249,d75e2b19bfbba605f72e8a309f7d5b7dd96768662e8288c0d127a11be70e68ed,.mjs,HISTORICAL,false
scripts/verify-build214-protected-side-artifact-runtime.mjs,5624,3ac943285db4a6b273d8eac678f0c791fa5987b2b1ac52a5e4f3aa1a0d354102,.mjs,HISTORICAL,false
scripts/verify-build214-side-artifact-integration-runtime.mjs,5450,393cc215cac119536cdf65bbdd52575b159f28fdfaf2f1281b5e6cedf4d6be37,.mjs,HISTORICAL,false
scripts/verify-build215-windows-security-evidence-contract.mjs,4785,4700036e44ae81e79d20515379dd8ae712c076942ef2a4619912fd55856b0a09,.mjs,HISTORICAL,false
scripts/verify-build215-windows-security-evidence-result.mjs,3889,0de7bb5166e4f71d40f829260ce9f5c2f51f5c1140ce0a05e6b3116d23c7b325,.mjs,HISTORICAL,false
scripts/verify-build216-windows-evidence-intake-contract.mjs,5691,a7e19beb7b9cfb3e296ac09884f79b7a3306a4fa503da1202f6f446a74f61b37,.mjs,HISTORICAL,false
scripts/verify-build216-windows-evidence-intake-runtime.mjs,6051,ebf5b72515996a9dbaffddd18bb5046fe4ee2c617d499c1e6f5a9613c9f20f9b,.mjs,HISTORICAL,false
scripts/verify-build216-windows-evidence-intake.mjs,2204,170a9e8f99cc2586a3de50d9da31f187153b5cdb6d6381690b0b2085b2d4d24c,.mjs,HISTORICAL,false
scripts/verify-build216-windows-security-evidence-result.mjs,3889,888a71770bcd4ded8028d98fbbf39748a1d195a20906e066a19b84e232802030,.mjs,HISTORICAL,false
scripts/verify-build217-open021-isolation-contract.mjs,4824,8380d17d225380ac88cb0907783c292c80eae8b0af3e9efb8d2f463b1dc5cde3,.mjs,HISTORICAL,false
scripts/verify-build217-open021-result-runtime.mjs,4880,f360e4bdb21411a0e13dd9a25ac22e2cb1494fbbc63c09a15ecf83e6aaf387f7,.mjs,HISTORICAL,false
scripts/verify-build217-open021-windows-result.mjs,5431,cfb0fdfab1abc3e76f1fc83cc5062b8ec6aebfdad64a861b7fab2234b14a0652,.mjs,HISTORICAL,false
scripts/verify-build218-open022-isolation-contract.mjs,5770,e7fa75f78b6fa7f4b2175569ca93147b8edb1963b68ebb7716f1be1769287a7f,.mjs,HISTORICAL,false
scripts/verify-build218-open022-result-runtime.mjs,5293,1647808d2e607e49678bfb3f1d0bd1673bf2fcc899150c7d17f11212b54cfdd1,.mjs,HISTORICAL,false
scripts/verify-build218-open022-windows-result.mjs,6559,8d2d42cf315b2f908b33c8e2fe6723e64110c1027ceb2e351c1bb198081079f0,.mjs,HISTORICAL,false
scripts/verify-build219-bronze-security-result-runtime.mjs,6279,cdcc28b281909cf67901e31fbb2ffbfaf4d0ca8463fed226789d70b25ee839d1,.mjs,HISTORICAL,false
scripts/verify-build219-bronze-security-unified-contract.mjs,5690,595dad128c459c4c00dbfc6f856c525440198f6502df55ff95dc2d970ecc101d,.mjs,HISTORICAL,false
scripts/verify-build219-bronze-security-windows-result.mjs,10234,510e7c6c7501693a647cedc014037005210b8a50141fc896bdb2727888a34733,.mjs,HISTORICAL,false
scripts/verify-build220-bronze-security-bootstrap-contract.mjs,7186,0f74212593713ec99cbaf843be7e700a1a0a0bc93dc77b6eadcd6ea6d7d0bec1,.mjs,HISTORICAL,false
scripts/verify-build220-bronze-security-result-runtime.mjs,6279,baae573b8efa37732451b98393e2f5d99dde597ced2e8029e968593789d558ae,.mjs,HISTORICAL,false
scripts/verify-build220-bronze-security-windows-result.mjs,10234,99703c3b4fad85e0e68f9eb6bc77ee31c6f2a3aaa6a0f36e76c1a5b40ee4e2b3,.mjs,HISTORICAL,false
scripts/verify-build220-windows-failure-intake.mjs,1986,3594fad44a91ff95d4349b6da43aae40b68576d44664096632fddf24042d937b,.mjs,HISTORICAL,false
scripts/verify-build221-bronze-security-result-runtime.mjs,6279,ad7acae1a669266f9ef29823ba649bfaa1b66e4e8d77c0c1127c89e4c3ae1651,.mjs,HISTORICAL,false
scripts/verify-build221-bronze-security-windows-result.mjs,10234,265271edfa5acc149637680f0807d85f2450ea2238c7f2fec6f39160c8ff1216,.mjs,HISTORICAL,false
scripts/verify-build221-bronze-security-workspace-build-contract.mjs,7975,d38e62b2c77220cba06eca8ac99ee4cd622f4f5ea44b292658ca9c059896e2cd,.mjs,HISTORICAL,false
scripts/verify-build221-windows-failure-intake.mjs,2047,0a4752e98631922120f3a159e1eeb5d68f2f03866674916c31f4573f737b4421,.mjs,HISTORICAL,false
scripts/verify-build221-workspace-dist-guard-runtime.mjs,1934,3f7e6b26af367a682f22af85a3d23c20f37fc28b91ae35a4cf38513b816a492b,.mjs,HISTORICAL,false
scripts/verify-build221-workspace-dist-prerequisite.mjs,1335,1266f7abb45787b5f3e4be0f6f4572e0aec9327db5720cac21024dccda036c79,.mjs,HISTORICAL,false
scripts/verify-build222-bronze-security-result-runtime.mjs,6279,8d4e82a6e25bc0beed6aa91e7ec7752b14051e2c074565d3f83b9aeae02566c9,.mjs,HISTORICAL,false
scripts/verify-build222-bronze-security-windows-result.mjs,10234,9fa961030c022ad60d9d06ac0ede2cbca857b79271f46de1d9250b4b42c96d7c,.mjs,HISTORICAL,false
scripts/verify-build222-preload-lifecycle-contract.mjs,3547,352cbfc14147bf0665bba428e7360839d31f3ae266ab5c8990a4f40bc2650d07,.mjs,HISTORICAL,false
scripts/verify-build222-preload-typescript-ab-runtime.mjs,2591,781304afbdd93d60f7705f9b1422fe301b866146eaefd77c537051db22c354ca,.mjs,HISTORICAL,false
scripts/verify-build222-windows-failure-intake.mjs,2509,2a21e7941ceb736d252e83769e41e3a80ee89584c568ba9c796fb756ac26949f,.mjs,HISTORICAL,false
scripts/verify-build222-workspace-dist-prerequisite.mjs,1335,38ce80a67461dabe89a790d284ce32680ee7145ea2ebf74a26fe1af2577ef08e,.mjs,HISTORICAL,false
scripts/verify-build223-bronze-security-result-runtime.mjs,6279,eb662806458395e89badc61cab35454d506bc35ce9ef4db00fd9595f3d8ed982,.mjs,HISTORICAL,false
scripts/verify-build223-bronze-security-windows-result.mjs,10234,b1eacb5309f559565613dac3474b102da009ba3e49101a8806f0c039ebc58537,.mjs,HISTORICAL,false
scripts/verify-build223-preload-cjs-graph-contract.mjs,4377,dfa29e921f2ffcb6aaf91bb656717e164f2070d3390c95616ad15d9bbdf49fb9,.mjs,HISTORICAL,false
scripts/verify-build223-preload-cjs-graph-runtime.mjs,6512,9e5ed83daebc29a7229f34721168889f84c7126f6abeb4383a841a218834b737,.mjs,HISTORICAL,false
scripts/verify-build223-windows-failure-intake.mjs,3452,7d9fde64279d5d3d24cae73925988a42ba19f8d56c6bef80a1de483811e30945,.mjs,HISTORICAL,false
scripts/verify-build223-workspace-dist-prerequisite.mjs,1335,9c42fa9eed20db7c0f92e44b72a98874d94d780721fff48227ef6aa3a104bab3,.mjs,HISTORICAL,false
scripts/verify-build224-bronze-security-license-remediation-contract.mjs,6499,21baf1479b63800c7213ceeaebec8bc45ac9440eb6d32814687f365b7321d5c6,.mjs,HISTORICAL,false
scripts/verify-build224-bronze-security-result-runtime.mjs,6279,5c23768cc9b7bdd9f1c4155049917743d65e8a3b880a49d5777037d27ad111d0,.mjs,HISTORICAL,false
scripts/verify-build224-bronze-security-windows-result.mjs,10234,d3cd13ac269aa6b2e172e2a41168f0f6f303c4ed2d32b5e609d77f4ba7b00ab7,.mjs,HISTORICAL,false
scripts/verify-build224-license-rtf-sync-contract.mjs,4493,9ece6b0858040c1aed1061a639dabe3b6c488712d6ae354375cd9cff7d827eca,.mjs,HISTORICAL,false
scripts/verify-build224-license-rtf-sync-runtime.mjs,4709,e62a2a19e2d97f09a5db4ef1011c0201beb3a3b608ce9f8463209cbfe7679678,.mjs,HISTORICAL,false
scripts/verify-build224-windows-failure-intake.mjs,3916,8d161233843c22005285baeb7b4ea130f11fc98a392e63333b45661ebfce72f5,.mjs,HISTORICAL,false
scripts/verify-build224-workspace-dist-prerequisite.mjs,1335,8138641da8f21e98fda87f59ff53ade0e747d830200dfde2a449ee46c23833c1,.mjs,HISTORICAL,false
scripts/verify-build225-bronze-security-result-runtime.mjs,6878,9e4816c38706368a1373a9db5195ccb0da0d9dad7403721ad243b2d04a658e8b,.mjs,HISTORICAL,false
scripts/verify-build225-bronze-security-windows-result.mjs,11279,b6c2e383f4e74934647dc27294a4ed8daf06fd01318ab8aecc789696a6ce70a5,.mjs,HISTORICAL,false
scripts/verify-build225-build223-preload-cjs-regression.mjs,2465,712b1b84a119e3d3cbd2b883dab891f758a4df64e84bab1d6a6186bacaed346d,.mjs,HISTORICAL,false
scripts/verify-build225-build224-license-regression.mjs,4995,628b5fc7260f25fc5a8c05fc64ce494fa89d9e607ce4afdc14f9b1a9043b70a0,.mjs,HISTORICAL,false
scripts/verify-build225-fatal-startup-contract.mjs,2215,0ddf4728ecf69df8a6edf3c6940f39e7da4f134e7c9817e3f62b4b19dad0e482,.mjs,HISTORICAL,false
scripts/verify-build225-fatal-startup-runtime.mjs,2076,b9cfc5115d36b53f31c4cf40efa3f6a254c225c7022f4864ff1fa5f77a06434a,.mjs,HISTORICAL,false
scripts/verify-build225-master-document-structure.py,3146,5af56332762200039654ad89d7ff44e742172ff3ce4b22c79eae755550832ee1,.py,HISTORICAL,false
scripts/verify-build225-open021-efs-contract.mjs,3748,d18d8e7c78b6d5f96b29187e6b30d157c403fd217fe3419c6aff3d9bdb86dfb3,.mjs,HISTORICAL,false
scripts/verify-build225-open021-efs-runtime.mjs,3114,e56fc034d4815478a150e83584dff197c6ab1cdb04e850c5c1d8d14a52d35760,.mjs,HISTORICAL,false
scripts/verify-build225-open022-safestorage-contract.mjs,2888,60fd16beae7a9dbcc7830db0943b14c2b95b3b7b692ade5d75cc759c743b2f42,.mjs,HISTORICAL,false
scripts/verify-build225-open022-safestorage-runtime.mjs,2386,cd5db22fd455fa480ad9b6a0d45817e1fb7567eb48a76ac146f32a85607aad67,.mjs,HISTORICAL,false
scripts/verify-build225-pr172-context-policy.mjs,3823,e29b6d1f5b3668e1d5c354dbeca73348bd3ceac70ab0215c4d408fcb729496cb,.mjs,HISTORICAL,false
scripts/verify-build225-windows-retry-contract.mjs,3238,e0c157f4595058fe9901016013c9ec81bbb73bf1c88ea3aed6d833b5e26c7d92,.mjs,HISTORICAL,false
scripts/verify-build225-workspace-dist-prerequisite.mjs,1335,0257c2310fc20b0690994891ecdd45ab16c05210ee3935225ed6c842cb448f29,.mjs,HISTORICAL,false
scripts/verify-build226-bronze-security-result-runtime.mjs,6878,8f5eee02f60aa3e19f49b0b61b2b4ae99c526d9beedc250cbab25821a8ac0bff,.mjs,HISTORICAL,false
scripts/verify-build226-bronze-security-windows-result.mjs,11279,ca44772127512ea9365a9c8ffc9ab70fcd3390f25a6bc83b411269031db5fa9d,.mjs,HISTORICAL,false
scripts/verify-build226-device-identity-protection-regression.mjs,2647,84db65a7b2eb634d9fc636b2bd0d5f476c66ae67ef1475391af327501859a256,.mjs,HISTORICAL,false
scripts/verify-build226-fresh-profile-startup-contract.mjs,5266,3a6aef73e81557d58c98aab7165be52d83f847a0b81e25d2fe06ce997c45d639,.mjs,HISTORICAL,false
scripts/verify-build226-fresh-profile-startup-runtime.mjs,10002,ae81f8190ae499ec35ae6596fe1b0551b1843db4ba5c1ecd2235f01a3647ab6e,.mjs,HISTORICAL,false
scripts/verify-build226-maintenance-reauthentication-persistence-regression.mjs,2804,fa8782e53474d36e28cb3240599affc8c045e0f93a645f7cc26f16bdf751c0d9,.mjs,HISTORICAL,false
scripts/verify-build226-windows-retry-contract.mjs,3238,a3f449ee23db3cc4ae481fcd7502571c6849e278d1908dcb4c4bec0639763072,.mjs,HISTORICAL,false
scripts/verify-build226-workspace-dist-prerequisite.mjs,1335,bfb3f0862a49089fc7313c01315e42f3f710e25a9da73a92b02cbf8ab2a88b81,.mjs,HISTORICAL,false
scripts/verify-build227-bronze-security-windows-result.mjs,9811,bf31f64fca562f32a96cb39e998186d0a2d4175fbea615e6f7a5b20c13312937,.mjs,HISTORICAL,false
scripts/verify-build227-dpapi-persistence-runtime.mjs,6323,41b6fe00ee5873e8b007fd0a7412ce321615981b3ee179b6f2991a300f022631,.mjs,HISTORICAL,false
scripts/verify-build227-root-cause-contract.mjs,4962,1a21721ea1fe5ebb964b921f15af512743828d426028d03a23662e1bbc68c1cb,.mjs,HISTORICAL,false
scripts/verify-build227-workspace-dist-prerequisite.mjs,1370,659bf56662e2f020215b6d93c024035b7ad879925e976ad4ab17d8bbd771021d,.mjs,HISTORICAL,false
scripts/verify-build228-bronze-closure-contract.mjs,3548,e5852cec499adb6dd17a7231ad23f77a0825735174684fa2131cf510dc2457cf,.mjs,HISTORICAL,false
scripts/verify-build74-report-summary.mjs,3935,55cc5243a9d85862efd1f510d243d3a33602a2fd8e6f50811540f40e30ad6c04,.mjs,HISTORICAL,false
scripts/verify-build75-maintenance-recommendations.mjs,1259,84539ee87d87e633774c9d84dc4b794110606121cb498d221f88caefffc8c0b2,.mjs,HISTORICAL,false
scripts/verify-build76-location-boundary.mjs,1397,b9c82d05eacf3fde9ec7a389fd409bfef9629a5b714324670bbba4826001f689,.mjs,HISTORICAL,false
scripts/verify-build77-archive-open-boundary.mjs,1616,4347bf67be36db3d78ad950d6a3c76715dd5443e07930f02a34b29d4150ffdff,.mjs,HISTORICAL,false
scripts/verify-build78-archive-search.mjs,1681,85118cc4f599d6457084d3f450a5cce788a0d24ba90cca0a3371025fe5decb64,.mjs,HISTORICAL,false
scripts/verify-build79-current-account-repository.mjs,1444,be446b27a4c648a0c437300aa9a9c75be87727f2b3b08d56d7ee5cf5cc6e2c30,.mjs,HISTORICAL,false
scripts/verify-build80-family-admin-boundary.mjs,1444,3a86f2be78a6d7a87a9fa6f9f5f58be17c85581d1ed31d2cc699f48018a110e3,.mjs,HISTORICAL,false
scripts/verify-build81-audit-backfill-boundary.mjs,1420,36c7b28404d141800bcba903956ce2312021e782d85603fb997f10bb8ae43a09,.mjs,HISTORICAL,false
scripts/verify-build82-bootstrap-boundary.mjs,1820,87fd883defb26707335c65226531469bb44fd6dc400e235aee7152716ca1767f,.mjs,HISTORICAL,false
scripts/verify-build83-audit-read-boundary.mjs,1497,8ca605c9934eaee031bf84688391c72b00ee7f2997755bc370087781ccd5b579,.mjs,HISTORICAL,false
scripts/verify-build84-audit-write-boundary.mjs,1707,0e00ccd234ddaf9e585495811d65dac748bb76f290df8f58dd5b3418f1890803,.mjs,HISTORICAL,false
scripts/verify-build85-database-health-boundary.mjs,1584,81d1b99558173e2ac4d9935d3f1b08783893456fe84d309c80c49ffc7bec223b,.mjs,HISTORICAL,false
scripts/verify-build86-database-maintenance-boundary.mjs,2251,f103ce4c45753bdfdddcde50e85c661b7b12803563758a945afde37be8dfec7d,.mjs,HISTORICAL,false
scripts/verify-build87-backup-database-safety-boundary.mjs,3012,93f819c89705c3c428d1ee02324749baa9c98f544e25bab0f551d1e5ce5d17be,.mjs,HISTORICAL,false
scripts/verify-build88-audit-storage-protection-boundary.mjs,3291,85d503256b343aa20c0d2818167b05520da268d17ff4cc54f89d839788ccca15,.mjs,HISTORICAL,false
scripts/verify-build89-database-runtime-boundary.mjs,2898,f7ccdbabe4bdecf9cf24eebeac2ab5a3e414608a9707bdcbaa01b532aa0b916c,.mjs,HISTORICAL,false
scripts/verify-build90-archive-vault-file-boundary.mjs,4397,e80e0978a045d9d04b65f2bc20e1a1765d3d235f6c799f0bdde6c7de87d1db2f,.mjs,HISTORICAL,false
scripts/verify-build91-operational-artifact-file-boundary.mjs,5463,a0ed0def15e88df7584b91481a5f5df24c6e815aca627cf57fa031dfd004b666,.mjs,HISTORICAL,false
scripts/verify-build92-backup-target-file-boundary.mjs,5255,06171c48134b152d0459438fc663d97d94bd6047acb46caef18f93d82682dc4c,.mjs,HISTORICAL,false
scripts/verify-build93-full-backup-file-boundary.mjs,7797,e7823e7ca05ae5dfd5846285092613ec1423ad1d4c5a9d04b3eb714ae17a16a3,.mjs,HISTORICAL,false
scripts/verify-build94-system-resource-boundary.mjs,5390,fdeb4546257ef30c6678179cb1b6c0a4cf5367ba71bf88b53f524575aa6e8470,.mjs,HISTORICAL,false
scripts/verify-build95-invitation-token-boundary.mjs,3284,98b1f01537170dc2b3cea478f3de763018c249f9271073c88e3b6f900dee4ce6,.mjs,HISTORICAL,false
scripts/verify-build96-database-export-file-boundary.mjs,4078,264a513bd50ec5e4a6ce257960978263984f236d95b138e3860f5b957d92060e,.mjs,HISTORICAL,false
scripts/verify-build97-auth-security-adapter-boundary.mjs,4994,5c9f164feb42fe4c00773050d2c852f896a2d5f777622bb1794b766b26c50f38,.mjs,HISTORICAL,false
scripts/verify-build98-family-storage-layout-boundary.mjs,4437,a585f28c7daa3887c679b4621a5499206239666959de7266a2045476250cf247,.mjs,HISTORICAL,false
scripts/verify-build99-architecture.mjs,6710,e7fcfc3bf36396cb00b2e40996335ce21b15a40ce539b55083debf6dc8ebd70d,.mjs,HISTORICAL,false
scripts/verify-canonical-rule-registry.mjs,3863,faa69de69dd8bacd4e8fe465060affbd1214182325974255e2eb2dae9002ae4b,.mjs,TEST_OR_GATE,false
scripts/verify-client-data-access-boundary.mjs,5442,5ae4a540bb5c1ba137ade90e1b3f0b4b6a12916fd77cc8ef7d07cd6d65e4ab0f,.mjs,TEST_OR_GATE,false
scripts/verify-conversation-capacity-policy.mjs,1197,873fba0d910930b6eeafe288552f46d1b14cb6f7670826893d3182e799bf7cca,.mjs,TEST_OR_GATE,false
scripts/verify-core-service-boundary.mjs,1458,b9e9b668b1342fe04739bf4157e5ea6f485ffa94106f44a8ed5f9e796f78e684,.mjs,TEST_OR_GATE,false
scripts/verify-core-service-local-admin-contract.mjs,10032,f6f8425002e80407d63f8d895f076765f78b4dadb68b260a0ad2f55d4f487562,.mjs,TEST_OR_GATE,false
scripts/verify-core-service-local-admin-runtime-wrapper.mjs,391,cb449c3c3c82cf33d9b952d912304d53a3a1ef99f09fb539332ef74de1c03af9,.mjs,TEST_OR_GATE,false
scripts/verify-core-service-local-admin-runtime.mjs,9755,1c8f56be2001f5ca3972727dc7c72ba19cce04e4f4a052bdec99d5eb3980ad18,.mjs,TEST_OR_GATE,false
scripts/verify-current-master-documentation-v5.mjs,292,f9eb4fea2eb951b46ebe101008baf7499609a498b6f17dfea71bb8a572d0a158,.mjs,TEST_OR_GATE,false
scripts/verify-current-master-documentation-v5.py,3592,f0e83b7d27168a40b423491ed894af0820510ccb174a53ac36d7d66da05ea6ac,.py,TEST_OR_GATE,false
scripts/verify-dashboard-overview.mjs,9734,78567ea8c2613a4d6d7f25c9a44b01385e440f7a4ea448b505a4df89df213f63,.mjs,TEST_OR_GATE,false
scripts/verify-data-store-smoke.mjs,10151,006edaeb8fcaaf9496162155fe34ec9622578ff1615c1d7a2bbc9b83b14bb7ec,.mjs,TEST_OR_GATE,false
scripts/verify-database-migrations.mjs,11588,497f753973413571493869cc7e434b652ed22932638808354231b7b4152c4524,.mjs,TEST_OR_GATE,false
scripts/verify-delivery-attestation-contract.mjs,3200,7efa82837e986e5362cb13ddfde052d9a30f54fe92d55a8079fafe0989888458,.mjs,TEST_OR_GATE,false
scripts/verify-delivery-attestation.mjs,1439,caa74c410ff62bb803a6421b9f088ce0525f448008b9b4d3d77af0d2e1e854c4,.mjs,TEST_OR_GATE,false
scripts/verify-delivery-report-contract-v2.mjs,1490,97d10e7e6c9c9fb4be18186299fd4d9415ad3e925a37c28c499ecac85921c163,.mjs,TEST_OR_GATE,false
scripts/verify-dependency-supply.mjs,5343,56dc975bda1cbdb4632a01c3031c69930dfc2a38586082bea1bf141eb839d005,.mjs,TEST_OR_GATE,false
scripts/verify-derived-data-policy-boundary.mjs,31139,97e24f7b21d4e019c4dcdb012168d0a960381aea1fc81c2b0433fef8b05014a3,.mjs,TEST_OR_GATE,false
scripts/verify-desktop-core-service-startup-contract.mjs,6449,33d04951781074688fadd47cd385fdad41a1658b55f721208a36f77b61a3fa01,.mjs,TEST_OR_GATE,false
scripts/verify-desktop-core-service-startup-runtime-wrapper.mjs,533,bc61c9371bbb3f719ac0221e1b2581ea7220208b79e534de6449a8d84dce7237,.mjs,TEST_OR_GATE,false
scripts/verify-desktop-core-service-startup-runtime.mjs,16843,99b8e0952f7e24614733434ecab92ed92ec34cd540a72ce53399be3175a11396,.mjs,TEST_OR_GATE,false
scripts/verify-desktop-main-source-types.mjs,7377,2e83f5b11b74775b77eaadd8efa616d27d385954a87d79a0ebf11312ae634411,.mjs,TEST_OR_GATE,false
scripts/verify-desktop-security-boundary.mjs,10658,548fe8bba235b90473b65b8c6686f83ef82bb7fda9683089a89424d157f96f6b,.mjs,TEST_OR_GATE,false
scripts/verify-device-secret-protector-runtime.mjs,3045,30dd647496aa97a5c6df72753bbc3beb9896461e6570b3a08ca6e7736008f2fb,.mjs,TEST_OR_GATE,false
scripts/verify-diagnostic-export-use-cases.mjs,1881,9e15c77c956ee29bc0c0b6bf1bf339e4e727659bdf888cc50480249d23a2e56c,.mjs,TEST_OR_GATE,false
scripts/verify-documentation-closure-gate.mjs,2308,34d26d99d6bc9d1f906532819eb8329337b99a58b5e76a55723c14728920d795,.mjs,TEST_OR_GATE,false
scripts/verify-documentation-synchronization-policy.mjs,3876,a7555db9d6b40973d314c403b1786e760186f9a11951163a0b993c172311672c,.mjs,TEST_OR_GATE,false
scripts/verify-electron-fuse-policy.mjs,2041,e3abab257a366f7a7c257358df74d4c9f90a9d2c0553c374775a7920ea1a8c75,.mjs,TEST_OR_GATE,false
scripts/verify-electron-sandbox-environment.mjs,4470,4be72dd3ddee709d7a9ac2c5a76ffab6eea2e9ac1a86af2c531f25ba613e50f3,.mjs,TEST_OR_GATE,false
scripts/verify-event-dispatcher.mjs,9556,f4d98da63e64c370e895f4efd3cd46d497e240ec1be43f665e6e9517e5e11877,.mjs,TEST_OR_GATE,false
scripts/verify-family-emergency-assistance-card-boundary.mjs,20950,512633349858c5f5291b9809ae3d38cedb7a0f6cdbfd41ab7376a428c0b8bf7e,.mjs,TEST_OR_GATE,false
scripts/verify-family-emergency-card-portability-boundary.mjs,23788,aa18a9917212d3c247c1061544b2a4f7da79e099b18351bebb1424d91315475a,.mjs,TEST_OR_GATE,false
scripts/verify-family-emergency-planning-boundary.mjs,16771,94f31fabe7d3f92aa1e896c25a2053af43973cfeaa4ec7acc0967db8e8a8a9d2,.mjs,TEST_OR_GATE,false
scripts/verify-family-emergency-preparedness-boundary.mjs,18876,bb8e8f561fe93effbadfdecb9df384677d16ceed7144f92af9484870c05a8599,.mjs,TEST_OR_GATE,false
scripts/verify-family-use-cases.mjs,7630,160a442c491fee98b5c9356ac7a20468a8855d8a9ddb849127936ef18c03abf8,.mjs,TEST_OR_GATE,false
scripts/verify-feature-reality-gate.mjs,4097,fabe5689390adadab811d3a4de0ef8f38a4146033f19cad90c7d474258b9f052,.mjs,TEST_OR_GATE,false
scripts/verify-finance-use-cases.mjs,11820,24c19673da671c488a6cb0063162d20ec4eb68f8fd7f6c35b0bffdc1e356377b,.mjs,TEST_OR_GATE,false
scripts/verify-first-family-clean-release-policy.mjs,11314,b4b81bca8ffbfa98ca79472b99f2f7c87e24d838a7a114dcaf3b33f8534f902f,.mjs,TEST_OR_GATE,false
scripts/verify-foundation.mjs,4269,b769d98c57f349a61e56a9bd335171c3cfd8853d0ac0d3608823f2a25bbf83ae,.mjs,TEST_OR_GATE,false
scripts/verify-genealogy-read-model.mjs,5807,403e436809e09454784a566e9eb8c379006a4ca7c5088105565f1ac56440e3e2,.mjs,TEST_OR_GATE,false
scripts/verify-governed-preflight-tamper-runtime.mjs,1329,d056968b0b414f982d48a306373ab47080b4fddef334ce11a07a4ec61ca51f1b,.mjs,TEST_OR_GATE,false
scripts/verify-health-use-cases.mjs,12786,e93e5b8c60ca1c7346f0007f8f45c8dd2cd9b9b45d491bd87d7a4be788b935c4,.mjs,TEST_OR_GATE,false
scripts/verify-home-inventory-utility-belongings-boundary.mjs,17721,80174902a9cd357f89b28b3944a567ac16bba5ea3a26634c6de86f1625e50016,.mjs,TEST_OR_GATE,false
scripts/verify-immutable-policy-decision-audit-boundary.mjs,12768,71ebb35a640fa789358584be1ed646759adb5ab9d66a6d73850ff36ee683da18,.mjs,TEST_OR_GATE,false
scripts/verify-installer.mjs,237,3fda72cb666043bc15698ebc7976308d1d1f0e8bec88926f0ad0cb3bf1c828d9,.mjs,TEST_OR_GATE,false
scripts/verify-ipc-payload-security-contract.mjs,9487,dc3c62c3221abdf319b69f59a0129eb4f1ffab5c7a2f88ab1fa4f6f94719b9ec,.mjs,TEST_OR_GATE,false
scripts/verify-ipc-sender-trust-contract.mjs,8982,0a7db4d4c4b1016bbe4b7075d2962d81b21b8905b796839deedf5a9d3d586f29,.mjs,TEST_OR_GATE,false
scripts/verify-legacy-use-cases.mjs,4764,ea3046f0f27c31e85ed45e8a855ef56ab43467495ad15a8087d957d60b921ae5,.mjs,TEST_OR_GATE,false
scripts/verify-life-use-cases.mjs,8942,808a0be9018e81f5b450d097d7f2e3bd3cb48f6de80c162da2e3a7879d2c5aab,.mjs,TEST_OR_GATE,false
scripts/verify-lockfile-integrity.mjs,6994,aabfefa72a0db46806bea6c4b8364701f069dbe473f800ed4bb09d940638fc00,.mjs,TEST_OR_GATE,false
scripts/verify-long-term-portfolio-boundary.mjs,14008,d0879baebbf37e62624b21dd70cb798c4a871240059a1b09e28d6a9aa7be3fb8,.mjs,TEST_OR_GATE,false
scripts/verify-master-build-ledger.mjs,2300,e8dd77040847c75baff6fec9d78ee1e3d1f09301d2f66e94d7acdcc554f8a783,.mjs,TEST_OR_GATE,false
scripts/verify-membership-account-management.mjs,2192,d70566e11be12b5862bf30c0452e401c68b59c48f86b36bef8e2e27910a5b5c0,.mjs,TEST_OR_GATE,false
scripts/verify-membership-collaboration.mjs,11757,edf09e22e8a51b1b0dd606b21e7b97bfdad0c4fc98ad5eda4f52700b150f512a,.mjs,TEST_OR_GATE,false
scripts/verify-mfa-secret-legacy-migration.mjs,3493,438266dec37a8dede20c659021d1bb69e5c7f5d3e8b47bdae6caff24d033287d,.mjs,TEST_OR_GATE,false
scripts/verify-mfa-secret-protection-runtime.mjs,3281,85d991b73c28ac3604f80e1157ec1bd358449f2768638ba4b974c6f27353acf7,.mjs,TEST_OR_GATE,false
scripts/verify-mfa-trusted-device.mjs,9475,5ec8ba90446bdac2987bde37390e302377af8879b88fa0f6b3dc261d94670b4a,.mjs,TEST_OR_GATE,false
scripts/verify-monthly-release-contract.mjs,4725,48d5e353fc9de576c79b91ca828b27048b8f5a05dc7f3beaed1918cc75a36c04,.mjs,TEST_OR_GATE,false
scripts/verify-mvp64-operational-query-boundaries.mjs,2010,164351bf3a411b9057bdcadc2705b1cf2ab994799371e65f81bbcd83076bf30f,.mjs,HISTORICAL,false
scripts/verify-mvp65-diagnostic-archive-boundaries.mjs,1919,c25d4a6a4d4ac79b6462bdd4f745ffc6280d8b8867e72f2674c594ac3eb06c67,.mjs,HISTORICAL,false
scripts/verify-mvp68-automation.mjs,1578,0f4ac57cf071210023ebbf4640fc231ee7f293f787446d32aaa50669a7d02245,.mjs,HISTORICAL,false
scripts/verify-mvp69-automation-execution.mjs,1936,de43c8f4f119d1970f7081e64ea862320bf69c519c227a1942f163e3f2fb0a13,.mjs,HISTORICAL,false
scripts/verify-mvp69-automation-runtime.mjs,2987,88917a31de544a7ccb02b6d62cda06690200b89a7e1b5878ae161ff46e1f973c,.mjs,HISTORICAL,false
scripts/verify-mvp70-archive-retention.mjs,2150,c33d4dd7fa9b5d24cf7839a6fccc6ea92b9f1008aee2d814708f9947677b911f,.mjs,HISTORICAL,false
scripts/verify-network-egress-boundary.mjs,9442,4f6855f52f6b5ca1fe301e4f0e08fda7484ad6fe7c76b3ded2d3fef955492d40,.mjs,TEST_OR_GATE,false
scripts/verify-npm-cache-transfer-bundle.mjs,1439,bf445e8dc25602fbe0a3cfee7a5f3fa956df4c4c381af6c4f30d219324c47f62,.mjs,TEST_OR_GATE,false
scripts/verify-npm-cache-transfer-contract.mjs,9407,683c2d239c940ee81a3785db5ab50d65a51f352558abb3232c54657e36e87bef,.mjs,TEST_OR_GATE,false
scripts/verify-npm-dependency-handoff-request.mjs,2022,bdf7bd775dfcffccb0256974fd9d7ec967556f2959df0847297cfe8eddb19497,.mjs,TEST_OR_GATE,false
scripts/verify-npm-offline-cache-readiness.mjs,1525,bc20a07418eca70a0fd22921bee0cede1458f5fa8cdfde7c210226d430ca9d7b,.mjs,TEST_OR_GATE,false
scripts/verify-operation-rule-check.mjs,19215,b3e81b436bd0c76d434853b2e2a3c79bf0bd9473bef687258db7fc96798d0f7e,.mjs,TEST_OR_GATE,false
scripts/verify-operational-health-policy.mjs,2228,68fdf6b1acca9eeecfd69142b046194f2e99b16c43dd2a298ff82229692305dc,.mjs,TEST_OR_GATE,false
scripts/verify-package-source-types.mjs,4544,e2e24c107260441bb398aa47c172d70daae077894ea59325b3c5ce67c432a969,.mjs,TEST_OR_GATE,false
scripts/verify-personal-identity-sweep.mjs,2292,807bb43bc19b6870baea0e9b3203534b619e99c0290880861da45cbea31602d8,.mjs,TEST_OR_GATE,false
scripts/verify-platform-capability-manifest-gate.mjs,16970,e777af8cedf5743140484fdbfd20471886a15b08d7cba0753b574f4ec06c6722,.mjs,TEST_OR_GATE,false
scripts/verify-platform-policy-ast-gate.mjs,6289,ad3330ef775f2042a8c80614c5f9d3f6322f8f198351ad46159e2a9a7648f839,.mjs,TEST_OR_GATE,false
scripts/verify-platform-policy-gate.mjs,4665,205fb5ab6bf8d6a216a9d6277a532b77b16f2063339148d23e494f9a849e4231,.mjs,TEST_OR_GATE,false
scripts/verify-platform-policy-runtime.mjs,2672,2b2dabb4059e188e044c2166a2db4a3d3a4a7023a5efd69b8d7bc973cbbab5aa,.mjs,TEST_OR_GATE,false
scripts/verify-policy-conformance-suite-boundary.mjs,10402,0d17f4b9da0dba925718178068c1a65ec6d6c6df3eb3e45b9d05007d2b4b6f6d,.mjs,TEST_OR_GATE,false
scripts/verify-policy-service-availability-boundary.mjs,26940,dd0d0d26cc3d13a74ebd023d5fc0134f8803288449f6d1ee2fd4b314d0c52bbd,.mjs,TEST_OR_GATE,false
scripts/verify-ppk002-family-data-import-policy-local-continuation.mjs,5594,dff162e08fe8a1effbe3cd107ea74d6730ba14e996e41572204f43f9c4ce23e9,.mjs,TEST_OR_GATE,false
scripts/verify-ppk002-timeline-policy-local-continuation.mjs,11468,808b131f8e4e812687dbc457f9e44fcc9f569a80012627cad8c93782c7bdb80e,.mjs,TEST_OR_GATE,false
scripts/verify-ppk025-external-build-assets.mjs,3848,e957129ff5ea0fec1fde0520a74b7ce82e8af51a64aff813d4eacad1227f45eb,.mjs,TEST_OR_GATE,false
scripts/verify-ppk025-license-policy.mjs,4548,98f33da2fe52ebb89cb1c62f93787484543d127d047326252e11520e43ea5ea0,.mjs,TEST_OR_GATE,false
scripts/verify-ppk025-registry-signature-evidence.mjs,2853,6f9ae4f726bed3a87a1c35ff8efe52f93bacfc1a762ebbe7845feaa329cba7b8,.mjs,EVIDENCE,false
scripts/verify-ppk025-sbom.mjs,3846,5da22f14f33b16c2fb3793cf43518e7ae898f4c48f4f7dfb08455f6c80a72e10,.mjs,TEST_OR_GATE,false
scripts/verify-ppk025-vulnerability-gate.mjs,3902,caf2ad82015ca7cfdf0c6695240d880f5cc14aaa9b30fd683aa34949dcdbdc17,.mjs,TEST_OR_GATE,false
scripts/verify-ppk025-windows-package-signature.ps1,22034,6d64ed079b1ba98572fd1c34fd054f48af6079c63bf682f7465154e498b1fe57,.ps1,TEST_OR_GATE,false
scripts/verify-ppk026-policy-client.mjs,1794,f3c769c6c6f16629cee2aa4684dd1b65d128ce936edc11886eef001ee0d5279f,.mjs,TEST_OR_GATE,false
scripts/verify-privacy-consent-lost-device-control-boundary.mjs,9396,9ff7e8c10d405253657b261111199390a8ad289b1701b210f2cfd1cfe4d9e7b6,.mjs,TEST_OR_GATE,false
scripts/verify-product-brand-identity.mjs,4920,226885f1a0568fe59ac53e52013f7afdd4f17878720650decf97c8eb5b954d47,.mjs,TEST_OR_GATE,false
scripts/verify-product-surface-governance.mjs,651,7c961548ac1faab18851df6bcfd9eced178140171415cafc1ad1031906db3570,.mjs,TEST_OR_GATE,false
scripts/verify-production-clean-data-gate.mjs,2264,616db34d8f5cfe506504a2fae2dba53315096862b6bb20c8bd6907367c10a92c,.mjs,TEST_OR_GATE,false
scripts/verify-project-artifact-index-v2.mjs,3666,c4b3004d09b24e7b43f0cc923c6ab642010e5c53451cf67528a4905ecd4546b5,.mjs,TEST_OR_GATE,false
scripts/verify-project-provenance-gate.mjs,2476,db9a31b92747e624c6723682c412146f5b2728d6f6d1cd2b4aaffcce5f53defc,.mjs,TEST_OR_GATE,false
scripts/verify-release-channel-worktrees.mjs,5056,d678ac8526576da714a26577e7c91f4245a7db9ddb359284f849767ffa2265b9,.mjs,TEST_OR_GATE,false
scripts/verify-release-freeze.mjs,2351,0b6ce1754b7cbf3ac8359bdbda2338d50a378a6f7ed6d16ac3b193fcb6281bf3,.mjs,TEST_OR_GATE,false
scripts/verify-remaining-package-local-foundation.mjs,21466,a7aa60e2d88150926a6bfde40626959f324201d6caab3bf3e3dbf92ec5487e40,.mjs,TEST_OR_GATE,false
scripts/verify-renderer-session-security-contract.mjs,7627,d059653bceec9ebd884fb033b39f11eafaee25e98331ebe0dc7eb8001e003d21,.mjs,TEST_OR_GATE,false
scripts/verify-repository-outbox.mjs,2815,226008bae9d3022075116894f6b8a70a84d8131db87c734da99ea23c5f3cd2b4,.mjs,TEST_OR_GATE,false
scripts/verify-repository.mjs,1407,6557427991aa4edbfad5f5e05724b0d9200b363b6a83fb543631fd470d8afaee,.mjs,TEST_OR_GATE,false
scripts/verify-runtime-foundation.mjs,8950,c9e3a4a54fbfbb19d4de3771b26dc459ed111f57dfb890a0eed120b482db3b5b,.mjs,TEST_OR_GATE,false
scripts/verify-sensitive-data-consent-boundary.mjs,10106,bfbed649ae1fcba8d66d45f0800b84a6c4ca882e454c40d2f8a7b06d48594ece,.mjs,TEST_OR_GATE,false
scripts/verify-sensitive-log-boundary.mjs,7186,f1fccc44b652d1c8b7ad1903c50e6d2205d888885f830268ab8783d94fc76cd6,.mjs,TEST_OR_GATE,false
scripts/verify-software-supply-chain-boundary.mjs,9442,67da619e78f5aae06e3da35148481541926104819eb394d52d4c8b51316dcd42,.mjs,TEST_OR_GATE,false
scripts/verify-source-archive-reproducibility.mjs,3089,22e104084b7d7b2152f155320784b754ab3895a85a779508e45a0c199344c310,.mjs,TEST_OR_GATE,false
scripts/verify-source-archive.mjs,3217,45b38ae505cba553c6d1316537e05f956525a3d5f4b8ea00497585cf166789fa,.mjs,TEST_OR_GATE,false
scripts/verify-source-deletion-propagation-boundary.mjs,24137,4e04801f77e10c312fb7f8b3f9b1be402cf5955026c6a12d0c9306520e93680a,.mjs,TEST_OR_GATE,false
scripts/verify-source-integrity.mjs,3860,dcbaef5319feabdec37c4c362723180aea19ae4c03667af505f5a45eb9ba957e,.mjs,TEST_OR_GATE,false
scripts/verify-step-checkpoint-gate.mjs,2936,e2618f7f49ba433f21e430f57f7ccc1ecfe0a6ee1b877b994a85746899408119,.mjs,TEST_OR_GATE,false
scripts/verify-system-health-core-service-ipc-contract.mjs,2805,58f322f93616ba8022fb8a1d6242ca51bb1a5fea7f488fd0c51fe8aea0529bd1,.mjs,TEST_OR_GATE,false
scripts/verify-system-health-core-service-ipc-runtime-wrapper.mjs,414,d92abacc7b0df778996c6905fd9ddd9ce4faa4017c28e3dbdf9b1902bf1d5346,.mjs,TEST_OR_GATE,false
scripts/verify-system-health-core-service-ipc-runtime.mjs,3293,cf8e4dbcc4a6e6830f03d401dc00cdf4c9f14630e97d3dd04206052de564efc6,.mjs,TEST_OR_GATE,false
scripts/verify-task-use-cases.mjs,3873,faebe45c88193adb17ad3cf85dfb0f0c5ccd29bffda09833ebfd950dffc3eec5,.mjs,TEST_OR_GATE,false
scripts/verify-timeline-use-cases.mjs,11842,ab4399b9c388815c9e30c496cd204fa4ce2b359c13d9d47c8331fc449926a026,.mjs,TEST_OR_GATE,false
scripts/verify-transactional-atomicity.mjs,5019,e22daec5b4b99c0e056b961b4afe60a4823464fae3d1a98bbc251fa1b86ac98e,.mjs,TEST_OR_GATE,false
scripts/verify-typed-policy-sdk-boundary.mjs,15458,623646c921cc4e28c7ee881ccff1ede789b19a642943e228b5f3923e68fa2f05,.mjs,TEST_OR_GATE,false
scripts/verify-universal-rule-enforcement.mjs,3264,1e320b90c13cc6b14f3c8b111e9b658b190d4f2b6f1f0b923d3c52282511af5b,.mjs,TEST_OR_GATE,false
scripts/verify-user-decision-ledger.mjs,2298,129e3e59724674a7c72fdec1117e577edaf5bacd32c4c2f90633a88036250c3d,.mjs,TEST_OR_GATE,false
scripts/verify-user-visible-release-display-policy.mjs,2327,10a7e0e80f16317caca8e0b4301ca49d2e99e25c55acaece4cd462965a09c072,.mjs,TEST_OR_GATE,false
scripts/verify-version-sequence.mjs,3822,488a894c2bc573e32975d76cb5fb1c8663469d1282c3ea5226e5c3b68c4f1517,.mjs,TEST_OR_GATE,false
scripts/verify-versioned-core-service-api-boundary.mjs,5749,61b712439bb76bc0d29995f5b7824e5c8ce02914d58341d1094932eb364d9885,.mjs,TEST_OR_GATE,false
scripts/verify-windows-installer-retention-policy.mjs,1496,b72051e3674bd296b70b3f6cdafc1d7780774537ad95640d46b5a9c7a47e8d8f,.mjs,TEST_OR_GATE,false
scripts/verify-windows-package-provenance.mjs,2324,5cd6aa41c38eab779d276b3ecb570c975d6c98ac34ceeeeb2baed4a700b646f0,.mjs,TEST_OR_GATE,false
scripts/verify-windows-packager-split.mjs,4439,559d51ea12089e3dce990fb6a3981973796d33fc731ba71e48b898463d3ed5d5,.mjs,TEST_OR_GATE,false
scripts/verify-workspace-dependencies.mjs,8480,1d8ba89b5935d376d6d9a0efe0c519471f985732d02fc020a733438c83718c1a,.mjs,TEST_OR_GATE,false
scripts/verify-workspace-import-dependencies.mjs,2800,c91a7ca0c4ab8eea8106340933ddc61bcc4dc1600a0f78b1dbb82409e8781114,.mjs,TEST_OR_GATE,false
scripts/verify-workspace-path-portability-contract.mjs,4166,2caeb0b9c4957135e53ef4b42eb8f4c7b97dcb91d83ec126a2c3acb328f0bcaa,.mjs,TEST_OR_GATE,false
scripts/windows-bronze-security-release-validation-build220.ps1,13062,ffffad9d9aa43708d94727fc3917234f6033c460328d0cee2befd98d71bb7649,.ps1,HISTORICAL,false
scripts/windows-bronze-security-release-validation-build221.ps1,13062,5d26d7c5e9a2358a3d235ffc0b9bf041f7cc7771476edd140e2baedeab471495,.ps1,HISTORICAL,false
scripts/windows-bronze-security-release-validation-build222.ps1,13062,db19519e8bb97d68b30143e2d7178256a723c4b66859c05ba02666009970bc6a,.ps1,HISTORICAL,false
scripts/windows-bronze-security-release-validation-build223.ps1,13062,c1cbb52b5e06a4774d733f204138882e05c272b4d5fc943753635e55ec28248e,.ps1,HISTORICAL,false
scripts/windows-bronze-security-release-validation-build224.ps1,13062,089e58d3dbb486cd0680f483fc95bf543f1cc699167837b29cc0aefd8823f523,.ps1,HISTORICAL,false
scripts/windows-bronze-security-release-validation-build225.ps1,13656,bea8ab9d04ae83d5da75da78582ade13dc5dd529b8d4d948e21c2e5153f4460a,.ps1,HISTORICAL,false
scripts/windows-bronze-security-release-validation-build226.ps1,13656,3a8f99e4b97571578fa8d96a5251b3219a8badfefeec6f1274d07c40ac5edadf,.ps1,HISTORICAL,false
scripts/windows-bronze-security-release-validation-build227.ps1,18272,b91ffba170a8882d7ca58a820a8daed5597916de296348b19cc68aa9a8be60d0,.ps1,HISTORICAL,false
scripts/windows-bronze-security-release-validation.ps1,12276,46beffb36273952a68ddc3ed498b2c87b288e7a5cebedfb1ac4d6d4e210ca8d0,.ps1,TEST_OR_GATE,false
scripts/windows-open021-launch-test.mjs,10480,54d5ded298f106714e1ce2b197774b9772e638cc9d106e497ef818305d1d4715,.mjs,TEST_OR_GATE,false
scripts/windows-open021-release-validation.ps1,7554,31c0ead68afa7b17018fc726426bad4d9361baa3eb67854fa9b837745c11dcb0,.ps1,TEST_OR_GATE,false
scripts/windows-open022-launch-test.mjs,12202,d34efc24523f37da2c2e367a8ba6507fc0421d4577f5e3e995ed620107692bfc,.mjs,TEST_OR_GATE,false
scripts/windows-open022-release-validation.ps1,7554,335abd7c87522da20b9e3d8f4c900ece086be78917b94cfed8d5121766cfa051,.ps1,TEST_OR_GATE,false
scripts/windows-real-launch-test.mjs,15544,60f42d1cf3cdb08e4deb679f5566f82752aafbc19157b9c9226f28a1f2f34f97,.mjs,TEST_OR_GATE,false
scripts/windows-real-launch-test.ps1,311,1e1f1c56e5c214e57b1cbddfba841597de7dfb121d9e15c9a0a804c3b1c0410a,.ps1,TEST_OR_GATE,false
scripts/windows-release-validation.ps1,8637,9dc84b4141dc3fc107986cd8f28e3de2949646fbec3f7b7e8e389b000318e16c,.ps1,TEST_OR_GATE,false
SECURITY.md,11918,ca8ebee1988a0124392b019ea7d27724d9fae01672ae41cd067ea94547c7e56c,.md,ACTIVE_REFERENCE,true
SHA256SUMS.txt,,SELF_GENERATED_AFTER_INVENTORY,.txt,GENERATED,true
START_HERE_TR.md,695,015c1024ec6b909181972151273b30babc1f898c9b96c6f2c15d71d7da5a582d,.md,ACTIVE_REFERENCE,true
tests/smoke/electron-stub.d.ts,2154,6f472d44352639e75c5296d1e4ce5ebae2ad52b537ebfec427aa88baac87790f,.ts,SOURCE_CODE,false
tests/smoke/tsconfig.30-l-windows-hello-desktop.json,543,b1f2dc059ee5e2cf822951e6aab0bf724cf664eeee5eedb367398cbc571f3cce,.json,ACTIVE_REFERENCE,true
tests/smoke/tsconfig.data-store.json,386,b26b69bc0addeb45670a2081a0a02c3ce6cf4ba7d336fbf83526219250bb2f10,.json,ACTIVE_REFERENCE,true
tests/smoke/tsconfig.electron-main.json,393,08f6c2c26c9ecc33a18c4dbf10725877772be7b94405e60234a6a1d184845b5d,.json,ACTIVE_REFERENCE,true
tests/smoke/tsconfig.runtime-foundation.json,544,800d25d89a487fdbd5cc9bb60a7d9def22f132b0b3689f21e81109283220679f,.json,ACTIVE_REFERENCE,true
tools/electron-builder-squirrel-windows-stub/index.cjs,143,19bff871c2acf895f27bdb28e5dc976a192e8e6fccdee023b2f655fb738f7ceb,.cjs,SOURCE_CODE,false
tools/electron-builder-squirrel-windows-stub/package.json,252,52031f120f139bd59dbce1c96cc70d92ab526dcd0dd6a6f3fa3e2582c0b7c058,.json,ACTIVE_REFERENCE,true
tools/gold-aktivasyon-yoneticisi/arayuz/index.html,4164,8b220db65a36fb5399bb84356a7dc61a2943b20da1ea802dc1c0bccef455180b,.html,ACTIVE_REFERENCE,true
tools/gold-aktivasyon-yoneticisi/arayuz/stiller.css,6466,4862ed97b4a104a525dc18a8e24ba480542591f5f12dccff7b9715fafe9e1fab,.css,SOURCE_CODE,false
tools/gold-aktivasyon-yoneticisi/arayuz/uygulama.js,3963,52835f3ab7429ad5b8c06b24422363cf521ac688855551c52150afc1f2e67cb4,.js,SOURCE_CODE,false
tools/gold-aktivasyon-yoneticisi/KULLANIM.md,1406,dfdb6966a3b006db51ec3e90d44368c883845e49459b7de5c41b2bcbb9911a15,.md,ACTIVE_REFERENCE,true
tools/gold-aktivasyon-yoneticisi/on-yukleyici.cjs,586,c90d5493dcecc635b8ce8d79deae2045d45d1d9438e36c0ce0f9ad4f91903f76,.cjs,SOURCE_CODE,false
tools/gold-aktivasyon-yoneticisi/package.json,336,4fbd9e2ef0c7a165fc883cc2d1307a014c94a16ff284f8b5fe106e3f9ba75c23,.json,ACTIVE_REFERENCE,true
tools/gold-aktivasyon-yoneticisi/uygulama.mjs,16586,1a475ba3b9e0793e21e7b2c07e523af5e30d7f351d42276404d3f4e8aec84592,.mjs,SOURCE_CODE,false
tools/gold-aktivasyon-yoneticisi/yonetici.mjs,5519,3bcf695e2dee06e63cf43222352f0d570469820187d95df6c553777c476614e0,.mjs,SOURCE_CODE,false
tools/npm-dependency-acquisition/ACCEPTANCE_TR.md,794,16e7df608b5292c13eaf91ebad87d4e23402a0dcd20c374d32efaa9f3f9d225e,.md,ACTIVE_REFERENCE,true
tools/npm-dependency-acquisition/README_TR.md,1376,9c3b2979c11c14f886d5c60bf6e30efc9100f440bebf2d9c5319404cf0e2beb3,.md,ACTIVE_REFERENCE,true
tools/windows-packager/package-lock.json,108943,4e33e3e49211f93ef47827d2a0b63c34f05c6cbb6015b270663c223155d878d6,.json,ACTIVE_REFERENCE,true
tools/windows-packager/package.json,481,8cbf02a249bdec21a66d656c35c4e606f6bdfa30b34d9b0f35a9fcacc4f0b731,.json,ACTIVE_REFERENCE,true
tsconfig.base.json,395,b86c3dfa0ff1b8274281595acac3bd8f59b097ce2813dda66aca88d8b19cd7ef,.json,ACTIVE_REFERENCE,true
tsconfig.json,2214,011f9587144b2fa7ed46e9c005bac928044412a9d1ef73e6e7acd8632fd1dea7,.json,ACTIVE_REFERENCE,true
tsconfig.packages.json,1481,4531d5bc9ed90e4821f75a1e8664a26c447871bc16b2c090e9e3fe4b798dd008,.json,ACTIVE_REFERENCE,true
VERIFICATION_REPORT.md,934,5b4af51623139fc3056fa44182912f8db8c0333e720779c5fb8ae72d4c521e51,.md,ACTIVE_REFERENCE,true
vitest.config.ts,2665,c3d1666b9c551a807ca0fd283c2bc012e1420ae6e03f5bbfde47a22997093d40,.ts,TEST_OR_GATE,false
windows/Dogrula.ps1,248,2d98c36335c40b92248a60e2f53289fcfbd028a6f6e45947b37ac2a298a2ae1c,.ps1,SOURCE_CODE,false
windows/Gelistirme_Baslat.ps1,56,4266da8c32d3c25a94ff718c6bbf9e324dfee5269d8601aaded4c2f2c24f2e30,.ps1,SOURCE_CODE,false
windows/Kurulum_Paketi_Olustur.ps1,723,f6e397b0897a831bd07104a9d7e8392f44329269043a062c81804809c4b30e75,.ps1,SOURCE_CODE,false
